# Generated from the ORV RViz COLLADA asset; units: metres
v -0.043989738 -0.00805 -0.00095025789
v -0.043989738 -0.00805 0.00095025789
v -0.043989738 -0.0069 -0.00095025789
v -0.043989738 -0.0069 0.00095025789
v -0.043989738 -0.0045 -0.00095025789
v -0.043989738 -0.0045 0.00095025789
v -0.043989738 -0.00335 -0.00095025789
v -0.043989738 -0.00335 0.00095025789
v -0.043989738 0.00335 -0.00095025789
v -0.043989738 0.00335 0.00095025789
v -0.043989738 0.0045 -0.00095025789
v -0.043989738 0.0045 0.00095025789
v -0.043989738 0.0069 -0.00095025789
v -0.043989738 0.0069 0.00095025789
v -0.043989738 0.00805 -0.00095025789
v -0.043989738 0.00805 0.00095025789
v -0.04394988 -0.006275 -0.0020995342
v -0.04394988 -0.006275 0.0020995342
v -0.04394988 -0.005125 -0.0020995342
v -0.04394988 -0.005125 0.0020995342
v -0.04394988 0.005125 -0.0020995342
v -0.04394988 0.005125 0.0020995342
v -0.04394988 0.006275 -0.0020995342
v -0.04394988 0.006275 0.0020995342
v -0.04394404 -0.01375 0.0022184172
v -0.04394404 -0.011975 -0.0022184172
v -0.04394404 -0.011975 0.0022184172
v -0.04394404 -0.010825 -0.0022184172
v -0.04394404 -0.010825 0.0022184172
v -0.04394404 -0.00905 0.0022184172
v -0.04394404 -0.00235 0.0022184172
v -0.04394404 -0.000575 -0.0022184172
v -0.04394404 -0.000575 0.0022184172
v -0.04394404 0.000575 -0.0022184172
v -0.04394404 0.000575 0.0022184172
v -0.04394404 0.00235 0.0022184172
v -0.04394404 0.00905 0.0022184172
v -0.04394404 0.010825 -0.0022184172
v -0.04394404 0.010825 0.0022184172
v -0.04394404 0.011975 -0.0022184172
v -0.04394404 0.011975 0.0022184172
v -0.04394404 0.01375 0.0022184172
v -0.043871057 -0.01375 -0.0033660661
v -0.043871057 -0.01375 0.0033660661
v -0.043871057 -0.0126 -0.0033660661
v -0.043871057 -0.0126 0.0033660661
v -0.043871057 -0.0102 -0.0033660661
v -0.043871057 -0.0102 0.0033660661
v -0.043871057 -0.00905 -0.0033660661
v -0.043871057 -0.00905 0.0033660661
v -0.043871057 -0.00235 -0.0033660661
v -0.043871057 -0.00235 0.0033660661
v -0.043871057 -0.0012 -0.0033660661
v -0.043871057 -0.0012 0.0033660661
v -0.043871057 0.0012 -0.0033660661
v -0.043871057 0.0012 0.0033660661
v -0.043871057 0.00235 -0.0033660661
v -0.043871057 0.00235 0.0033660661
v -0.043871057 0.00905 -0.0033660661
v -0.043871057 0.00905 0.0033660661
v -0.043871057 0.0102 -0.0033660661
v -0.043871057 0.0102 0.0033660661
v -0.043871057 0.0126 -0.0033660661
v -0.043871057 0.0126 0.0033660661
v -0.043871057 0.01375 -0.0033660661
v -0.043871057 0.01375 0.0033660661
v -0.043684773 -0.01375 -0.0052574304
v -0.043684773 -0.01375 0.0052574304
v -0.043684773 -0.0126 -0.0052574304
v -0.043684773 -0.0126 0.0052574304
v -0.043684773 -0.0102 -0.0052574304
v -0.043684773 -0.0102 0.0052574304
v -0.043684773 -0.00905 -0.0052574304
v -0.043684773 -0.00905 0.0052574304
v -0.043684773 -0.00235 -0.0052574304
v -0.043684773 -0.00235 0.0052574304
v -0.043684773 -0.0012 -0.0052574304
v -0.043684773 -0.0012 0.0052574304
v -0.043684773 0.0012 -0.0052574304
v -0.043684773 0.0012 0.0052574304
v -0.043684773 0.00235 -0.0052574304
v -0.043684773 0.00235 0.0052574304
v -0.043684773 0.00905 -0.0052574304
v -0.043684773 0.00905 0.0052574304
v -0.043684773 0.0102 -0.0052574304
v -0.043684773 0.0102 0.0052574304
v -0.043684773 0.0126 -0.0052574304
v -0.043684773 0.0126 0.0052574304
v -0.043684773 0.01375 -0.0052574304
v -0.043684773 0.01375 0.0052574304
v -0.043532459 -0.01375 0.006397266
v -0.043532459 -0.011975 -0.006397266
v -0.043532459 -0.011975 0.006397266
v -0.043532459 -0.010825 -0.006397266
v -0.043532459 -0.010825 0.006397266
v -0.043532459 -0.00905 0.006397266
v -0.043532459 -0.00235 0.006397266
v -0.043532459 -0.000575 -0.006397266
v -0.043532459 -0.000575 0.006397266
v -0.043532459 0.000575 -0.006397266
v -0.043532459 0.000575 0.006397266
v -0.043532459 0.00235 0.006397266
v -0.043532459 0.00905 0.006397266
v -0.043532459 0.010825 -0.006397266
v -0.043532459 0.010825 0.006397266
v -0.043532459 0.011975 -0.006397266
v -0.043532459 0.011975 0.006397266
v -0.043532459 0.01375 0.006397266
v -0.043514994 -0.00805 -0.006515004
v -0.043514994 -0.00805 0.006515004
v -0.043514994 -0.006275 -0.006515004
v -0.043514994 -0.006275 0.006515004
v -0.043514994 -0.005125 -0.006515004
v -0.043514994 -0.005125 0.006515004
v -0.043514994 -0.00335 -0.006515004
v -0.043514994 -0.00335 0.006515004
v -0.043514994 0.00335 -0.006515004
v -0.043514994 0.00335 0.006515004
v -0.043514994 0.005125 -0.006515004
v -0.043514994 0.005125 0.006515004
v -0.043514994 0.006275 -0.006515004
v -0.043514994 0.006275 0.006515004
v -0.043514994 0.00805 -0.006515004
v -0.043514994 0.00805 0.006515004
v -0.043329873 -0.00805 -0.0076499731
v -0.043329873 -0.00805 0.0076499731
v -0.043329873 -0.0069 -0.0076499731
v -0.043329873 -0.0069 0.0076499731
v -0.043329873 -0.0045 -0.0076499731
v -0.043329873 -0.0045 0.0076499731
v -0.043329873 -0.00335 -0.0076499731
v -0.043329873 -0.00335 0.0076499731
v -0.043329873 0.00335 -0.0076499731
v -0.043329873 0.00335 0.0076499731
v -0.043329873 0.0045 -0.0076499731
v -0.043329873 0.0045 0.0076499731
v -0.043329873 0.0069 -0.0076499731
v -0.043329873 0.0069 0.0076499731
v -0.043329873 0.00805 -0.0076499731
v -0.043329873 0.00805 0.0076499731
v -0.042959101 -0.00805 -0.009513971
v -0.042959101 -0.00805 0.009513971
v -0.042959101 -0.0069 -0.009513971
v -0.042959101 -0.0069 0.009513971
v -0.042959101 -0.0045 -0.009513971
v -0.042959101 -0.0045 0.009513971
v -0.042959101 -0.00335 -0.009513971
v -0.042959101 -0.00335 0.009513971
v -0.042959101 0.00335 -0.009513971
v -0.042959101 0.00335 0.009513971
v -0.042959101 0.0045 -0.009513971
v -0.042959101 0.0045 0.009513971
v -0.042959101 0.0069 -0.009513971
v -0.042959101 0.0069 0.009513971
v -0.042959101 0.00805 -0.009513971
v -0.042959101 0.00805 0.009513971
v -0.042695797 -0.00805 -0.010633389
v -0.042695797 -0.00805 0.010633389
v -0.042695797 -0.006275 -0.010633389
v -0.042695797 -0.006275 0.010633389
v -0.042695797 -0.005125 -0.010633389
v -0.042695797 -0.005125 0.010633389
v -0.042695797 -0.00335 -0.010633389
v -0.042695797 -0.00335 0.010633389
v -0.042695797 0.00335 -0.010633389
v -0.042695797 0.00335 0.010633389
v -0.042695797 0.005125 -0.010633389
v -0.042695797 0.005125 0.010633389
v -0.042695797 0.006275 -0.010633389
v -0.042695797 0.006275 0.010633389
v -0.042695797 0.00805 -0.010633389
v -0.042695797 0.00805 0.010633389
v -0.042666876 -0.01375 -0.010748848
v -0.042666876 -0.011975 -0.010748848
v -0.042666876 -0.011975 0.010748848
v -0.042666876 -0.010825 -0.010748848
v -0.042666876 -0.010825 0.010748848
v -0.042666876 -0.00905 -0.010748848
v -0.042666876 -0.00235 -0.010748848
v -0.042666876 -0.000575 -0.010748848
v -0.042666876 -0.000575 0.010748848
v -0.042666876 0.000575 -0.010748848
v -0.042666876 0.000575 0.010748848
v -0.042666876 0.00235 -0.010748848
v -0.042666876 0.00905 -0.010748848
v -0.042666876 0.010825 -0.010748848
v -0.042666876 0.010825 0.010748848
v -0.042666876 0.011975 -0.010748848
v -0.042666876 0.011975 0.010748848
v -0.042666876 0.01375 -0.010748848
v -0.0423714 -0.01375 -0.011860207
v -0.0423714 -0.01375 0.011860207
v -0.0423714 -0.0126 -0.011860207
v -0.0423714 -0.0126 0.011860207
v -0.0423714 -0.0102 -0.011860207
v -0.0423714 -0.0102 0.011860207
v -0.0423714 -0.00905 -0.011860207
v -0.0423714 -0.00905 0.011860207
v -0.0423714 -0.00235 -0.011860207
v -0.0423714 -0.00235 0.011860207
v -0.0423714 -0.0012 -0.011860207
v -0.0423714 -0.0012 0.011860207
v -0.0423714 0.0012 -0.011860207
v -0.0423714 0.0012 0.011860207
v -0.0423714 0.00235 -0.011860207
v -0.0423714 0.00235 0.011860207
v -0.0423714 0.00905 -0.011860207
v -0.0423714 0.00905 0.011860207
v -0.0423714 0.0102 -0.011860207
v -0.0423714 0.0102 0.011860207
v -0.0423714 0.0126 -0.011860207
v -0.0423714 0.0126 0.011860207
v -0.0423714 0.01375 -0.011860207
v -0.0423714 0.01375 0.011860207
v -0.042190157 -0.00805 -0.00091138371
v -0.042190157 -0.00805 0.00091138371
v -0.042190157 -0.0069 -0.00091138371
v -0.042190157 -0.0069 0.00091138371
v -0.042190157 -0.0045 -0.00091138371
v -0.042190157 -0.0045 0.00091138371
v -0.042190157 -0.00335 -0.00091138371
v -0.042190157 -0.00335 0.00091138371
v -0.042190157 0.00335 -0.00091138371
v -0.042190157 0.00335 0.00091138371
v -0.042190157 0.0045 -0.00091138371
v -0.042190157 0.0045 0.00091138371
v -0.042190157 0.0069 -0.00091138371
v -0.042190157 0.0069 0.00091138371
v -0.042190157 0.00805 -0.00091138371
v -0.042190157 0.00805 0.00091138371
v -0.04215193 -0.006275 -0.0020136442
v -0.04215193 -0.006275 0.0020136442
v -0.04215193 -0.005125 -0.0020136442
v -0.04215193 -0.005125 0.0020136442
v -0.04215193 0.005125 -0.0020136442
v -0.04215193 0.005125 0.0020136442
v -0.04215193 0.006275 -0.0020136442
v -0.04215193 0.006275 0.0020136442
v -0.042146329 -0.01375 0.0021276637
v -0.042146329 -0.011975 -0.0021276637
v -0.042146329 -0.011975 0.0021276637
v -0.042146329 -0.010825 -0.0021276637
v -0.042146329 -0.010825 0.0021276637
v -0.042146329 -0.00905 0.0021276637
v -0.042146329 -0.00235 0.0021276637
v -0.042146329 -0.000575 -0.0021276637
v -0.042146329 -0.000575 0.0021276637
v -0.042146329 0.000575 -0.0021276637
v -0.042146329 0.000575 0.0021276637
v -0.042146329 0.00235 0.0021276637
v -0.042146329 0.00905 0.0021276637
v -0.042146329 0.010825 -0.0021276637
v -0.042146329 0.010825 0.0021276637
v -0.042146329 0.011975 -0.0021276637
v -0.042146329 0.011975 0.0021276637
v -0.042146329 0.01375 0.0021276637
v -0.042076331 -0.01375 -0.0032283634
v -0.042076331 -0.01375 0.0032283634
v -0.042076331 -0.0126 -0.0032283634
v -0.042076331 -0.0126 0.0032283634
v -0.042076331 -0.0102 -0.0032283634
v -0.042076331 -0.0102 0.0032283634
v -0.042076331 -0.00905 -0.0032283634
v -0.042076331 -0.00905 0.0032283634
v -0.042076331 -0.00235 -0.0032283634
v -0.042076331 -0.00235 0.0032283634
v -0.042076331 -0.0012 -0.0032283634
v -0.042076331 -0.0012 0.0032283634
v -0.042076331 0.0012 -0.0032283634
v -0.042076331 0.0012 0.0032283634
v -0.042076331 0.00235 -0.0032283634
v -0.042076331 0.00235 0.0032283634
v -0.042076331 0.00905 -0.0032283634
v -0.042076331 0.00905 0.0032283634
v -0.042076331 0.0102 -0.0032283634
v -0.042076331 0.0102 0.0032283634
v -0.042076331 0.0126 -0.0032283634
v -0.042076331 0.0126 0.0032283634
v -0.042076331 0.01375 -0.0032283634
v -0.042076331 0.01375 0.0032283634
v -0.041897669 -0.01375 -0.0050423537
v -0.041897669 -0.01375 0.0050423537
v -0.041897669 -0.0126 -0.0050423537
v -0.041897669 -0.0126 0.0050423537
v -0.041897669 -0.0102 -0.0050423537
v -0.041897669 -0.0102 0.0050423537
v -0.041897669 -0.00905 -0.0050423537
v -0.041897669 -0.00905 0.0050423537
v -0.041897669 -0.00235 -0.0050423537
v -0.041897669 -0.00235 0.0050423537
v -0.041897669 -0.0012 -0.0050423537
v -0.041897669 -0.0012 0.0050423537
v -0.041897669 0.0012 -0.0050423537
v -0.041897669 0.0012 0.0050423537
v -0.041897669 0.00235 -0.0050423537
v -0.041897669 0.00235 0.0050423537
v -0.041897669 0.00905 -0.0050423537
v -0.041897669 0.00905 0.0050423537
v -0.041897669 0.0102 -0.0050423537
v -0.041897669 0.0102 0.0050423537
v -0.041897669 0.0126 -0.0050423537
v -0.041897669 0.0126 0.0050423537
v -0.041897669 0.01375 -0.0050423537
v -0.041897669 0.01375 0.0050423537
v -0.041819709 -0.01375 -0.013678887
v -0.041819709 -0.01375 0.013678887
v -0.041819709 -0.0126 -0.013678887
v -0.041819709 -0.0126 0.013678887
v -0.041819709 -0.0102 -0.013678887
v -0.041819709 -0.0102 0.013678887
v -0.041819709 -0.00905 -0.013678887
v -0.041819709 -0.00905 0.013678887
v -0.041819709 -0.00235 -0.013678887
v -0.041819709 -0.00235 0.013678887
v -0.041819709 -0.0012 -0.013678887
v -0.041819709 -0.0012 0.013678887
v -0.041819709 0.0012 -0.013678887
v -0.041819709 0.0012 0.013678887
v -0.041819709 0.00235 -0.013678887
v -0.041819709 0.00235 0.013678887
v -0.041819709 0.00905 -0.013678887
v -0.041819709 0.00905 0.013678887
v -0.041819709 0.0102 -0.013678887
v -0.041819709 0.0102 0.013678887
v -0.041819709 0.0126 -0.013678887
v -0.041819709 0.0126 0.013678887
v -0.041819709 0.01375 -0.013678887
v -0.041819709 0.01375 0.013678887
v -0.041751586 -0.01375 0.0061355596
v -0.041751586 -0.011975 -0.0061355596
v -0.041751586 -0.011975 0.0061355596
v -0.041751586 -0.010825 -0.0061355596
v -0.041751586 -0.010825 0.0061355596
v -0.041751586 -0.00905 0.0061355596
v -0.041751586 -0.00235 0.0061355596
v -0.041751586 -0.000575 -0.0061355596
v -0.041751586 -0.000575 0.0061355596
v -0.041751586 0.000575 -0.0061355596
v -0.041751586 0.000575 0.0061355596
v -0.041751586 0.00235 0.0061355596
v -0.041751586 0.00905 0.0061355596
v -0.041751586 0.010825 -0.0061355596
v -0.041751586 0.010825 0.0061355596
v -0.041751586 0.011975 -0.0061355596
v -0.041751586 0.011975 0.0061355596
v -0.041751586 0.01375 0.0061355596
v -0.041734835 -0.00805 -0.0062484811
v -0.041734835 -0.00805 0.0062484811
v -0.041734835 -0.006275 -0.0062484811
v -0.041734835 -0.006275 0.0062484811
v -0.041734835 -0.005125 -0.0062484811
v -0.041734835 -0.005125 0.0062484811
v -0.041734835 -0.00335 -0.0062484811
v -0.041734835 -0.00335 0.0062484811
v -0.041734835 0.00335 -0.0062484811
v -0.041734835 0.00335 0.0062484811
v -0.041734835 0.005125 -0.0062484811
v -0.041734835 0.005125 0.0062484811
v -0.041734835 0.006275 -0.0062484811
v -0.041734835 0.006275 0.0062484811
v -0.041734835 0.00805 -0.0062484811
v -0.041734835 0.00805 0.0062484811
v -0.041557287 -0.00805 -0.0073370197
v -0.041557287 -0.00805 0.0073370197
v -0.041557287 -0.0069 -0.0073370197
v -0.041557287 -0.0069 0.0073370197
v -0.041557287 -0.0045 -0.0073370197
v -0.041557287 -0.0045 0.0073370197
v -0.041557287 -0.00335 -0.0073370197
v -0.041557287 -0.00335 0.0073370197
v -0.041557287 0.00335 -0.0073370197
v -0.041557287 0.00335 0.0073370197
v -0.041557287 0.0045 -0.0073370197
v -0.041557287 0.0045 0.0073370197
v -0.041557287 0.0069 -0.0073370197
v -0.041557287 0.0069 0.0073370197
v -0.041557287 0.00805 -0.0073370197
v -0.041557287 0.00805 0.0073370197
v -0.04144795 -0.01375 -0.014767106
v -0.04144795 -0.011975 -0.014767106
v -0.04144795 -0.011975 0.014767106
v -0.04144795 -0.010825 -0.014767106
v -0.04144795 -0.010825 0.014767106
v -0.04144795 -0.00905 -0.014767106
v -0.04144795 -0.00235 -0.014767106
v -0.04144795 -0.000575 -0.014767106
v -0.04144795 -0.000575 0.014767106
v -0.04144795 0.000575 -0.014767106
v -0.04144795 0.000575 0.014767106
v -0.04144795 0.00235 -0.014767106
v -0.04144795 0.00905 -0.014767106
v -0.04144795 0.010825 -0.014767106
v -0.04144795 0.010825 0.014767106
v -0.04144795 0.011975 -0.014767106
v -0.04144795 0.011975 0.014767106
v -0.04144795 0.01375 -0.014767106
v -0.041407852 -0.006275 -0.014879174
v -0.041407852 -0.006275 0.014879174
v -0.041407852 -0.005125 -0.014879174
v -0.041407852 -0.005125 0.014879174
v -0.041407852 0.005125 -0.014879174
v -0.041407852 0.005125 0.014879174
v -0.041407852 0.006275 -0.014879174
v -0.041407852 0.006275 0.014879174
v -0.041201683 -0.00805 -0.0091247631
v -0.041201683 -0.00805 0.0091247631
v -0.041201683 -0.0069 -0.0091247631
v -0.041201683 -0.0069 0.0091247631
v -0.041201683 -0.0045 -0.0091247631
v -0.041201683 -0.0045 0.0091247631
v -0.041201683 -0.00335 -0.0091247631
v -0.041201683 -0.00335 0.0091247631
v -0.041201683 0.00335 -0.0091247631
v -0.041201683 0.00335 0.0091247631
v -0.041201683 0.0045 -0.0091247631
v -0.041201683 0.0045 0.0091247631
v -0.041201683 0.0069 -0.0091247631
v -0.041201683 0.0069 0.0091247631
v -0.041201683 0.00805 -0.0091247631
v -0.041201683 0.00805 0.0091247631
v -0.041004866 -0.00805 -0.01595622
v -0.041004866 -0.00805 0.01595622
v -0.041004866 -0.0069 -0.01595622
v -0.041004866 -0.0069 0.01595622
v -0.041004866 -0.0045 -0.01595622
v -0.041004866 -0.0045 0.01595622
v -0.041004866 -0.00335 -0.01595622
v -0.041004866 -0.00335 0.01595622
v -0.041004866 0.00335 -0.01595622
v -0.041004866 0.00335 0.01595622
v -0.041004866 0.0045 -0.01595622
v -0.041004866 0.0045 0.01595622
v -0.041004866 0.0069 -0.01595622
v -0.041004866 0.0069 0.01595622
v -0.041004866 0.00805 -0.01595622
v -0.041004866 0.00805 0.01595622
v -0.04094915 -0.00805 -0.010198386
v -0.04094915 -0.00805 0.010198386
v -0.04094915 -0.006275 -0.010198386
v -0.04094915 -0.006275 0.010198386
v -0.04094915 -0.005125 -0.010198386
v -0.04094915 -0.005125 0.010198386
v -0.04094915 -0.00335 -0.010198386
v -0.04094915 -0.00335 0.010198386
v -0.04094915 0.00335 -0.010198386
v -0.04094915 0.00335 0.010198386
v -0.04094915 0.005125 -0.010198386
v -0.04094915 0.005125 0.010198386
v -0.04094915 0.006275 -0.010198386
v -0.04094915 0.006275 0.010198386
v -0.04094915 0.00805 -0.010198386
v -0.04094915 0.00805 0.010198386
v -0.040921412 -0.01375 -0.010309122
v -0.040921412 -0.011975 -0.010309122
v -0.040921412 -0.011975 0.010309122
v -0.040921412 -0.010825 -0.010309122
v -0.040921412 -0.010825 0.010309122
v -0.040921412 -0.00905 -0.010309122
v -0.040921412 -0.00235 -0.010309122
v -0.040921412 -0.000575 -0.010309122
v -0.040921412 -0.000575 0.010309122
v -0.040921412 0.000575 -0.010309122
v -0.040921412 0.000575 0.010309122
v -0.040921412 0.00235 -0.010309122
v -0.040921412 0.00905 -0.010309122
v -0.040921412 0.010825 -0.010309122
v -0.040921412 0.010825 0.010309122
v -0.040921412 0.011975 -0.010309122
v -0.040921412 0.011975 0.010309122
v -0.040921412 0.01375 -0.010309122
v -0.040638024 -0.01375 -0.011375016
v -0.040638024 -0.01375 0.011375016
v -0.040638024 -0.0126 -0.011375016
v -0.040638024 -0.0126 0.011375016
v -0.040638024 -0.0102 -0.011375016
v -0.040638024 -0.0102 0.011375016
v -0.040638024 -0.00905 -0.011375016
v -0.040638024 -0.00905 0.011375016
v -0.040638024 -0.00235 -0.011375016
v -0.040638024 -0.00235 0.011375016
v -0.040638024 -0.0012 -0.011375016
v -0.040638024 -0.0012 0.011375016
v -0.040638024 0.0012 -0.011375016
v -0.040638024 0.0012 0.011375016
v -0.040638024 0.00235 -0.011375016
v -0.040638024 0.00235 0.011375016
v -0.040638024 0.00905 -0.011375016
v -0.040638024 0.00905 0.011375016
v -0.040638024 0.0102 -0.011375016
v -0.040638024 0.0102 0.011375016
v -0.040638024 0.0126 -0.011375016
v -0.040638024 0.0126 0.011375016
v -0.040638024 0.01375 -0.011375016
v -0.040638024 0.01375 0.011375016
v -0.04027757 -0.00805 -0.017712068
v -0.04027757 -0.00805 0.017712068
v -0.04027757 -0.0069 -0.017712068
v -0.04027757 -0.0069 0.017712068
v -0.04027757 -0.0045 -0.017712068
v -0.04027757 -0.0045 0.017712068
v -0.04027757 -0.00335 -0.017712068
v -0.04027757 -0.00335 0.017712068
v -0.04027757 0.00335 -0.017712068
v -0.04027757 0.00335 0.017712068
v -0.04027757 0.0045 -0.017712068
v -0.04027757 0.0045 0.017712068
v -0.04027757 0.0069 -0.017712068
v -0.04027757 0.0069 0.017712068
v -0.04027757 0.00805 -0.017712068
v -0.04027757 0.00805 0.017712068
v -0.040108903 -0.01375 -0.013119296
v -0.040108903 -0.01375 0.013119296
v -0.040108903 -0.0126 -0.013119296
v -0.040108903 -0.0126 0.013119296
v -0.040108903 -0.0102 -0.013119296
v -0.040108903 -0.0102 0.013119296
v -0.040108903 -0.00905 -0.013119296
v -0.040108903 -0.00905 0.013119296
v -0.040108903 -0.00235 -0.013119296
v -0.040108903 -0.00235 0.013119296
v -0.040108903 -0.0012 -0.013119296
v -0.040108903 -0.0012 0.013119296
v -0.040108903 0.0012 -0.013119296
v -0.040108903 0.0012 0.013119296
v -0.040108903 0.00235 -0.013119296
v -0.040108903 0.00235 0.013119296
v -0.040108903 0.00905 -0.013119296
v -0.040108903 0.00905 0.013119296
v -0.040108903 0.0102 -0.013119296
v -0.040108903 0.0102 0.013119296
v -0.040108903 0.0126 -0.013119296
v -0.040108903 0.0126 0.013119296
v -0.040108903 0.01375 -0.013119296
v -0.040108903 0.01375 0.013119296
v -0.039800938 -0.006275 -0.018758608
v -0.039800938 -0.006275 0.018758608
v -0.039800938 -0.005125 -0.018758608
v -0.039800938 -0.005125 0.018758608
v -0.039800938 0.005125 -0.018758608
v -0.039800938 0.005125 0.018758608
v -0.039800938 0.006275 -0.018758608
v -0.039800938 0.006275 0.018758608
v -0.039752352 -0.01375 -0.014162997
v -0.039752352 -0.011975 -0.014162997
v -0.039752352 -0.011975 0.014162997
v -0.039752352 -0.010825 -0.014162997
v -0.039752352 -0.010825 0.014162997
v -0.039752352 -0.00905 -0.014162997
v -0.039752352 -0.00235 -0.014162997
v -0.039752352 -0.000575 -0.014162997
v -0.039752352 -0.000575 0.014162997
v -0.039752352 0.000575 -0.014162997
v -0.039752352 0.000575 0.014162997
v -0.039752352 0.00235 -0.014162997
v -0.039752352 0.00905 -0.014162997
v -0.039752352 0.010825 -0.014162997
v -0.039752352 0.010825 0.014162997
v -0.039752352 0.011975 -0.014162997
v -0.039752352 0.011975 0.014162997
v -0.039752352 0.01375 -0.014162997
v -0.039750047 -0.01375 0.018866206
v -0.039750047 -0.011975 -0.018866206
v -0.039750047 -0.011975 0.018866206
v -0.039750047 -0.010825 -0.018866206
v -0.039750047 -0.010825 0.018866206
v -0.039750047 -0.00905 0.018866206
v -0.039750047 -0.00235 0.018866206
v -0.039750047 -0.000575 -0.018866206
v -0.039750047 -0.000575 0.018866206
v -0.039750047 0.000575 -0.018866206
v -0.039750047 0.000575 0.018866206
v -0.039750047 0.00235 0.018866206
v -0.039750047 0.00905 0.018866206
v -0.039750047 0.010825 -0.018866206
v -0.039750047 0.010825 0.018866206
v -0.039750047 0.011975 -0.018866206
v -0.039750047 0.011975 0.018866206
v -0.039750047 0.01375 0.018866206
v -0.039713894 -0.006275 -0.014270481
v -0.039713894 -0.006275 0.014270481
v -0.039713894 -0.005125 -0.014270481
v -0.039713894 -0.005125 0.014270481
v -0.039713894 0.005125 -0.014270481
v -0.039713894 0.005125 0.014270481
v -0.039713894 0.006275 -0.014270481
v -0.039713894 0.006275 0.014270481
v -0.039327394 -0.00805 -0.015303465
v -0.039327394 -0.00805 0.015303465
v -0.039327394 -0.0069 -0.015303465
v -0.039327394 -0.0069 0.015303465
v -0.039327394 -0.0045 -0.015303465
v -0.039327394 -0.0045 0.015303465
v -0.039327394 -0.00335 -0.015303465
v -0.039327394 -0.00335 0.015303465
v -0.039327394 0.00335 -0.015303465
v -0.039327394 0.00335 0.015303465
v -0.039327394 0.0045 -0.015303465
v -0.039327394 0.0045 0.015303465
v -0.039327394 0.0069 -0.015303465
v -0.039327394 0.0069 0.015303465
v -0.039327394 0.00805 -0.015303465
v -0.039327394 0.00805 0.015303465
v -0.039243433 -0.01375 -0.019898566
v -0.039243433 -0.01375 0.019898566
v -0.039243433 -0.0126 -0.019898566
v -0.039243433 -0.0126 0.019898566
v -0.039243433 -0.0102 -0.019898566
v -0.039243433 -0.0102 0.019898566
v -0.039243433 -0.00905 -0.019898566
v -0.039243433 -0.00905 0.019898566
v -0.039243433 -0.00235 -0.019898566
v -0.039243433 -0.00235 0.019898566
v -0.039243433 -0.0012 -0.019898566
v -0.039243433 -0.0012 0.019898566
v -0.039243433 0.0012 -0.019898566
v -0.039243433 0.0012 0.019898566
v -0.039243433 0.00235 -0.019898566
v -0.039243433 0.00235 0.019898566
v -0.039243433 0.00905 -0.019898566
v -0.039243433 0.00905 0.019898566
v -0.039243433 0.0102 -0.019898566
v -0.039243433 0.0102 0.019898566
v -0.039243433 0.0126 -0.019898566
v -0.039243433 0.0126 0.019898566
v -0.039243433 0.01375 -0.019898566
v -0.039243433 0.01375 0.019898566
v -0.038629851 -0.00805 -0.016987483
v -0.038629851 -0.00805 0.016987483
v -0.038629851 -0.0069 -0.016987483
v -0.038629851 -0.0069 0.016987483
v -0.038629851 -0.0045 -0.016987483
v -0.038629851 -0.0045 0.016987483
v -0.038629851 -0.00335 -0.016987483
v -0.038629851 -0.00335 0.016987483
v -0.038629851 0.00335 -0.016987483
v -0.038629851 0.00335 0.016987483
v -0.038629851 0.0045 -0.016987483
v -0.038629851 0.0045 0.016987483
v -0.038629851 0.0069 -0.016987483
v -0.038629851 0.0069 0.016987483
v -0.038629851 0.00805 -0.016987483
v -0.038629851 0.00805 0.016987483
v -0.038347536 -0.01375 -0.021574671
v -0.038347536 -0.01375 0.021574671
v -0.038347536 -0.0126 -0.021574671
v -0.038347536 -0.0126 0.021574671
v -0.038347536 -0.0102 -0.021574671
v -0.038347536 -0.0102 0.021574671
v -0.038347536 -0.00905 -0.021574671
v -0.038347536 -0.00905 0.021574671
v -0.038347536 -0.00235 -0.021574671
v -0.038347536 -0.00235 0.021574671
v -0.038347536 -0.0012 -0.021574671
v -0.038347536 -0.0012 0.021574671
v -0.038347536 0.0012 -0.021574671
v -0.038347536 0.0012 0.021574671
v -0.038347536 0.00235 -0.021574671
v -0.038347536 0.00235 0.021574671
v -0.038347536 0.00905 -0.021574671
v -0.038347536 0.00905 0.021574671
v -0.038347536 0.0102 -0.021574671
v -0.038347536 0.0102 0.021574671
v -0.038347536 0.0126 -0.021574671
v -0.038347536 0.0126 0.021574671
v -0.038347536 0.01375 -0.021574671
v -0.038347536 0.01375 0.021574671
v -0.038172717 -0.006275 -0.01799121
v -0.038172717 -0.006275 0.01799121
v -0.038172717 -0.005125 -0.01799121
v -0.038172717 -0.005125 0.01799121
v -0.038172717 0.005125 -0.01799121
v -0.038172717 0.005125 0.01799121
v -0.038172717 0.006275 -0.01799121
v -0.038172717 0.006275 0.01799121
v -0.038123909 -0.01375 0.018094407
v -0.038123909 -0.011975 -0.018094407
v -0.038123909 -0.011975 0.018094407
v -0.038123909 -0.010825 -0.018094407
v -0.038123909 -0.010825 0.018094407
v -0.038123909 -0.00905 0.018094407
v -0.038123909 -0.00235 0.018094407
v -0.038123909 -0.000575 -0.018094407
v -0.038123909 -0.000575 0.018094407
v -0.038123909 0.000575 -0.018094407
v -0.038123909 0.000575 0.018094407
v -0.038123909 0.00235 0.018094407
v -0.038123909 0.00905 0.018094407
v -0.038123909 0.010825 -0.018094407
v -0.038123909 0.010825 0.018094407
v -0.038123909 0.011975 -0.018094407
v -0.038123909 0.011975 0.018094407
v -0.038123909 0.01375 0.018094407
v -0.03777062 -0.01375 0.022569454
v -0.03777062 -0.011975 -0.022569454
v -0.03777062 -0.011975 0.022569454
v -0.03777062 -0.010825 -0.022569454
v -0.03777062 -0.010825 0.022569454
v -0.03777062 -0.00905 0.022569454
v -0.03777062 -0.00235 0.022569454
v -0.03777062 -0.000575 -0.022569454
v -0.03777062 -0.000575 0.022569454
v -0.03777062 0.000575 -0.022569454
v -0.03777062 0.000575 0.022569454
v -0.03777062 0.00235 0.022569454
v -0.03777062 0.00905 0.022569454
v -0.03777062 0.010825 -0.022569454
v -0.03777062 0.010825 0.022569454
v -0.03777062 0.011975 -0.022569454
v -0.03777062 0.011975 0.022569454
v -0.03777062 0.01375 0.022569454
v -0.037709428 -0.00805 -0.022671546
v -0.037709428 -0.00805 0.022671546
v -0.037709428 -0.006275 -0.022671546
v -0.037709428 -0.006275 0.022671546
v -0.037709428 -0.005125 -0.022671546
v -0.037709428 -0.005125 0.022671546
v -0.037709428 -0.00335 -0.022671546
v -0.037709428 -0.00335 0.022671546
v -0.037709428 0.00335 -0.022671546
v -0.037709428 0.00335 0.022671546
v -0.037709428 0.005125 -0.022671546
v -0.037709428 0.005125 0.022671546
v -0.037709428 0.006275 -0.022671546
v -0.037709428 0.006275 0.022671546
v -0.037709428 0.00805 -0.022671546
v -0.037709428 0.00805 0.022671546
v -0.03763802 -0.01375 -0.019084534
v -0.03763802 -0.01375 0.019084534
v -0.03763802 -0.0126 -0.019084534
v -0.03763802 -0.0126 0.019084534
v -0.03763802 -0.0102 -0.019084534
v -0.03763802 -0.0102 0.019084534
v -0.03763802 -0.00905 -0.019084534
v -0.03763802 -0.00905 0.019084534
v -0.03763802 -0.00235 -0.019084534
v -0.03763802 -0.00235 0.019084534
v -0.03763802 -0.0012 -0.019084534
v -0.03763802 -0.0012 0.019084534
v -0.03763802 0.0012 -0.019084534
v -0.03763802 0.0012 0.019084534
v -0.03763802 0.00235 -0.019084534
v -0.03763802 0.00235 0.019084534
v -0.03763802 0.00905 -0.019084534
v -0.03763802 0.00905 0.019084534
v -0.03763802 0.0102 -0.019084534
v -0.03763802 0.0102 0.019084534
v -0.03763802 0.0126 -0.019084534
v -0.03763802 0.0126 0.019084534
v -0.03763802 0.01375 -0.019084534
v -0.03763802 0.01375 0.019084534
v -0.037104065 -0.00805 -0.023649278
v -0.037104065 -0.00805 0.023649278
v -0.037104065 -0.0069 -0.023649278
v -0.037104065 -0.0069 0.023649278
v -0.037104065 -0.0045 -0.023649278
v -0.037104065 -0.0045 0.023649278
v -0.037104065 -0.00335 -0.023649278
v -0.037104065 -0.00335 0.023649278
v -0.037104065 0.00335 -0.023649278
v -0.037104065 0.00335 0.023649278
v -0.037104065 0.0045 -0.023649278
v -0.037104065 0.0045 0.023649278
v -0.037104065 0.0069 -0.023649278
v -0.037104065 0.0069 0.023649278
v -0.037104065 0.00805 -0.023649278
v -0.037104065 0.00805 0.023649278
v -0.036778774 -0.01375 -0.020692071
v -0.036778774 -0.01375 0.020692071
v -0.036778774 -0.0126 -0.020692071
v -0.036778774 -0.0126 0.020692071
v -0.036778774 -0.0102 -0.020692071
v -0.036778774 -0.0102 0.020692071
v -0.036778774 -0.00905 -0.020692071
v -0.036778774 -0.00905 0.020692071
v -0.036778774 -0.00235 -0.020692071
v -0.036778774 -0.00235 0.020692071
v -0.036778774 -0.0012 -0.020692071
v -0.036778774 -0.0012 0.020692071
v -0.036778774 0.0012 -0.020692071
v -0.036778774 0.0012 0.020692071
v -0.036778774 0.00235 -0.020692071
v -0.036778774 0.00235 0.020692071
v -0.036778774 0.00905 -0.020692071
v -0.036778774 0.00905 0.020692071
v -0.036778774 0.0102 -0.020692071
v -0.036778774 0.0102 0.020692071
v -0.036778774 0.0126 -0.020692071
v -0.036778774 0.0126 0.020692071
v -0.036778774 0.01375 -0.020692071
v -0.036778774 0.01375 0.020692071
v -0.036225458 -0.01375 0.021646158
v -0.036225458 -0.011975 -0.021646158
v -0.036225458 -0.011975 0.021646158
v -0.036225458 -0.010825 -0.021646158
v -0.036225458 -0.010825 0.021646158
v -0.036225458 -0.00905 0.021646158
v -0.036225458 -0.00235 0.021646158
v -0.036225458 -0.000575 -0.021646158
v -0.036225458 -0.000575 0.021646158
v -0.036225458 0.000575 -0.021646158
v -0.036225458 0.000575 0.021646158
v -0.036225458 0.00235 0.021646158
v -0.036225458 0.00905 0.021646158
v -0.036225458 0.010825 -0.021646158
v -0.036225458 0.010825 0.021646158
v -0.036225458 0.011975 -0.021646158
v -0.036225458 0.011975 0.021646158
v -0.036225458 0.01375 0.021646158
v -0.03616677 -0.00805 -0.021744074
v -0.03616677 -0.00805 0.021744074
v -0.03616677 -0.006275 -0.021744074
v -0.03616677 -0.006275 0.021744074
v -0.03616677 -0.005125 -0.021744074
v -0.03616677 -0.005125 0.021744074
v -0.03616677 -0.00335 -0.021744074
v -0.03616677 -0.00335 0.021744074
v -0.03616677 0.00335 -0.021744074
v -0.03616677 0.00335 0.021744074
v -0.03616677 0.005125 -0.021744074
v -0.03616677 0.005125 0.021744074
v -0.03616677 0.006275 -0.021744074
v -0.03616677 0.006275 0.021744074
v -0.03616677 0.00805 -0.021744074
v -0.03616677 0.00805 0.021744074
v -0.036048195 -0.00805 -0.025229499
v -0.036048195 -0.00805 0.025229499
v -0.036048195 -0.0069 -0.025229499
v -0.036048195 -0.0069 0.025229499
v -0.036048195 -0.0045 -0.025229499
v -0.036048195 -0.0045 0.025229499
v -0.036048195 -0.00335 -0.025229499
v -0.036048195 -0.00335 0.025229499
v -0.036048195 0.00335 -0.025229499
v -0.036048195 0.00335 0.025229499
v -0.036048195 0.0045 -0.025229499
v -0.036048195 0.0045 0.025229499
v -0.036048195 0.0069 -0.025229499
v -0.036048195 0.0069 0.025229499
v -0.036048195 0.00805 -0.025229499
v -0.036048195 0.00805 0.025229499
v -0.035586171 -0.00805 -0.022681808
v -0.035586171 -0.00805 0.022681808
v -0.035586171 -0.0069 -0.022681808
v -0.035586171 -0.0069 0.022681808
v -0.035586171 -0.0045 -0.022681808
v -0.035586171 -0.0045 0.022681808
v -0.035586171 -0.00335 -0.022681808
v -0.035586171 -0.00335 0.022681808
v -0.035586171 0.00335 -0.022681808
v -0.035586171 0.00335 0.022681808
v -0.035586171 0.0045 -0.022681808
v -0.035586171 0.0045 0.022681808
v -0.035586171 0.0069 -0.022681808
v -0.035586171 0.0069 0.022681808
v -0.035586171 0.00805 -0.022681808
v -0.035586171 0.00805 0.022681808
v -0.035376551 -0.00805 -0.026162944
v -0.035376551 -0.00805 0.026162944
v -0.035376551 -0.006275 -0.026162944
v -0.035376551 -0.006275 0.026162944
v -0.035376551 -0.005125 -0.026162944
v -0.035376551 -0.005125 0.026162944
v -0.035376551 -0.00335 -0.026162944
v -0.035376551 -0.00335 0.026162944
v -0.035376551 0.00335 -0.026162944
v -0.035376551 0.00335 0.026162944
v -0.035376551 0.005125 -0.026162944
v -0.035376551 0.005125 0.026162944
v -0.035376551 0.006275 -0.026162944
v -0.035376551 0.006275 0.026162944
v -0.035376551 0.00805 -0.026162944
v -0.035376551 0.00805 0.026162944
v -0.035305647 -0.01375 -0.026258547
v -0.035305647 -0.011975 -0.026258547
v -0.035305647 -0.011975 0.026258547
v -0.035305647 -0.010825 -0.026258547
v -0.035305647 -0.010825 0.026258547
v -0.035305647 -0.00905 -0.026258547
v -0.035305647 -0.00235 -0.026258547
v -0.035305647 -0.000575 -0.026258547
v -0.035305647 -0.000575 0.026258547
v -0.035305647 0.000575 -0.026258547
v -0.035305647 0.000575 0.026258547
v -0.035305647 0.00235 -0.026258547
v -0.035305647 0.00905 -0.026258547
v -0.035305647 0.010825 -0.026258547
v -0.035305647 0.010825 0.026258547
v -0.035305647 0.011975 -0.026258547
v -0.035305647 0.011975 0.026258547
v -0.035305647 0.01375 -0.026258547
v -0.034607364 -0.01375 -0.027172235
v -0.034607364 -0.01375 0.027172235
v -0.034607364 -0.0126 -0.027172235
v -0.034607364 -0.0126 0.027172235
v -0.034607364 -0.0102 -0.027172235
v -0.034607364 -0.0102 0.027172235
v -0.034607364 -0.00905 -0.027172235
v -0.034607364 -0.00905 0.027172235
v -0.034607364 -0.00235 -0.027172235
v -0.034607364 -0.00235 0.027172235
v -0.034607364 -0.0012 -0.027172235
v -0.034607364 -0.0012 0.027172235
v -0.034607364 0.0012 -0.027172235
v -0.034607364 0.0012 0.027172235
v -0.034607364 0.00235 -0.027172235
v -0.034607364 0.00235 0.027172235
v -0.034607364 0.00905 -0.027172235
v -0.034607364 0.00905 0.027172235
v -0.034607364 0.0102 -0.027172235
v -0.034607364 0.0102 0.027172235
v -0.034607364 0.0126 -0.027172235
v -0.034607364 0.0126 0.027172235
v -0.034607364 0.01375 -0.027172235
v -0.034607364 0.01375 0.027172235
v -0.034573496 -0.00805 -0.024197383
v -0.034573496 -0.00805 0.024197383
v -0.034573496 -0.0069 -0.024197383
v -0.034573496 -0.0069 0.024197383
v -0.034573496 -0.0045 -0.024197383
v -0.034573496 -0.0045 0.024197383
v -0.034573496 -0.00335 -0.024197383
v -0.034573496 -0.00335 0.024197383
v -0.034573496 0.00335 -0.024197383
v -0.034573496 0.00335 0.024197383
v -0.034573496 0.0045 -0.024197383
v -0.034573496 0.0045 0.024197383
v -0.034573496 0.0069 -0.024197383
v -0.034573496 0.0069 0.024197383
v -0.034573496 0.00805 -0.024197383
v -0.034573496 0.00805 0.024197383
v -0.033929328 -0.00805 -0.025092642
v -0.033929328 -0.00805 0.025092642
v -0.033929328 -0.006275 -0.025092642
v -0.033929328 -0.006275 0.025092642
v -0.033929328 -0.005125 -0.025092642
v -0.033929328 -0.005125 0.025092642
v -0.033929328 -0.00335 -0.025092642
v -0.033929328 -0.00335 0.025092642
v -0.033929328 0.00335 -0.025092642
v -0.033929328 0.00335 0.025092642
v -0.033929328 0.005125 -0.025092642
v -0.033929328 0.005125 0.025092642
v -0.033929328 0.006275 -0.025092642
v -0.033929328 0.006275 0.025092642
v -0.033929328 0.00805 -0.025092642
v -0.033929328 0.00805 0.025092642
v -0.033861325 -0.01375 -0.025184334
v -0.033861325 -0.011975 -0.025184334
v -0.033861325 -0.011975 0.025184334
v -0.033861325 -0.010825 -0.025184334
v -0.033861325 -0.010825 0.025184334
v -0.033861325 -0.00905 -0.025184334
v -0.033861325 -0.00235 -0.025184334
v -0.033861325 -0.000575 -0.025184334
v -0.033861325 -0.000575 0.025184334
v -0.033861325 0.000575 -0.025184334
v -0.033861325 0.000575 0.025184334
v -0.033861325 0.00235 -0.025184334
v -0.033861325 0.00905 -0.025184334
v -0.033861325 0.010825 -0.025184334
v -0.033861325 0.010825 0.025184334
v -0.033861325 0.011975 -0.025184334
v -0.033861325 0.011975 0.025184334
v -0.033861325 0.01375 -0.025184334
v -0.03340169 -0.01375 -0.028641353
v -0.03340169 -0.01375 0.028641353
v -0.03340169 -0.0126 -0.028641353
v -0.03340169 -0.0126 0.028641353
v -0.03340169 -0.0102 -0.028641353
v -0.03340169 -0.0102 0.028641353
v -0.03340169 -0.00905 -0.028641353
v -0.03340169 -0.00905 0.028641353
v -0.03340169 -0.00235 -0.028641353
v -0.03340169 -0.00235 0.028641353
v -0.03340169 -0.0012 -0.028641353
v -0.03340169 -0.0012 0.028641353
v -0.03340169 0.0012 -0.028641353
v -0.03340169 0.0012 0.028641353
v -0.03340169 0.00235 -0.028641353
v -0.03340169 0.00235 0.028641353
v -0.03340169 0.00905 -0.028641353
v -0.03340169 0.00905 0.028641353
v -0.03340169 0.0102 -0.028641353
v -0.03340169 0.0102 0.028641353
v -0.03340169 0.0126 -0.028641353
v -0.03340169 0.0126 0.028641353
v -0.03340169 0.01375 -0.028641353
v -0.03340169 0.01375 0.028641353
v -0.033191608 -0.01375 -0.026060643
v -0.033191608 -0.01375 0.026060643
v -0.033191608 -0.0126 -0.026060643
v -0.033191608 -0.0126 0.026060643
v -0.033191608 -0.0102 -0.026060643
v -0.033191608 -0.0102 0.026060643
v -0.033191608 -0.00905 -0.026060643
v -0.033191608 -0.00905 0.026060643
v -0.033191608 -0.00235 -0.026060643
v -0.033191608 -0.00235 0.026060643
v -0.033191608 -0.0012 -0.026060643
v -0.033191608 -0.0012 0.026060643
v -0.033191608 0.0012 -0.026060643
v -0.033191608 0.0012 0.026060643
v -0.033191608 0.00235 -0.026060643
v -0.033191608 0.00235 0.026060643
v -0.033191608 0.00905 -0.026060643
v -0.033191608 0.00905 0.026060643
v -0.033191608 0.0102 -0.026060643
v -0.033191608 0.0102 0.026060643
v -0.033191608 0.0126 -0.026060643
v -0.033191608 0.0126 0.026060643
v -0.033191608 0.01375 -0.026060643
v -0.033191608 0.01375 0.026060643
v -0.032641786 -0.01375 -0.029504471
v -0.032641786 -0.011975 -0.029504471
v -0.032641786 -0.011975 0.029504471
v -0.032641786 -0.010825 -0.029504471
v -0.032641786 -0.010825 0.029504471
v -0.032641786 -0.00905 -0.029504471
v -0.032641786 -0.00235 -0.029504471
v -0.032641786 -0.000575 -0.029504471
v -0.032641786 -0.000575 0.029504471
v -0.032641786 0.000575 -0.029504471
v -0.032641786 0.000575 0.029504471
v -0.032641786 0.00235 -0.029504471
v -0.032641786 0.00905 -0.029504471
v -0.032641786 0.010825 -0.029504471
v -0.032641786 0.010825 0.029504471
v -0.032641786 0.011975 -0.029504471
v -0.032641786 0.011975 0.029504471
v -0.032641786 0.01375 -0.029504471
v -0.032561853 -0.006275 -0.029592663
v -0.032561853 -0.006275 0.029592663
v -0.032561853 -0.005125 -0.029592663
v -0.032561853 -0.005125 0.029592663
v -0.032561853 0.005125 -0.029592663
v -0.032561853 0.005125 0.029592663
v -0.032561853 0.006275 -0.029592663
v -0.032561853 0.006275 0.029592663
v -0.032035257 -0.01375 -0.027469662
v -0.032035257 -0.01375 0.027469662
v -0.032035257 -0.0126 -0.027469662
v -0.032035257 -0.0126 0.027469662
v -0.032035257 -0.0102 -0.027469662
v -0.032035257 -0.0102 0.027469662
v -0.032035257 -0.00905 -0.027469662
v -0.032035257 -0.00905 0.027469662
v -0.032035257 -0.00235 -0.027469662
v -0.032035257 -0.00235 0.027469662
v -0.032035257 -0.0012 -0.027469662
v -0.032035257 -0.0012 0.027469662
v -0.032035257 0.0012 -0.027469662
v -0.032035257 0.0012 0.027469662
v -0.032035257 0.00235 -0.027469662
v -0.032035257 0.00235 0.027469662
v -0.032035257 0.00905 -0.027469662
v -0.032035257 0.00905 0.027469662
v -0.032035257 0.0102 -0.027469662
v -0.032035257 0.0102 0.027469662
v -0.032035257 0.0126 -0.027469662
v -0.032035257 0.0126 0.027469662
v -0.032035257 0.01375 -0.027469662
v -0.032035257 0.01375 0.027469662
v -0.031777376 -0.00805 -0.030433508
v -0.031777376 -0.00805 0.030433508
v -0.031777376 -0.0069 -0.030433508
v -0.031777376 -0.0069 0.030433508
v -0.031777376 -0.0045 -0.030433508
v -0.031777376 -0.0045 0.030433508
v -0.031777376 -0.00335 -0.030433508
v -0.031777376 -0.00335 0.030433508
v -0.031777376 0.00335 -0.030433508
v -0.031777376 0.00335 0.030433508
v -0.031777376 0.0045 -0.030433508
v -0.031777376 0.0045 0.030433508
v -0.031777376 0.0069 -0.030433508
v -0.031777376 0.0069 0.030433508
v -0.031777376 0.00805 -0.030433508
v -0.031777376 0.00805 0.030433508
v -0.03130644 -0.01375 -0.02829747
v -0.03130644 -0.011975 -0.02829747
v -0.03130644 -0.011975 0.02829747
v -0.03130644 -0.010825 -0.02829747
v -0.03130644 -0.010825 0.02829747
v -0.03130644 -0.00905 -0.02829747
v -0.03130644 -0.00235 -0.02829747
v -0.03130644 -0.000575 -0.02829747
v -0.03130644 -0.000575 0.02829747
v -0.03130644 0.000575 -0.02829747
v -0.03130644 0.000575 0.02829747
v -0.03130644 0.00235 -0.02829747
v -0.03130644 0.00905 -0.02829747
v -0.03130644 0.010825 -0.02829747
v -0.03130644 0.010825 0.02829747
v -0.03130644 0.011975 -0.02829747
v -0.03130644 0.011975 0.02829747
v -0.03130644 0.01375 -0.02829747
v -0.031229777 -0.006275 -0.028382054
v -0.031229777 -0.006275 0.028382054
v -0.031229777 -0.005125 -0.028382054
v -0.031229777 -0.005125 0.028382054
v -0.031229777 0.005125 -0.028382054
v -0.031229777 0.005125 0.028382054
v -0.031229777 0.006275 -0.028382054
v -0.031229777 0.006275 0.028382054
v -0.030477392 -0.00805 -0.029188501
v -0.030477392 -0.00805 0.029188501
v -0.030477392 -0.0069 -0.029188501
v -0.030477392 -0.0069 0.029188501
v -0.030477392 -0.0045 -0.029188501
v -0.030477392 -0.0045 0.029188501
v -0.030477392 -0.00335 -0.029188501
v -0.030477392 -0.00335 0.029188501
v -0.030477392 0.00335 -0.029188501
v -0.030477392 0.00335 0.029188501
v -0.030477392 0.0045 -0.029188501
v -0.030477392 0.0045 0.029188501
v -0.030477392 0.0069 -0.029188501
v -0.030477392 0.0069 0.029188501
v -0.030477392 0.00805 -0.029188501
v -0.030477392 0.00805 0.029188501
v -0.030433508 -0.00805 -0.031777376
v -0.030433508 -0.00805 0.031777376
v -0.030433508 -0.0069 -0.031777376
v -0.030433508 -0.0069 0.031777376
v -0.030433508 -0.0045 -0.031777376
v -0.030433508 -0.0045 0.031777376
v -0.030433508 -0.00335 -0.031777376
v -0.030433508 -0.00335 0.031777376
v -0.030433508 0.00335 -0.031777376
v -0.030433508 0.00335 0.031777376
v -0.030433508 0.0045 -0.031777376
v -0.030433508 0.0045 0.031777376
v -0.030433508 0.0069 -0.031777376
v -0.030433508 0.0069 0.031777376
v -0.030433508 0.00805 -0.031777376
v -0.030433508 0.00805 0.031777376
v -0.029592663 -0.006275 -0.032561853
v -0.029592663 -0.006275 0.032561853
v -0.029592663 -0.005125 -0.032561853
v -0.029592663 -0.005125 0.032561853
v -0.029592663 0.005125 -0.032561853
v -0.029592663 0.005125 0.032561853
v -0.029592663 0.006275 -0.032561853
v -0.029592663 0.006275 0.032561853
v -0.029504471 -0.01375 0.032641786
v -0.029504471 -0.011975 -0.032641786
v -0.029504471 -0.011975 0.032641786
v -0.029504471 -0.010825 -0.032641786
v -0.029504471 -0.010825 0.032641786
v -0.029504471 -0.00905 0.032641786
v -0.029504471 -0.00235 0.032641786
v -0.029504471 -0.000575 -0.032641786
v -0.029504471 -0.000575 0.032641786
v -0.029504471 0.000575 -0.032641786
v -0.029504471 0.000575 0.032641786
v -0.029504471 0.00235 0.032641786
v -0.029504471 0.00905 0.032641786
v -0.029504471 0.010825 -0.032641786
v -0.029504471 0.010825 0.032641786
v -0.029504471 0.011975 -0.032641786
v -0.029504471 0.011975 0.032641786
v -0.029504471 0.01375 0.032641786
v -0.029188501 -0.00805 -0.030477392
v -0.029188501 -0.00805 0.030477392
v -0.029188501 -0.0069 -0.030477392
v -0.029188501 -0.0069 0.030477392
v -0.029188501 -0.0045 -0.030477392
v -0.029188501 -0.0045 0.030477392
v -0.029188501 -0.00335 -0.030477392
v -0.029188501 -0.00335 0.030477392
v -0.029188501 0.00335 -0.030477392
v -0.029188501 0.00335 0.030477392
v -0.029188501 0.0045 -0.030477392
v -0.029188501 0.0045 0.030477392
v -0.029188501 0.0069 -0.030477392
v -0.029188501 0.0069 0.030477392
v -0.029188501 0.00805 -0.030477392
v -0.029188501 0.00805 0.030477392
v -0.028641353 -0.01375 -0.03340169
v -0.028641353 -0.01375 0.03340169
v -0.028641353 -0.0126 -0.03340169
v -0.028641353 -0.0126 0.03340169
v -0.028641353 -0.0102 -0.03340169
v -0.028641353 -0.0102 0.03340169
v -0.028641353 -0.00905 -0.03340169
v -0.028641353 -0.00905 0.03340169
v -0.028641353 -0.00235 -0.03340169
v -0.028641353 -0.00235 0.03340169
v -0.028641353 -0.0012 -0.03340169
v -0.028641353 -0.0012 0.03340169
v -0.028641353 0.0012 -0.03340169
v -0.028641353 0.0012 0.03340169
v -0.028641353 0.00235 -0.03340169
v -0.028641353 0.00235 0.03340169
v -0.028641353 0.00905 -0.03340169
v -0.028641353 0.00905 0.03340169
v -0.028641353 0.0102 -0.03340169
v -0.028641353 0.0102 0.03340169
v -0.028641353 0.0126 -0.03340169
v -0.028641353 0.0126 0.03340169
v -0.028641353 0.01375 -0.03340169
v -0.028641353 0.01375 0.03340169
v -0.028382054 -0.006275 -0.031229777
v -0.028382054 -0.006275 0.031229777
v -0.028382054 -0.005125 -0.031229777
v -0.028382054 -0.005125 0.031229777
v -0.028382054 0.005125 -0.031229777
v -0.028382054 0.005125 0.031229777
v -0.028382054 0.006275 -0.031229777
v -0.028382054 0.006275 0.031229777
v -0.02829747 -0.01375 0.03130644
v -0.02829747 -0.011975 -0.03130644
v -0.02829747 -0.011975 0.03130644
v -0.02829747 -0.010825 -0.03130644
v -0.02829747 -0.010825 0.03130644
v -0.02829747 -0.00905 0.03130644
v -0.02829747 -0.00235 0.03130644
v -0.02829747 -0.000575 -0.03130644
v -0.02829747 -0.000575 0.03130644
v -0.02829747 0.000575 -0.03130644
v -0.02829747 0.000575 0.03130644
v -0.02829747 0.00235 0.03130644
v -0.02829747 0.00905 0.03130644
v -0.02829747 0.010825 -0.03130644
v -0.02829747 0.010825 0.03130644
v -0.02829747 0.011975 -0.03130644
v -0.02829747 0.011975 0.03130644
v -0.02829747 0.01375 0.03130644
v -0.027469662 -0.01375 -0.032035257
v -0.027469662 -0.01375 0.032035257
v -0.027469662 -0.0126 -0.032035257
v -0.027469662 -0.0126 0.032035257
v -0.027469662 -0.0102 -0.032035257
v -0.027469662 -0.0102 0.032035257
v -0.027469662 -0.00905 -0.032035257
v -0.027469662 -0.00905 0.032035257
v -0.027469662 -0.00235 -0.032035257
v -0.027469662 -0.00235 0.032035257
v -0.027469662 -0.0012 -0.032035257
v -0.027469662 -0.0012 0.032035257
v -0.027469662 0.0012 -0.032035257
v -0.027469662 0.0012 0.032035257
v -0.027469662 0.00235 -0.032035257
v -0.027469662 0.00235 0.032035257
v -0.027469662 0.00905 -0.032035257
v -0.027469662 0.00905 0.032035257
v -0.027469662 0.0102 -0.032035257
v -0.027469662 0.0102 0.032035257
v -0.027469662 0.0126 -0.032035257
v -0.027469662 0.0126 0.032035257
v -0.027469662 0.01375 -0.032035257
v -0.027469662 0.01375 0.032035257
v -0.027172235 -0.01375 -0.034607364
v -0.027172235 -0.01375 0.034607364
v -0.027172235 -0.0126 -0.034607364
v -0.027172235 -0.0126 0.034607364
v -0.027172235 -0.0102 -0.034607364
v -0.027172235 -0.0102 0.034607364
v -0.027172235 -0.00905 -0.034607364
v -0.027172235 -0.00905 0.034607364
v -0.027172235 -0.00235 -0.034607364
v -0.027172235 -0.00235 0.034607364
v -0.027172235 -0.0012 -0.034607364
v -0.027172235 -0.0012 0.034607364
v -0.027172235 0.0012 -0.034607364
v -0.027172235 0.0012 0.034607364
v -0.027172235 0.00235 -0.034607364
v -0.027172235 0.00235 0.034607364
v -0.027172235 0.00905 -0.034607364
v -0.027172235 0.00905 0.034607364
v -0.027172235 0.0102 -0.034607364
v -0.027172235 0.0102 0.034607364
v -0.027172235 0.0126 -0.034607364
v -0.027172235 0.0126 0.034607364
v -0.027172235 0.01375 -0.034607364
v -0.027172235 0.01375 0.034607364
v -0.026258547 -0.01375 0.035305647
v -0.026258547 -0.011975 -0.035305647
v -0.026258547 -0.011975 0.035305647
v -0.026258547 -0.010825 -0.035305647
v -0.026258547 -0.010825 0.035305647
v -0.026258547 -0.00905 0.035305647
v -0.026258547 -0.00235 0.035305647
v -0.026258547 -0.000575 -0.035305647
v -0.026258547 -0.000575 0.035305647
v -0.026258547 0.000575 -0.035305647
v -0.026258547 0.000575 0.035305647
v -0.026258547 0.00235 0.035305647
v -0.026258547 0.00905 0.035305647
v -0.026258547 0.010825 -0.035305647
v -0.026258547 0.010825 0.035305647
v -0.026258547 0.011975 -0.035305647
v -0.026258547 0.011975 0.035305647
v -0.026258547 0.01375 0.035305647
v -0.026162944 -0.00805 -0.035376551
v -0.026162944 -0.00805 0.035376551
v -0.026162944 -0.006275 -0.035376551
v -0.026162944 -0.006275 0.035376551
v -0.026162944 -0.005125 -0.035376551
v -0.026162944 -0.005125 0.035376551
v -0.026162944 -0.00335 -0.035376551
v -0.026162944 -0.00335 0.035376551
v -0.026162944 0.00335 -0.035376551
v -0.026162944 0.00335 0.035376551
v -0.026162944 0.005125 -0.035376551
v -0.026162944 0.005125 0.035376551
v -0.026162944 0.006275 -0.035376551
v -0.026162944 0.006275 0.035376551
v -0.026162944 0.00805 -0.035376551
v -0.026162944 0.00805 0.035376551
v -0.026060643 -0.01375 -0.033191608
v -0.026060643 -0.01375 0.033191608
v -0.026060643 -0.0126 -0.033191608
v -0.026060643 -0.0126 0.033191608
v -0.026060643 -0.0102 -0.033191608
v -0.026060643 -0.0102 0.033191608
v -0.026060643 -0.00905 -0.033191608
v -0.026060643 -0.00905 0.033191608
v -0.026060643 -0.00235 -0.033191608
v -0.026060643 -0.00235 0.033191608
v -0.026060643 -0.0012 -0.033191608
v -0.026060643 -0.0012 0.033191608
v -0.026060643 0.0012 -0.033191608
v -0.026060643 0.0012 0.033191608
v -0.026060643 0.00235 -0.033191608
v -0.026060643 0.00235 0.033191608
v -0.026060643 0.00905 -0.033191608
v -0.026060643 0.00905 0.033191608
v -0.026060643 0.0102 -0.033191608
v -0.026060643 0.0102 0.033191608
v -0.026060643 0.0126 -0.033191608
v -0.026060643 0.0126 0.033191608
v -0.026060643 0.01375 -0.033191608
v -0.026060643 0.01375 0.033191608
v -0.025229499 -0.00805 -0.036048195
v -0.025229499 -0.00805 0.036048195
v -0.025229499 -0.0069 -0.036048195
v -0.025229499 -0.0069 0.036048195
v -0.025229499 -0.0045 -0.036048195
v -0.025229499 -0.0045 0.036048195
v -0.025229499 -0.00335 -0.036048195
v -0.025229499 -0.00335 0.036048195
v -0.025229499 0.00335 -0.036048195
v -0.025229499 0.00335 0.036048195
v -0.025229499 0.0045 -0.036048195
v -0.025229499 0.0045 0.036048195
v -0.025229499 0.0069 -0.036048195
v -0.025229499 0.0069 0.036048195
v -0.025229499 0.00805 -0.036048195
v -0.025229499 0.00805 0.036048195
v -0.025184334 -0.01375 0.033861325
v -0.025184334 -0.011975 -0.033861325
v -0.025184334 -0.011975 0.033861325
v -0.025184334 -0.010825 -0.033861325
v -0.025184334 -0.010825 0.033861325
v -0.025184334 -0.00905 0.033861325
v -0.025184334 -0.00235 0.033861325
v -0.025184334 -0.000575 -0.033861325
v -0.025184334 -0.000575 0.033861325
v -0.025184334 0.000575 -0.033861325
v -0.025184334 0.000575 0.033861325
v -0.025184334 0.00235 0.033861325
v -0.025184334 0.00905 0.033861325
v -0.025184334 0.010825 -0.033861325
v -0.025184334 0.010825 0.033861325
v -0.025184334 0.011975 -0.033861325
v -0.025184334 0.011975 0.033861325
v -0.025184334 0.01375 0.033861325
v -0.025092642 -0.00805 -0.033929328
v -0.025092642 -0.00805 0.033929328
v -0.025092642 -0.006275 -0.033929328
v -0.025092642 -0.006275 0.033929328
v -0.025092642 -0.005125 -0.033929328
v -0.025092642 -0.005125 0.033929328
v -0.025092642 -0.00335 -0.033929328
v -0.025092642 -0.00335 0.033929328
v -0.025092642 0.00335 -0.033929328
v -0.025092642 0.00335 0.033929328
v -0.025092642 0.005125 -0.033929328
v -0.025092642 0.005125 0.033929328
v -0.025092642 0.006275 -0.033929328
v -0.025092642 0.006275 0.033929328
v -0.025092642 0.00805 -0.033929328
v -0.025092642 0.00805 0.033929328
v -0.024197383 -0.00805 -0.034573496
v -0.024197383 -0.00805 0.034573496
v -0.024197383 -0.0069 -0.034573496
v -0.024197383 -0.0069 0.034573496
v -0.024197383 -0.0045 -0.034573496
v -0.024197383 -0.0045 0.034573496
v -0.024197383 -0.00335 -0.034573496
v -0.024197383 -0.00335 0.034573496
v -0.024197383 0.00335 -0.034573496
v -0.024197383 0.00335 0.034573496
v -0.024197383 0.0045 -0.034573496
v -0.024197383 0.0045 0.034573496
v -0.024197383 0.0069 -0.034573496
v -0.024197383 0.0069 0.034573496
v -0.024197383 0.00805 -0.034573496
v -0.024197383 0.00805 0.034573496
v -0.023649278 -0.00805 -0.037104065
v -0.023649278 -0.00805 0.037104065
v -0.023649278 -0.0069 -0.037104065
v -0.023649278 -0.0069 0.037104065
v -0.023649278 -0.0045 -0.037104065
v -0.023649278 -0.0045 0.037104065
v -0.023649278 -0.00335 -0.037104065
v -0.023649278 -0.00335 0.037104065
v -0.023649278 0.00335 -0.037104065
v -0.023649278 0.00335 0.037104065
v -0.023649278 0.0045 -0.037104065
v -0.023649278 0.0045 0.037104065
v -0.023649278 0.0069 -0.037104065
v -0.023649278 0.0069 0.037104065
v -0.023649278 0.00805 -0.037104065
v -0.023649278 0.00805 0.037104065
v -0.022681808 -0.00805 -0.035586171
v -0.022681808 -0.00805 0.035586171
v -0.022681808 -0.0069 -0.035586171
v -0.022681808 -0.0069 0.035586171
v -0.022681808 -0.0045 -0.035586171
v -0.022681808 -0.0045 0.035586171
v -0.022681808 -0.00335 -0.035586171
v -0.022681808 -0.00335 0.035586171
v -0.022681808 0.00335 -0.035586171
v -0.022681808 0.00335 0.035586171
v -0.022681808 0.0045 -0.035586171
v -0.022681808 0.0045 0.035586171
v -0.022681808 0.0069 -0.035586171
v -0.022681808 0.0069 0.035586171
v -0.022681808 0.00805 -0.035586171
v -0.022681808 0.00805 0.035586171
v -0.022671546 -0.00805 -0.037709428
v -0.022671546 -0.00805 0.037709428
v -0.022671546 -0.006275 -0.037709428
v -0.022671546 -0.006275 0.037709428
v -0.022671546 -0.005125 -0.037709428
v -0.022671546 -0.005125 0.037709428
v -0.022671546 -0.00335 -0.037709428
v -0.022671546 -0.00335 0.037709428
v -0.022671546 0.00335 -0.037709428
v -0.022671546 0.00335 0.037709428
v -0.022671546 0.005125 -0.037709428
v -0.022671546 0.005125 0.037709428
v -0.022671546 0.006275 -0.037709428
v -0.022671546 0.006275 0.037709428
v -0.022671546 0.00805 -0.037709428
v -0.022671546 0.00805 0.037709428
v -0.022569454 -0.01375 -0.03777062
v -0.022569454 -0.011975 -0.03777062
v -0.022569454 -0.011975 0.03777062
v -0.022569454 -0.010825 -0.03777062
v -0.022569454 -0.010825 0.03777062
v -0.022569454 -0.00905 -0.03777062
v -0.022569454 -0.00235 -0.03777062
v -0.022569454 -0.000575 -0.03777062
v -0.022569454 -0.000575 0.03777062
v -0.022569454 0.000575 -0.03777062
v -0.022569454 0.000575 0.03777062
v -0.022569454 0.00235 -0.03777062
v -0.022569454 0.00905 -0.03777062
v -0.022569454 0.010825 -0.03777062
v -0.022569454 0.010825 0.03777062
v -0.022569454 0.011975 -0.03777062
v -0.022569454 0.011975 0.03777062
v -0.022569454 0.01375 -0.03777062
v -0.021744074 -0.00805 -0.03616677
v -0.021744074 -0.00805 0.03616677
v -0.021744074 -0.006275 -0.03616677
v -0.021744074 -0.006275 0.03616677
v -0.021744074 -0.005125 -0.03616677
v -0.021744074 -0.005125 0.03616677
v -0.021744074 -0.00335 -0.03616677
v -0.021744074 -0.00335 0.03616677
v -0.021744074 0.00335 -0.03616677
v -0.021744074 0.00335 0.03616677
v -0.021744074 0.005125 -0.03616677
v -0.021744074 0.005125 0.03616677
v -0.021744074 0.006275 -0.03616677
v -0.021744074 0.006275 0.03616677
v -0.021744074 0.00805 -0.03616677
v -0.021744074 0.00805 0.03616677
v -0.021646158 -0.01375 -0.036225458
v -0.021646158 -0.011975 -0.036225458
v -0.021646158 -0.011975 0.036225458
v -0.021646158 -0.010825 -0.036225458
v -0.021646158 -0.010825 0.036225458
v -0.021646158 -0.00905 -0.036225458
v -0.021646158 -0.00235 -0.036225458
v -0.021646158 -0.000575 -0.036225458
v -0.021646158 -0.000575 0.036225458
v -0.021646158 0.000575 -0.036225458
v -0.021646158 0.000575 0.036225458
v -0.021646158 0.00235 -0.036225458
v -0.021646158 0.00905 -0.036225458
v -0.021646158 0.010825 -0.036225458
v -0.021646158 0.010825 0.036225458
v -0.021646158 0.011975 -0.036225458
v -0.021646158 0.011975 0.036225458
v -0.021646158 0.01375 -0.036225458
v -0.021574671 -0.01375 -0.038347536
v -0.021574671 -0.01375 0.038347536
v -0.021574671 -0.0126 -0.038347536
v -0.021574671 -0.0126 0.038347536
v -0.021574671 -0.0102 -0.038347536
v -0.021574671 -0.0102 0.038347536
v -0.021574671 -0.00905 -0.038347536
v -0.021574671 -0.00905 0.038347536
v -0.021574671 -0.00235 -0.038347536
v -0.021574671 -0.00235 0.038347536
v -0.021574671 -0.0012 -0.038347536
v -0.021574671 -0.0012 0.038347536
v -0.021574671 0.0012 -0.038347536
v -0.021574671 0.0012 0.038347536
v -0.021574671 0.00235 -0.038347536
v -0.021574671 0.00235 0.038347536
v -0.021574671 0.00905 -0.038347536
v -0.021574671 0.00905 0.038347536
v -0.021574671 0.0102 -0.038347536
v -0.021574671 0.0102 0.038347536
v -0.021574671 0.0126 -0.038347536
v -0.021574671 0.0126 0.038347536
v -0.021574671 0.01375 -0.038347536
v -0.021574671 0.01375 0.038347536
v -0.020692071 -0.01375 -0.036778774
v -0.020692071 -0.01375 0.036778774
v -0.020692071 -0.0126 -0.036778774
v -0.020692071 -0.0126 0.036778774
v -0.020692071 -0.0102 -0.036778774
v -0.020692071 -0.0102 0.036778774
v -0.020692071 -0.00905 -0.036778774
v -0.020692071 -0.00905 0.036778774
v -0.020692071 -0.00235 -0.036778774
v -0.020692071 -0.00235 0.036778774
v -0.020692071 -0.0012 -0.036778774
v -0.020692071 -0.0012 0.036778774
v -0.020692071 0.0012 -0.036778774
v -0.020692071 0.0012 0.036778774
v -0.020692071 0.00235 -0.036778774
v -0.020692071 0.00235 0.036778774
v -0.020692071 0.00905 -0.036778774
v -0.020692071 0.00905 0.036778774
v -0.020692071 0.0102 -0.036778774
v -0.020692071 0.0102 0.036778774
v -0.020692071 0.0126 -0.036778774
v -0.020692071 0.0126 0.036778774
v -0.020692071 0.01375 -0.036778774
v -0.020692071 0.01375 0.036778774
v -0.019898566 -0.01375 -0.039243433
v -0.019898566 -0.01375 0.039243433
v -0.019898566 -0.0126 -0.039243433
v -0.019898566 -0.0126 0.039243433
v -0.019898566 -0.0102 -0.039243433
v -0.019898566 -0.0102 0.039243433
v -0.019898566 -0.00905 -0.039243433
v -0.019898566 -0.00905 0.039243433
v -0.019898566 -0.00235 -0.039243433
v -0.019898566 -0.00235 0.039243433
v -0.019898566 -0.0012 -0.039243433
v -0.019898566 -0.0012 0.039243433
v -0.019898566 0.0012 -0.039243433
v -0.019898566 0.0012 0.039243433
v -0.019898566 0.00235 -0.039243433
v -0.019898566 0.00235 0.039243433
v -0.019898566 0.00905 -0.039243433
v -0.019898566 0.00905 0.039243433
v -0.019898566 0.0102 -0.039243433
v -0.019898566 0.0102 0.039243433
v -0.019898566 0.0126 -0.039243433
v -0.019898566 0.0126 0.039243433
v -0.019898566 0.01375 -0.039243433
v -0.019898566 0.01375 0.039243433
v -0.019084534 -0.01375 -0.03763802
v -0.019084534 -0.01375 0.03763802
v -0.019084534 -0.0126 -0.03763802
v -0.019084534 -0.0126 0.03763802
v -0.019084534 -0.0102 -0.03763802
v -0.019084534 -0.0102 0.03763802
v -0.019084534 -0.00905 -0.03763802
v -0.019084534 -0.00905 0.03763802
v -0.019084534 -0.00235 -0.03763802
v -0.019084534 -0.00235 0.03763802
v -0.019084534 -0.0012 -0.03763802
v -0.019084534 -0.0012 0.03763802
v -0.019084534 0.0012 -0.03763802
v -0.019084534 0.0012 0.03763802
v -0.019084534 0.00235 -0.03763802
v -0.019084534 0.00235 0.03763802
v -0.019084534 0.00905 -0.03763802
v -0.019084534 0.00905 0.03763802
v -0.019084534 0.0102 -0.03763802
v -0.019084534 0.0102 0.03763802
v -0.019084534 0.0126 -0.03763802
v -0.019084534 0.0126 0.03763802
v -0.019084534 0.01375 -0.03763802
v -0.019084534 0.01375 0.03763802
v -0.018866206 -0.01375 -0.039750047
v -0.018866206 -0.011975 -0.039750047
v -0.018866206 -0.011975 0.039750047
v -0.018866206 -0.010825 -0.039750047
v -0.018866206 -0.010825 0.039750047
v -0.018866206 -0.00905 -0.039750047
v -0.018866206 -0.00235 -0.039750047
v -0.018866206 -0.000575 -0.039750047
v -0.018866206 -0.000575 0.039750047
v -0.018866206 0.000575 -0.039750047
v -0.018866206 0.000575 0.039750047
v -0.018866206 0.00235 -0.039750047
v -0.018866206 0.00905 -0.039750047
v -0.018866206 0.010825 -0.039750047
v -0.018866206 0.010825 0.039750047
v -0.018866206 0.011975 -0.039750047
v -0.018866206 0.011975 0.039750047
v -0.018866206 0.01375 -0.039750047
v -0.018758608 -0.006275 -0.039800938
v -0.018758608 -0.006275 0.039800938
v -0.018758608 -0.005125 -0.039800938
v -0.018758608 -0.005125 0.039800938
v -0.018758608 0.005125 -0.039800938
v -0.018758608 0.005125 0.039800938
v -0.018758608 0.006275 -0.039800938
v -0.018758608 0.006275 0.039800938
v -0.018094407 -0.01375 -0.038123909
v -0.018094407 -0.011975 -0.038123909
v -0.018094407 -0.011975 0.038123909
v -0.018094407 -0.010825 -0.038123909
v -0.018094407 -0.010825 0.038123909
v -0.018094407 -0.00905 -0.038123909
v -0.018094407 -0.00235 -0.038123909
v -0.018094407 -0.000575 -0.038123909
v -0.018094407 -0.000575 0.038123909
v -0.018094407 0.000575 -0.038123909
v -0.018094407 0.000575 0.038123909
v -0.018094407 0.00235 -0.038123909
v -0.018094407 0.00905 -0.038123909
v -0.018094407 0.010825 -0.038123909
v -0.018094407 0.010825 0.038123909
v -0.018094407 0.011975 -0.038123909
v -0.018094407 0.011975 0.038123909
v -0.018094407 0.01375 -0.038123909
v -0.01799121 -0.006275 -0.038172717
v -0.01799121 -0.006275 0.038172717
v -0.01799121 -0.005125 -0.038172717
v -0.01799121 -0.005125 0.038172717
v -0.01799121 0.005125 -0.038172717
v -0.01799121 0.005125 0.038172717
v -0.01799121 0.006275 -0.038172717
v -0.01799121 0.006275 0.038172717
v -0.017712068 -0.00805 -0.04027757
v -0.017712068 -0.00805 0.04027757
v -0.017712068 -0.0069 -0.04027757
v -0.017712068 -0.0069 0.04027757
v -0.017712068 -0.0045 -0.04027757
v -0.017712068 -0.0045 0.04027757
v -0.017712068 -0.00335 -0.04027757
v -0.017712068 -0.00335 0.04027757
v -0.017712068 0.00335 -0.04027757
v -0.017712068 0.00335 0.04027757
v -0.017712068 0.0045 -0.04027757
v -0.017712068 0.0045 0.04027757
v -0.017712068 0.0069 -0.04027757
v -0.017712068 0.0069 0.04027757
v -0.017712068 0.00805 -0.04027757
v -0.017712068 0.00805 0.04027757
v -0.016987483 -0.00805 -0.038629851
v -0.016987483 -0.00805 0.038629851
v -0.016987483 -0.0069 -0.038629851
v -0.016987483 -0.0069 0.038629851
v -0.016987483 -0.0045 -0.038629851
v -0.016987483 -0.0045 0.038629851
v -0.016987483 -0.00335 -0.038629851
v -0.016987483 -0.00335 0.038629851
v -0.016987483 0.00335 -0.038629851
v -0.016987483 0.00335 0.038629851
v -0.016987483 0.0045 -0.038629851
v -0.016987483 0.0045 0.038629851
v -0.016987483 0.0069 -0.038629851
v -0.016987483 0.0069 0.038629851
v -0.016987483 0.00805 -0.038629851
v -0.016987483 0.00805 0.038629851
v -0.01595622 -0.00805 -0.041004866
v -0.01595622 -0.00805 0.041004866
v -0.01595622 -0.0069 -0.041004866
v -0.01595622 -0.0069 0.041004866
v -0.01595622 -0.0045 -0.041004866
v -0.01595622 -0.0045 0.041004866
v -0.01595622 -0.00335 -0.041004866
v -0.01595622 -0.00335 0.041004866
v -0.01595622 0.00335 -0.041004866
v -0.01595622 0.00335 0.041004866
v -0.01595622 0.0045 -0.041004866
v -0.01595622 0.0045 0.041004866
v -0.01595622 0.0069 -0.041004866
v -0.01595622 0.0069 0.041004866
v -0.01595622 0.00805 -0.041004866
v -0.01595622 0.00805 0.041004866
v -0.015303465 -0.00805 -0.039327394
v -0.015303465 -0.00805 0.039327394
v -0.015303465 -0.0069 -0.039327394
v -0.015303465 -0.0069 0.039327394
v -0.015303465 -0.0045 -0.039327394
v -0.015303465 -0.0045 0.039327394
v -0.015303465 -0.00335 -0.039327394
v -0.015303465 -0.00335 0.039327394
v -0.015303465 0.00335 -0.039327394
v -0.015303465 0.00335 0.039327394
v -0.015303465 0.0045 -0.039327394
v -0.015303465 0.0045 0.039327394
v -0.015303465 0.0069 -0.039327394
v -0.015303465 0.0069 0.039327394
v -0.015303465 0.00805 -0.039327394
v -0.015303465 0.00805 0.039327394
v -0.014879174 -0.006275 -0.041407852
v -0.014879174 -0.006275 0.041407852
v -0.014879174 -0.005125 -0.041407852
v -0.014879174 -0.005125 0.041407852
v -0.014879174 0.005125 -0.041407852
v -0.014879174 0.005125 0.041407852
v -0.014879174 0.006275 -0.041407852
v -0.014879174 0.006275 0.041407852
v -0.014767106 -0.01375 0.04144795
v -0.014767106 -0.011975 -0.04144795
v -0.014767106 -0.011975 0.04144795
v -0.014767106 -0.010825 -0.04144795
v -0.014767106 -0.010825 0.04144795
v -0.014767106 -0.00905 0.04144795
v -0.014767106 -0.00235 0.04144795
v -0.014767106 -0.000575 -0.04144795
v -0.014767106 -0.000575 0.04144795
v -0.014767106 0.000575 -0.04144795
v -0.014767106 0.000575 0.04144795
v -0.014767106 0.00235 0.04144795
v -0.014767106 0.00905 0.04144795
v -0.014767106 0.010825 -0.04144795
v -0.014767106 0.010825 0.04144795
v -0.014767106 0.011975 -0.04144795
v -0.014767106 0.011975 0.04144795
v -0.014767106 0.01375 0.04144795
v -0.014270481 -0.006275 -0.039713894
v -0.014270481 -0.006275 0.039713894
v -0.014270481 -0.005125 -0.039713894
v -0.014270481 -0.005125 0.039713894
v -0.014270481 0.005125 -0.039713894
v -0.014270481 0.005125 0.039713894
v -0.014270481 0.006275 -0.039713894
v -0.014270481 0.006275 0.039713894
v -0.014162997 -0.01375 0.039752352
v -0.014162997 -0.011975 -0.039752352
v -0.014162997 -0.011975 0.039752352
v -0.014162997 -0.010825 -0.039752352
v -0.014162997 -0.010825 0.039752352
v -0.014162997 -0.00905 0.039752352
v -0.014162997 -0.00235 0.039752352
v -0.014162997 -0.000575 -0.039752352
v -0.014162997 -0.000575 0.039752352
v -0.014162997 0.000575 -0.039752352
v -0.014162997 0.000575 0.039752352
v -0.014162997 0.00235 0.039752352
v -0.014162997 0.00905 0.039752352
v -0.014162997 0.010825 -0.039752352
v -0.014162997 0.010825 0.039752352
v -0.014162997 0.011975 -0.039752352
v -0.014162997 0.011975 0.039752352
v -0.014162997 0.01375 0.039752352
v -0.013678887 -0.01375 -0.041819709
v -0.013678887 -0.01375 0.041819709
v -0.013678887 -0.0126 -0.041819709
v -0.013678887 -0.0126 0.041819709
v -0.013678887 -0.0102 -0.041819709
v -0.013678887 -0.0102 0.041819709
v -0.013678887 -0.00905 -0.041819709
v -0.013678887 -0.00905 0.041819709
v -0.013678887 -0.00235 -0.041819709
v -0.013678887 -0.00235 0.041819709
v -0.013678887 -0.0012 -0.041819709
v -0.013678887 -0.0012 0.041819709
v -0.013678887 0.0012 -0.041819709
v -0.013678887 0.0012 0.041819709
v -0.013678887 0.00235 -0.041819709
v -0.013678887 0.00235 0.041819709
v -0.013678887 0.00905 -0.041819709
v -0.013678887 0.00905 0.041819709
v -0.013678887 0.0102 -0.041819709
v -0.013678887 0.0102 0.041819709
v -0.013678887 0.0126 -0.041819709
v -0.013678887 0.0126 0.041819709
v -0.013678887 0.01375 -0.041819709
v -0.013678887 0.01375 0.041819709
v -0.013119296 -0.01375 -0.040108903
v -0.013119296 -0.01375 0.040108903
v -0.013119296 -0.0126 -0.040108903
v -0.013119296 -0.0126 0.040108903
v -0.013119296 -0.0102 -0.040108903
v -0.013119296 -0.0102 0.040108903
v -0.013119296 -0.00905 -0.040108903
v -0.013119296 -0.00905 0.040108903
v -0.013119296 -0.00235 -0.040108903
v -0.013119296 -0.00235 0.040108903
v -0.013119296 -0.0012 -0.040108903
v -0.013119296 -0.0012 0.040108903
v -0.013119296 0.0012 -0.040108903
v -0.013119296 0.0012 0.040108903
v -0.013119296 0.00235 -0.040108903
v -0.013119296 0.00235 0.040108903
v -0.013119296 0.00905 -0.040108903
v -0.013119296 0.00905 0.040108903
v -0.013119296 0.0102 -0.040108903
v -0.013119296 0.0102 0.040108903
v -0.013119296 0.0126 -0.040108903
v -0.013119296 0.0126 0.040108903
v -0.013119296 0.01375 -0.040108903
v -0.013119296 0.01375 0.040108903
v -0.011860207 -0.01375 -0.0423714
v -0.011860207 -0.01375 0.0423714
v -0.011860207 -0.0126 -0.0423714
v -0.011860207 -0.0126 0.0423714
v -0.011860207 -0.0102 -0.0423714
v -0.011860207 -0.0102 0.0423714
v -0.011860207 -0.00905 -0.0423714
v -0.011860207 -0.00905 0.0423714
v -0.011860207 -0.00235 -0.0423714
v -0.011860207 -0.00235 0.0423714
v -0.011860207 -0.0012 -0.0423714
v -0.011860207 -0.0012 0.0423714
v -0.011860207 0.0012 -0.0423714
v -0.011860207 0.0012 0.0423714
v -0.011860207 0.00235 -0.0423714
v -0.011860207 0.00235 0.0423714
v -0.011860207 0.00905 -0.0423714
v -0.011860207 0.00905 0.0423714
v -0.011860207 0.0102 -0.0423714
v -0.011860207 0.0102 0.0423714
v -0.011860207 0.0126 -0.0423714
v -0.011860207 0.0126 0.0423714
v -0.011860207 0.01375 -0.0423714
v -0.011860207 0.01375 0.0423714
v -0.011375016 -0.01375 -0.040638024
v -0.011375016 -0.01375 0.040638024
v -0.011375016 -0.0126 -0.040638024
v -0.011375016 -0.0126 0.040638024
v -0.011375016 -0.0102 -0.040638024
v -0.011375016 -0.0102 0.040638024
v -0.011375016 -0.00905 -0.040638024
v -0.011375016 -0.00905 0.040638024
v -0.011375016 -0.00235 -0.040638024
v -0.011375016 -0.00235 0.040638024
v -0.011375016 -0.0012 -0.040638024
v -0.011375016 -0.0012 0.040638024
v -0.011375016 0.0012 -0.040638024
v -0.011375016 0.0012 0.040638024
v -0.011375016 0.00235 -0.040638024
v -0.011375016 0.00235 0.040638024
v -0.011375016 0.00905 -0.040638024
v -0.011375016 0.00905 0.040638024
v -0.011375016 0.0102 -0.040638024
v -0.011375016 0.0102 0.040638024
v -0.011375016 0.0126 -0.040638024
v -0.011375016 0.0126 0.040638024
v -0.011375016 0.01375 -0.040638024
v -0.011375016 0.01375 0.040638024
v -0.010748848 -0.01375 0.042666876
v -0.010748848 -0.011975 -0.042666876
v -0.010748848 -0.011975 0.042666876
v -0.010748848 -0.010825 -0.042666876
v -0.010748848 -0.010825 0.042666876
v -0.010748848 -0.00905 0.042666876
v -0.010748848 -0.00235 0.042666876
v -0.010748848 -0.000575 -0.042666876
v -0.010748848 -0.000575 0.042666876
v -0.010748848 0.000575 -0.042666876
v -0.010748848 0.000575 0.042666876
v -0.010748848 0.00235 0.042666876
v -0.010748848 0.00905 0.042666876
v -0.010748848 0.010825 -0.042666876
v -0.010748848 0.010825 0.042666876
v -0.010748848 0.011975 -0.042666876
v -0.010748848 0.011975 0.042666876
v -0.010748848 0.01375 0.042666876
v -0.010633389 -0.00805 -0.042695797
v -0.010633389 -0.00805 0.042695797
v -0.010633389 -0.006275 -0.042695797
v -0.010633389 -0.006275 0.042695797
v -0.010633389 -0.005125 -0.042695797
v -0.010633389 -0.005125 0.042695797
v -0.010633389 -0.00335 -0.042695797
v -0.010633389 -0.00335 0.042695797
v -0.010633389 0.00335 -0.042695797
v -0.010633389 0.00335 0.042695797
v -0.010633389 0.005125 -0.042695797
v -0.010633389 0.005125 0.042695797
v -0.010633389 0.006275 -0.042695797
v -0.010633389 0.006275 0.042695797
v -0.010633389 0.00805 -0.042695797
v -0.010633389 0.00805 0.042695797
v -0.010309122 -0.01375 0.040921412
v -0.010309122 -0.011975 -0.040921412
v -0.010309122 -0.011975 0.040921412
v -0.010309122 -0.010825 -0.040921412
v -0.010309122 -0.010825 0.040921412
v -0.010309122 -0.00905 0.040921412
v -0.010309122 -0.00235 0.040921412
v -0.010309122 -0.000575 -0.040921412
v -0.010309122 -0.000575 0.040921412
v -0.010309122 0.000575 -0.040921412
v -0.010309122 0.000575 0.040921412
v -0.010309122 0.00235 0.040921412
v -0.010309122 0.00905 0.040921412
v -0.010309122 0.010825 -0.040921412
v -0.010309122 0.010825 0.040921412
v -0.010309122 0.011975 -0.040921412
v -0.010309122 0.011975 0.040921412
v -0.010309122 0.01375 0.040921412
v -0.010198386 -0.00805 -0.04094915
v -0.010198386 -0.00805 0.04094915
v -0.010198386 -0.006275 -0.04094915
v -0.010198386 -0.006275 0.04094915
v -0.010198386 -0.005125 -0.04094915
v -0.010198386 -0.005125 0.04094915
v -0.010198386 -0.00335 -0.04094915
v -0.010198386 -0.00335 0.04094915
v -0.010198386 0.00335 -0.04094915
v -0.010198386 0.00335 0.04094915
v -0.010198386 0.005125 -0.04094915
v -0.010198386 0.005125 0.04094915
v -0.010198386 0.006275 -0.04094915
v -0.010198386 0.006275 0.04094915
v -0.010198386 0.00805 -0.04094915
v -0.010198386 0.00805 0.04094915
v -0.009513971 -0.00805 -0.042959101
v -0.009513971 -0.00805 0.042959101
v -0.009513971 -0.0069 -0.042959101
v -0.009513971 -0.0069 0.042959101
v -0.009513971 -0.0045 -0.042959101
v -0.009513971 -0.0045 0.042959101
v -0.009513971 -0.00335 -0.042959101
v -0.009513971 -0.00335 0.042959101
v -0.009513971 0.00335 -0.042959101
v -0.009513971 0.00335 0.042959101
v -0.009513971 0.0045 -0.042959101
v -0.009513971 0.0045 0.042959101
v -0.009513971 0.0069 -0.042959101
v -0.009513971 0.0069 0.042959101
v -0.009513971 0.00805 -0.042959101
v -0.009513971 0.00805 0.042959101
v -0.0091247631 -0.00805 -0.041201683
v -0.0091247631 -0.00805 0.041201683
v -0.0091247631 -0.0069 -0.041201683
v -0.0091247631 -0.0069 0.041201683
v -0.0091247631 -0.0045 -0.041201683
v -0.0091247631 -0.0045 0.041201683
v -0.0091247631 -0.00335 -0.041201683
v -0.0091247631 -0.00335 0.041201683
v -0.0091247631 0.00335 -0.041201683
v -0.0091247631 0.00335 0.041201683
v -0.0091247631 0.0045 -0.041201683
v -0.0091247631 0.0045 0.041201683
v -0.0091247631 0.0069 -0.041201683
v -0.0091247631 0.0069 0.041201683
v -0.0091247631 0.00805 -0.041201683
v -0.0091247631 0.00805 0.041201683
v -0.0076499731 -0.00805 -0.043329873
v -0.0076499731 -0.00805 0.043329873
v -0.0076499731 -0.0069 -0.043329873
v -0.0076499731 -0.0069 0.043329873
v -0.0076499731 -0.0045 -0.043329873
v -0.0076499731 -0.0045 0.043329873
v -0.0076499731 -0.00335 -0.043329873
v -0.0076499731 -0.00335 0.043329873
v -0.0076499731 0.00335 -0.043329873
v -0.0076499731 0.00335 0.043329873
v -0.0076499731 0.0045 -0.043329873
v -0.0076499731 0.0045 0.043329873
v -0.0076499731 0.0069 -0.043329873
v -0.0076499731 0.0069 0.043329873
v -0.0076499731 0.00805 -0.043329873
v -0.0076499731 0.00805 0.043329873
v -0.0073370197 -0.00805 -0.041557287
v -0.0073370197 -0.00805 0.041557287
v -0.0073370197 -0.0069 -0.041557287
v -0.0073370197 -0.0069 0.041557287
v -0.0073370197 -0.0045 -0.041557287
v -0.0073370197 -0.0045 0.041557287
v -0.0073370197 -0.00335 -0.041557287
v -0.0073370197 -0.00335 0.041557287
v -0.0073370197 0.00335 -0.041557287
v -0.0073370197 0.00335 0.041557287
v -0.0073370197 0.0045 -0.041557287
v -0.0073370197 0.0045 0.041557287
v -0.0073370197 0.0069 -0.041557287
v -0.0073370197 0.0069 0.041557287
v -0.0073370197 0.00805 -0.041557287
v -0.0073370197 0.00805 0.041557287
v -0.006515004 -0.00805 -0.043514994
v -0.006515004 -0.00805 0.043514994
v -0.006515004 -0.006275 -0.043514994
v -0.006515004 -0.006275 0.043514994
v -0.006515004 -0.005125 -0.043514994
v -0.006515004 -0.005125 0.043514994
v -0.006515004 -0.00335 -0.043514994
v -0.006515004 -0.00335 0.043514994
v -0.006515004 0.00335 -0.043514994
v -0.006515004 0.00335 0.043514994
v -0.006515004 0.005125 -0.043514994
v -0.006515004 0.005125 0.043514994
v -0.006515004 0.006275 -0.043514994
v -0.006515004 0.006275 0.043514994
v -0.006515004 0.00805 -0.043514994
v -0.006515004 0.00805 0.043514994
v -0.006397266 -0.01375 -0.043532459
v -0.006397266 -0.011975 -0.043532459
v -0.006397266 -0.011975 0.043532459
v -0.006397266 -0.010825 -0.043532459
v -0.006397266 -0.010825 0.043532459
v -0.006397266 -0.00905 -0.043532459
v -0.006397266 -0.00235 -0.043532459
v -0.006397266 -0.000575 -0.043532459
v -0.006397266 -0.000575 0.043532459
v -0.006397266 0.000575 -0.043532459
v -0.006397266 0.000575 0.043532459
v -0.006397266 0.00235 -0.043532459
v -0.006397266 0.00905 -0.043532459
v -0.006397266 0.010825 -0.043532459
v -0.006397266 0.010825 0.043532459
v -0.006397266 0.011975 -0.043532459
v -0.006397266 0.011975 0.043532459
v -0.006397266 0.01375 -0.043532459
v -0.0062484811 -0.00805 -0.041734835
v -0.0062484811 -0.00805 0.041734835
v -0.0062484811 -0.006275 -0.041734835
v -0.0062484811 -0.006275 0.041734835
v -0.0062484811 -0.005125 -0.041734835
v -0.0062484811 -0.005125 0.041734835
v -0.0062484811 -0.00335 -0.041734835
v -0.0062484811 -0.00335 0.041734835
v -0.0062484811 0.00335 -0.041734835
v -0.0062484811 0.00335 0.041734835
v -0.0062484811 0.005125 -0.041734835
v -0.0062484811 0.005125 0.041734835
v -0.0062484811 0.006275 -0.041734835
v -0.0062484811 0.006275 0.041734835
v -0.0062484811 0.00805 -0.041734835
v -0.0062484811 0.00805 0.041734835
v -0.0061355596 -0.01375 -0.041751586
v -0.0061355596 -0.011975 -0.041751586
v -0.0061355596 -0.011975 0.041751586
v -0.0061355596 -0.010825 -0.041751586
v -0.0061355596 -0.010825 0.041751586
v -0.0061355596 -0.00905 -0.041751586
v -0.0061355596 -0.00235 -0.041751586
v -0.0061355596 -0.000575 -0.041751586
v -0.0061355596 -0.000575 0.041751586
v -0.0061355596 0.000575 -0.041751586
v -0.0061355596 0.000575 0.041751586
v -0.0061355596 0.00235 -0.041751586
v -0.0061355596 0.00905 -0.041751586
v -0.0061355596 0.010825 -0.041751586
v -0.0061355596 0.010825 0.041751586
v -0.0061355596 0.011975 -0.041751586
v -0.0061355596 0.011975 0.041751586
v -0.0061355596 0.01375 -0.041751586
v -0.0052574304 -0.01375 -0.043684773
v -0.0052574304 -0.01375 0.043684773
v -0.0052574304 -0.0126 -0.043684773
v -0.0052574304 -0.0126 0.043684773
v -0.0052574304 -0.0102 -0.043684773
v -0.0052574304 -0.0102 0.043684773
v -0.0052574304 -0.00905 -0.043684773
v -0.0052574304 -0.00905 0.043684773
v -0.0052574304 -0.00235 -0.043684773
v -0.0052574304 -0.00235 0.043684773
v -0.0052574304 -0.0012 -0.043684773
v -0.0052574304 -0.0012 0.043684773
v -0.0052574304 0.0012 -0.043684773
v -0.0052574304 0.0012 0.043684773
v -0.0052574304 0.00235 -0.043684773
v -0.0052574304 0.00235 0.043684773
v -0.0052574304 0.00905 -0.043684773
v -0.0052574304 0.00905 0.043684773
v -0.0052574304 0.0102 -0.043684773
v -0.0052574304 0.0102 0.043684773
v -0.0052574304 0.0126 -0.043684773
v -0.0052574304 0.0126 0.043684773
v -0.0052574304 0.01375 -0.043684773
v -0.0052574304 0.01375 0.043684773
v -0.0050423537 -0.01375 -0.041897669
v -0.0050423537 -0.01375 0.041897669
v -0.0050423537 -0.0126 -0.041897669
v -0.0050423537 -0.0126 0.041897669
v -0.0050423537 -0.0102 -0.041897669
v -0.0050423537 -0.0102 0.041897669
v -0.0050423537 -0.00905 -0.041897669
v -0.0050423537 -0.00905 0.041897669
v -0.0050423537 -0.00235 -0.041897669
v -0.0050423537 -0.00235 0.041897669
v -0.0050423537 -0.0012 -0.041897669
v -0.0050423537 -0.0012 0.041897669
v -0.0050423537 0.0012 -0.041897669
v -0.0050423537 0.0012 0.041897669
v -0.0050423537 0.00235 -0.041897669
v -0.0050423537 0.00235 0.041897669
v -0.0050423537 0.00905 -0.041897669
v -0.0050423537 0.00905 0.041897669
v -0.0050423537 0.0102 -0.041897669
v -0.0050423537 0.0102 0.041897669
v -0.0050423537 0.0126 -0.041897669
v -0.0050423537 0.0126 0.041897669
v -0.0050423537 0.01375 -0.041897669
v -0.0050423537 0.01375 0.041897669
v -0.0033660661 -0.01375 -0.043871057
v -0.0033660661 -0.01375 0.043871057
v -0.0033660661 -0.0126 -0.043871057
v -0.0033660661 -0.0126 0.043871057
v -0.0033660661 -0.0102 -0.043871057
v -0.0033660661 -0.0102 0.043871057
v -0.0033660661 -0.00905 -0.043871057
v -0.0033660661 -0.00905 0.043871057
v -0.0033660661 -0.00235 -0.043871057
v -0.0033660661 -0.00235 0.043871057
v -0.0033660661 -0.0012 -0.043871057
v -0.0033660661 -0.0012 0.043871057
v -0.0033660661 0.0012 -0.043871057
v -0.0033660661 0.0012 0.043871057
v -0.0033660661 0.00235 -0.043871057
v -0.0033660661 0.00235 0.043871057
v -0.0033660661 0.00905 -0.043871057
v -0.0033660661 0.00905 0.043871057
v -0.0033660661 0.0102 -0.043871057
v -0.0033660661 0.0102 0.043871057
v -0.0033660661 0.0126 -0.043871057
v -0.0033660661 0.0126 0.043871057
v -0.0033660661 0.01375 -0.043871057
v -0.0033660661 0.01375 0.043871057
v -0.0032283634 -0.01375 -0.042076331
v -0.0032283634 -0.01375 0.042076331
v -0.0032283634 -0.0126 -0.042076331
v -0.0032283634 -0.0126 0.042076331
v -0.0032283634 -0.0102 -0.042076331
v -0.0032283634 -0.0102 0.042076331
v -0.0032283634 -0.00905 -0.042076331
v -0.0032283634 -0.00905 0.042076331
v -0.0032283634 -0.00235 -0.042076331
v -0.0032283634 -0.00235 0.042076331
v -0.0032283634 -0.0012 -0.042076331
v -0.0032283634 -0.0012 0.042076331
v -0.0032283634 0.0012 -0.042076331
v -0.0032283634 0.0012 0.042076331
v -0.0032283634 0.00235 -0.042076331
v -0.0032283634 0.00235 0.042076331
v -0.0032283634 0.00905 -0.042076331
v -0.0032283634 0.00905 0.042076331
v -0.0032283634 0.0102 -0.042076331
v -0.0032283634 0.0102 0.042076331
v -0.0032283634 0.0126 -0.042076331
v -0.0032283634 0.0126 0.042076331
v -0.0032283634 0.01375 -0.042076331
v -0.0032283634 0.01375 0.042076331
v -0.0022184172 -0.01375 -0.04394404
v -0.0022184172 -0.011975 -0.04394404
v -0.0022184172 -0.011975 0.04394404
v -0.0022184172 -0.010825 -0.04394404
v -0.0022184172 -0.010825 0.04394404
v -0.0022184172 -0.00905 -0.04394404
v -0.0022184172 -0.00235 -0.04394404
v -0.0022184172 -0.000575 -0.04394404
v -0.0022184172 -0.000575 0.04394404
v -0.0022184172 0.000575 -0.04394404
v -0.0022184172 0.000575 0.04394404
v -0.0022184172 0.00235 -0.04394404
v -0.0022184172 0.00905 -0.04394404
v -0.0022184172 0.010825 -0.04394404
v -0.0022184172 0.010825 0.04394404
v -0.0022184172 0.011975 -0.04394404
v -0.0022184172 0.011975 0.04394404
v -0.0022184172 0.01375 -0.04394404
v -0.0021276637 -0.01375 -0.042146329
v -0.0021276637 -0.011975 -0.042146329
v -0.0021276637 -0.011975 0.042146329
v -0.0021276637 -0.010825 -0.042146329
v -0.0021276637 -0.010825 0.042146329
v -0.0021276637 -0.00905 -0.042146329
v -0.0021276637 -0.00235 -0.042146329
v -0.0021276637 -0.000575 -0.042146329
v -0.0021276637 -0.000575 0.042146329
v -0.0021276637 0.000575 -0.042146329
v -0.0021276637 0.000575 0.042146329
v -0.0021276637 0.00235 -0.042146329
v -0.0021276637 0.00905 -0.042146329
v -0.0021276637 0.010825 -0.042146329
v -0.0021276637 0.010825 0.042146329
v -0.0021276637 0.011975 -0.042146329
v -0.0021276637 0.011975 0.042146329
v -0.0021276637 0.01375 -0.042146329
v -0.0020995342 -0.006275 -0.04394988
v -0.0020995342 -0.006275 0.04394988
v -0.0020995342 -0.005125 -0.04394988
v -0.0020995342 -0.005125 0.04394988
v -0.0020995342 0.005125 -0.04394988
v -0.0020995342 0.005125 0.04394988
v -0.0020995342 0.006275 -0.04394988
v -0.0020995342 0.006275 0.04394988
v -0.0020136442 -0.006275 -0.04215193
v -0.0020136442 -0.006275 0.04215193
v -0.0020136442 -0.005125 -0.04215193
v -0.0020136442 -0.005125 0.04215193
v -0.0020136442 0.005125 -0.04215193
v -0.0020136442 0.005125 0.04215193
v -0.0020136442 0.006275 -0.04215193
v -0.0020136442 0.006275 0.04215193
v -0.00095025789 -0.00805 -0.043989738
v -0.00095025789 -0.00805 0.043989738
v -0.00095025789 -0.0069 -0.043989738
v -0.00095025789 -0.0069 0.043989738
v -0.00095025789 -0.0045 -0.043989738
v -0.00095025789 -0.0045 0.043989738
v -0.00095025789 -0.00335 -0.043989738
v -0.00095025789 -0.00335 0.043989738
v -0.00095025789 0.00335 -0.043989738
v -0.00095025789 0.00335 0.043989738
v -0.00095025789 0.0045 -0.043989738
v -0.00095025789 0.0045 0.043989738
v -0.00095025789 0.0069 -0.043989738
v -0.00095025789 0.0069 0.043989738
v -0.00095025789 0.00805 -0.043989738
v -0.00095025789 0.00805 0.043989738
v -0.00091138371 -0.00805 -0.042190157
v -0.00091138371 -0.00805 0.042190157
v -0.00091138371 -0.0069 -0.042190157
v -0.00091138371 -0.0069 0.042190157
v -0.00091138371 -0.0045 -0.042190157
v -0.00091138371 -0.0045 0.042190157
v -0.00091138371 -0.00335 -0.042190157
v -0.00091138371 -0.00335 0.042190157
v -0.00091138371 0.00335 -0.042190157
v -0.00091138371 0.00335 0.042190157
v -0.00091138371 0.0045 -0.042190157
v -0.00091138371 0.0045 0.042190157
v -0.00091138371 0.0069 -0.042190157
v -0.00091138371 0.0069 0.042190157
v -0.00091138371 0.00805 -0.042190157
v -0.00091138371 0.00805 0.042190157
v 0.00091138371 -0.00805 -0.042190157
v 0.00091138371 -0.00805 0.042190157
v 0.00091138371 -0.0069 -0.042190157
v 0.00091138371 -0.0069 0.042190157
v 0.00091138371 -0.0045 -0.042190157
v 0.00091138371 -0.0045 0.042190157
v 0.00091138371 -0.00335 -0.042190157
v 0.00091138371 -0.00335 0.042190157
v 0.00091138371 0.00335 -0.042190157
v 0.00091138371 0.00335 0.042190157
v 0.00091138371 0.0045 -0.042190157
v 0.00091138371 0.0045 0.042190157
v 0.00091138371 0.0069 -0.042190157
v 0.00091138371 0.0069 0.042190157
v 0.00091138371 0.00805 -0.042190157
v 0.00091138371 0.00805 0.042190157
v 0.00095025789 -0.00805 -0.043989738
v 0.00095025789 -0.00805 0.043989738
v 0.00095025789 -0.0069 -0.043989738
v 0.00095025789 -0.0069 0.043989738
v 0.00095025789 -0.0045 -0.043989738
v 0.00095025789 -0.0045 0.043989738
v 0.00095025789 -0.00335 -0.043989738
v 0.00095025789 -0.00335 0.043989738
v 0.00095025789 0.00335 -0.043989738
v 0.00095025789 0.00335 0.043989738
v 0.00095025789 0.0045 -0.043989738
v 0.00095025789 0.0045 0.043989738
v 0.00095025789 0.0069 -0.043989738
v 0.00095025789 0.0069 0.043989738
v 0.00095025789 0.00805 -0.043989738
v 0.00095025789 0.00805 0.043989738
v 0.0020136442 -0.006275 -0.04215193
v 0.0020136442 -0.006275 0.04215193
v 0.0020136442 -0.005125 -0.04215193
v 0.0020136442 -0.005125 0.04215193
v 0.0020136442 0.005125 -0.04215193
v 0.0020136442 0.005125 0.04215193
v 0.0020136442 0.006275 -0.04215193
v 0.0020136442 0.006275 0.04215193
v 0.0020995342 -0.006275 -0.04394988
v 0.0020995342 -0.006275 0.04394988
v 0.0020995342 -0.005125 -0.04394988
v 0.0020995342 -0.005125 0.04394988
v 0.0020995342 0.005125 -0.04394988
v 0.0020995342 0.005125 0.04394988
v 0.0020995342 0.006275 -0.04394988
v 0.0020995342 0.006275 0.04394988
v 0.0021276637 -0.01375 0.042146329
v 0.0021276637 -0.011975 -0.042146329
v 0.0021276637 -0.011975 0.042146329
v 0.0021276637 -0.010825 -0.042146329
v 0.0021276637 -0.010825 0.042146329
v 0.0021276637 -0.00905 0.042146329
v 0.0021276637 -0.00235 0.042146329
v 0.0021276637 -0.000575 -0.042146329
v 0.0021276637 -0.000575 0.042146329
v 0.0021276637 0.000575 -0.042146329
v 0.0021276637 0.000575 0.042146329
v 0.0021276637 0.00235 0.042146329
v 0.0021276637 0.00905 0.042146329
v 0.0021276637 0.010825 -0.042146329
v 0.0021276637 0.010825 0.042146329
v 0.0021276637 0.011975 -0.042146329
v 0.0021276637 0.011975 0.042146329
v 0.0021276637 0.01375 0.042146329
v 0.0022184172 -0.01375 0.04394404
v 0.0022184172 -0.011975 -0.04394404
v 0.0022184172 -0.011975 0.04394404
v 0.0022184172 -0.010825 -0.04394404
v 0.0022184172 -0.010825 0.04394404
v 0.0022184172 -0.00905 0.04394404
v 0.0022184172 -0.00235 0.04394404
v 0.0022184172 -0.000575 -0.04394404
v 0.0022184172 -0.000575 0.04394404
v 0.0022184172 0.000575 -0.04394404
v 0.0022184172 0.000575 0.04394404
v 0.0022184172 0.00235 0.04394404
v 0.0022184172 0.00905 0.04394404
v 0.0022184172 0.010825 -0.04394404
v 0.0022184172 0.010825 0.04394404
v 0.0022184172 0.011975 -0.04394404
v 0.0022184172 0.011975 0.04394404
v 0.0022184172 0.01375 0.04394404
v 0.0032283634 -0.01375 -0.042076331
v 0.0032283634 -0.01375 0.042076331
v 0.0032283634 -0.0126 -0.042076331
v 0.0032283634 -0.0126 0.042076331
v 0.0032283634 -0.0102 -0.042076331
v 0.0032283634 -0.0102 0.042076331
v 0.0032283634 -0.00905 -0.042076331
v 0.0032283634 -0.00905 0.042076331
v 0.0032283634 -0.00235 -0.042076331
v 0.0032283634 -0.00235 0.042076331
v 0.0032283634 -0.0012 -0.042076331
v 0.0032283634 -0.0012 0.042076331
v 0.0032283634 0.0012 -0.042076331
v 0.0032283634 0.0012 0.042076331
v 0.0032283634 0.00235 -0.042076331
v 0.0032283634 0.00235 0.042076331
v 0.0032283634 0.00905 -0.042076331
v 0.0032283634 0.00905 0.042076331
v 0.0032283634 0.0102 -0.042076331
v 0.0032283634 0.0102 0.042076331
v 0.0032283634 0.0126 -0.042076331
v 0.0032283634 0.0126 0.042076331
v 0.0032283634 0.01375 -0.042076331
v 0.0032283634 0.01375 0.042076331
v 0.0033660661 -0.01375 -0.043871057
v 0.0033660661 -0.01375 0.043871057
v 0.0033660661 -0.0126 -0.043871057
v 0.0033660661 -0.0126 0.043871057
v 0.0033660661 -0.0102 -0.043871057
v 0.0033660661 -0.0102 0.043871057
v 0.0033660661 -0.00905 -0.043871057
v 0.0033660661 -0.00905 0.043871057
v 0.0033660661 -0.00235 -0.043871057
v 0.0033660661 -0.00235 0.043871057
v 0.0033660661 -0.0012 -0.043871057
v 0.0033660661 -0.0012 0.043871057
v 0.0033660661 0.0012 -0.043871057
v 0.0033660661 0.0012 0.043871057
v 0.0033660661 0.00235 -0.043871057
v 0.0033660661 0.00235 0.043871057
v 0.0033660661 0.00905 -0.043871057
v 0.0033660661 0.00905 0.043871057
v 0.0033660661 0.0102 -0.043871057
v 0.0033660661 0.0102 0.043871057
v 0.0033660661 0.0126 -0.043871057
v 0.0033660661 0.0126 0.043871057
v 0.0033660661 0.01375 -0.043871057
v 0.0033660661 0.01375 0.043871057
v 0.0050423537 -0.01375 -0.041897669
v 0.0050423537 -0.01375 0.041897669
v 0.0050423537 -0.0126 -0.041897669
v 0.0050423537 -0.0126 0.041897669
v 0.0050423537 -0.0102 -0.041897669
v 0.0050423537 -0.0102 0.041897669
v 0.0050423537 -0.00905 -0.041897669
v 0.0050423537 -0.00905 0.041897669
v 0.0050423537 -0.00235 -0.041897669
v 0.0050423537 -0.00235 0.041897669
v 0.0050423537 -0.0012 -0.041897669
v 0.0050423537 -0.0012 0.041897669
v 0.0050423537 0.0012 -0.041897669
v 0.0050423537 0.0012 0.041897669
v 0.0050423537 0.00235 -0.041897669
v 0.0050423537 0.00235 0.041897669
v 0.0050423537 0.00905 -0.041897669
v 0.0050423537 0.00905 0.041897669
v 0.0050423537 0.0102 -0.041897669
v 0.0050423537 0.0102 0.041897669
v 0.0050423537 0.0126 -0.041897669
v 0.0050423537 0.0126 0.041897669
v 0.0050423537 0.01375 -0.041897669
v 0.0050423537 0.01375 0.041897669
v 0.0052574304 -0.01375 -0.043684773
v 0.0052574304 -0.01375 0.043684773
v 0.0052574304 -0.0126 -0.043684773
v 0.0052574304 -0.0126 0.043684773
v 0.0052574304 -0.0102 -0.043684773
v 0.0052574304 -0.0102 0.043684773
v 0.0052574304 -0.00905 -0.043684773
v 0.0052574304 -0.00905 0.043684773
v 0.0052574304 -0.00235 -0.043684773
v 0.0052574304 -0.00235 0.043684773
v 0.0052574304 -0.0012 -0.043684773
v 0.0052574304 -0.0012 0.043684773
v 0.0052574304 0.0012 -0.043684773
v 0.0052574304 0.0012 0.043684773
v 0.0052574304 0.00235 -0.043684773
v 0.0052574304 0.00235 0.043684773
v 0.0052574304 0.00905 -0.043684773
v 0.0052574304 0.00905 0.043684773
v 0.0052574304 0.0102 -0.043684773
v 0.0052574304 0.0102 0.043684773
v 0.0052574304 0.0126 -0.043684773
v 0.0052574304 0.0126 0.043684773
v 0.0052574304 0.01375 -0.043684773
v 0.0052574304 0.01375 0.043684773
v 0.0061355596 -0.01375 0.041751586
v 0.0061355596 -0.011975 -0.041751586
v 0.0061355596 -0.011975 0.041751586
v 0.0061355596 -0.010825 -0.041751586
v 0.0061355596 -0.010825 0.041751586
v 0.0061355596 -0.00905 0.041751586
v 0.0061355596 -0.00235 0.041751586
v 0.0061355596 -0.000575 -0.041751586
v 0.0061355596 -0.000575 0.041751586
v 0.0061355596 0.000575 -0.041751586
v 0.0061355596 0.000575 0.041751586
v 0.0061355596 0.00235 0.041751586
v 0.0061355596 0.00905 0.041751586
v 0.0061355596 0.010825 -0.041751586
v 0.0061355596 0.010825 0.041751586
v 0.0061355596 0.011975 -0.041751586
v 0.0061355596 0.011975 0.041751586
v 0.0061355596 0.01375 0.041751586
v 0.0062484811 -0.00805 -0.041734835
v 0.0062484811 -0.00805 0.041734835
v 0.0062484811 -0.006275 -0.041734835
v 0.0062484811 -0.006275 0.041734835
v 0.0062484811 -0.005125 -0.041734835
v 0.0062484811 -0.005125 0.041734835
v 0.0062484811 -0.00335 -0.041734835
v 0.0062484811 -0.00335 0.041734835
v 0.0062484811 0.00335 -0.041734835
v 0.0062484811 0.00335 0.041734835
v 0.0062484811 0.005125 -0.041734835
v 0.0062484811 0.005125 0.041734835
v 0.0062484811 0.006275 -0.041734835
v 0.0062484811 0.006275 0.041734835
v 0.0062484811 0.00805 -0.041734835
v 0.0062484811 0.00805 0.041734835
v 0.006397266 -0.01375 0.043532459
v 0.006397266 -0.011975 -0.043532459
v 0.006397266 -0.011975 0.043532459
v 0.006397266 -0.010825 -0.043532459
v 0.006397266 -0.010825 0.043532459
v 0.006397266 -0.00905 0.043532459
v 0.006397266 -0.00235 0.043532459
v 0.006397266 -0.000575 -0.043532459
v 0.006397266 -0.000575 0.043532459
v 0.006397266 0.000575 -0.043532459
v 0.006397266 0.000575 0.043532459
v 0.006397266 0.00235 0.043532459
v 0.006397266 0.00905 0.043532459
v 0.006397266 0.010825 -0.043532459
v 0.006397266 0.010825 0.043532459
v 0.006397266 0.011975 -0.043532459
v 0.006397266 0.011975 0.043532459
v 0.006397266 0.01375 0.043532459
v 0.006515004 -0.00805 -0.043514994
v 0.006515004 -0.00805 0.043514994
v 0.006515004 -0.006275 -0.043514994
v 0.006515004 -0.006275 0.043514994
v 0.006515004 -0.005125 -0.043514994
v 0.006515004 -0.005125 0.043514994
v 0.006515004 -0.00335 -0.043514994
v 0.006515004 -0.00335 0.043514994
v 0.006515004 0.00335 -0.043514994
v 0.006515004 0.00335 0.043514994
v 0.006515004 0.005125 -0.043514994
v 0.006515004 0.005125 0.043514994
v 0.006515004 0.006275 -0.043514994
v 0.006515004 0.006275 0.043514994
v 0.006515004 0.00805 -0.043514994
v 0.006515004 0.00805 0.043514994
v 0.0073370197 -0.00805 -0.041557287
v 0.0073370197 -0.00805 0.041557287
v 0.0073370197 -0.0069 -0.041557287
v 0.0073370197 -0.0069 0.041557287
v 0.0073370197 -0.0045 -0.041557287
v 0.0073370197 -0.0045 0.041557287
v 0.0073370197 -0.00335 -0.041557287
v 0.0073370197 -0.00335 0.041557287
v 0.0073370197 0.00335 -0.041557287
v 0.0073370197 0.00335 0.041557287
v 0.0073370197 0.0045 -0.041557287
v 0.0073370197 0.0045 0.041557287
v 0.0073370197 0.0069 -0.041557287
v 0.0073370197 0.0069 0.041557287
v 0.0073370197 0.00805 -0.041557287
v 0.0073370197 0.00805 0.041557287
v 0.0076499731 -0.00805 -0.043329873
v 0.0076499731 -0.00805 0.043329873
v 0.0076499731 -0.0069 -0.043329873
v 0.0076499731 -0.0069 0.043329873
v 0.0076499731 -0.0045 -0.043329873
v 0.0076499731 -0.0045 0.043329873
v 0.0076499731 -0.00335 -0.043329873
v 0.0076499731 -0.00335 0.043329873
v 0.0076499731 0.00335 -0.043329873
v 0.0076499731 0.00335 0.043329873
v 0.0076499731 0.0045 -0.043329873
v 0.0076499731 0.0045 0.043329873
v 0.0076499731 0.0069 -0.043329873
v 0.0076499731 0.0069 0.043329873
v 0.0076499731 0.00805 -0.043329873
v 0.0076499731 0.00805 0.043329873
v 0.0091247631 -0.00805 -0.041201683
v 0.0091247631 -0.00805 0.041201683
v 0.0091247631 -0.0069 -0.041201683
v 0.0091247631 -0.0069 0.041201683
v 0.0091247631 -0.0045 -0.041201683
v 0.0091247631 -0.0045 0.041201683
v 0.0091247631 -0.00335 -0.041201683
v 0.0091247631 -0.00335 0.041201683
v 0.0091247631 0.00335 -0.041201683
v 0.0091247631 0.00335 0.041201683
v 0.0091247631 0.0045 -0.041201683
v 0.0091247631 0.0045 0.041201683
v 0.0091247631 0.0069 -0.041201683
v 0.0091247631 0.0069 0.041201683
v 0.0091247631 0.00805 -0.041201683
v 0.0091247631 0.00805 0.041201683
v 0.009513971 -0.00805 -0.042959101
v 0.009513971 -0.00805 0.042959101
v 0.009513971 -0.0069 -0.042959101
v 0.009513971 -0.0069 0.042959101
v 0.009513971 -0.0045 -0.042959101
v 0.009513971 -0.0045 0.042959101
v 0.009513971 -0.00335 -0.042959101
v 0.009513971 -0.00335 0.042959101
v 0.009513971 0.00335 -0.042959101
v 0.009513971 0.00335 0.042959101
v 0.009513971 0.0045 -0.042959101
v 0.009513971 0.0045 0.042959101
v 0.009513971 0.0069 -0.042959101
v 0.009513971 0.0069 0.042959101
v 0.009513971 0.00805 -0.042959101
v 0.009513971 0.00805 0.042959101
v 0.010198386 -0.00805 -0.04094915
v 0.010198386 -0.00805 0.04094915
v 0.010198386 -0.006275 -0.04094915
v 0.010198386 -0.006275 0.04094915
v 0.010198386 -0.005125 -0.04094915
v 0.010198386 -0.005125 0.04094915
v 0.010198386 -0.00335 -0.04094915
v 0.010198386 -0.00335 0.04094915
v 0.010198386 0.00335 -0.04094915
v 0.010198386 0.00335 0.04094915
v 0.010198386 0.005125 -0.04094915
v 0.010198386 0.005125 0.04094915
v 0.010198386 0.006275 -0.04094915
v 0.010198386 0.006275 0.04094915
v 0.010198386 0.00805 -0.04094915
v 0.010198386 0.00805 0.04094915
v 0.010309122 -0.01375 -0.040921412
v 0.010309122 -0.011975 -0.040921412
v 0.010309122 -0.011975 0.040921412
v 0.010309122 -0.010825 -0.040921412
v 0.010309122 -0.010825 0.040921412
v 0.010309122 -0.00905 -0.040921412
v 0.010309122 -0.00235 -0.040921412
v 0.010309122 -0.000575 -0.040921412
v 0.010309122 -0.000575 0.040921412
v 0.010309122 0.000575 -0.040921412
v 0.010309122 0.000575 0.040921412
v 0.010309122 0.00235 -0.040921412
v 0.010309122 0.00905 -0.040921412
v 0.010309122 0.010825 -0.040921412
v 0.010309122 0.010825 0.040921412
v 0.010309122 0.011975 -0.040921412
v 0.010309122 0.011975 0.040921412
v 0.010309122 0.01375 -0.040921412
v 0.010633389 -0.00805 -0.042695797
v 0.010633389 -0.00805 0.042695797
v 0.010633389 -0.006275 -0.042695797
v 0.010633389 -0.006275 0.042695797
v 0.010633389 -0.005125 -0.042695797
v 0.010633389 -0.005125 0.042695797
v 0.010633389 -0.00335 -0.042695797
v 0.010633389 -0.00335 0.042695797
v 0.010633389 0.00335 -0.042695797
v 0.010633389 0.00335 0.042695797
v 0.010633389 0.005125 -0.042695797
v 0.010633389 0.005125 0.042695797
v 0.010633389 0.006275 -0.042695797
v 0.010633389 0.006275 0.042695797
v 0.010633389 0.00805 -0.042695797
v 0.010633389 0.00805 0.042695797
v 0.010748848 -0.01375 -0.042666876
v 0.010748848 -0.011975 -0.042666876
v 0.010748848 -0.011975 0.042666876
v 0.010748848 -0.010825 -0.042666876
v 0.010748848 -0.010825 0.042666876
v 0.010748848 -0.00905 -0.042666876
v 0.010748848 -0.00235 -0.042666876
v 0.010748848 -0.000575 -0.042666876
v 0.010748848 -0.000575 0.042666876
v 0.010748848 0.000575 -0.042666876
v 0.010748848 0.000575 0.042666876
v 0.010748848 0.00235 -0.042666876
v 0.010748848 0.00905 -0.042666876
v 0.010748848 0.010825 -0.042666876
v 0.010748848 0.010825 0.042666876
v 0.010748848 0.011975 -0.042666876
v 0.010748848 0.011975 0.042666876
v 0.010748848 0.01375 -0.042666876
v 0.011375016 -0.01375 -0.040638024
v 0.011375016 -0.01375 0.040638024
v 0.011375016 -0.0126 -0.040638024
v 0.011375016 -0.0126 0.040638024
v 0.011375016 -0.0102 -0.040638024
v 0.011375016 -0.0102 0.040638024
v 0.011375016 -0.00905 -0.040638024
v 0.011375016 -0.00905 0.040638024
v 0.011375016 -0.00235 -0.040638024
v 0.011375016 -0.00235 0.040638024
v 0.011375016 -0.0012 -0.040638024
v 0.011375016 -0.0012 0.040638024
v 0.011375016 0.0012 -0.040638024
v 0.011375016 0.0012 0.040638024
v 0.011375016 0.00235 -0.040638024
v 0.011375016 0.00235 0.040638024
v 0.011375016 0.00905 -0.040638024
v 0.011375016 0.00905 0.040638024
v 0.011375016 0.0102 -0.040638024
v 0.011375016 0.0102 0.040638024
v 0.011375016 0.0126 -0.040638024
v 0.011375016 0.0126 0.040638024
v 0.011375016 0.01375 -0.040638024
v 0.011375016 0.01375 0.040638024
v 0.011860207 -0.01375 -0.0423714
v 0.011860207 -0.01375 0.0423714
v 0.011860207 -0.0126 -0.0423714
v 0.011860207 -0.0126 0.0423714
v 0.011860207 -0.0102 -0.0423714
v 0.011860207 -0.0102 0.0423714
v 0.011860207 -0.00905 -0.0423714
v 0.011860207 -0.00905 0.0423714
v 0.011860207 -0.00235 -0.0423714
v 0.011860207 -0.00235 0.0423714
v 0.011860207 -0.0012 -0.0423714
v 0.011860207 -0.0012 0.0423714
v 0.011860207 0.0012 -0.0423714
v 0.011860207 0.0012 0.0423714
v 0.011860207 0.00235 -0.0423714
v 0.011860207 0.00235 0.0423714
v 0.011860207 0.00905 -0.0423714
v 0.011860207 0.00905 0.0423714
v 0.011860207 0.0102 -0.0423714
v 0.011860207 0.0102 0.0423714
v 0.011860207 0.0126 -0.0423714
v 0.011860207 0.0126 0.0423714
v 0.011860207 0.01375 -0.0423714
v 0.011860207 0.01375 0.0423714
v 0.013119296 -0.01375 -0.040108903
v 0.013119296 -0.01375 0.040108903
v 0.013119296 -0.0126 -0.040108903
v 0.013119296 -0.0126 0.040108903
v 0.013119296 -0.0102 -0.040108903
v 0.013119296 -0.0102 0.040108903
v 0.013119296 -0.00905 -0.040108903
v 0.013119296 -0.00905 0.040108903
v 0.013119296 -0.00235 -0.040108903
v 0.013119296 -0.00235 0.040108903
v 0.013119296 -0.0012 -0.040108903
v 0.013119296 -0.0012 0.040108903
v 0.013119296 0.0012 -0.040108903
v 0.013119296 0.0012 0.040108903
v 0.013119296 0.00235 -0.040108903
v 0.013119296 0.00235 0.040108903
v 0.013119296 0.00905 -0.040108903
v 0.013119296 0.00905 0.040108903
v 0.013119296 0.0102 -0.040108903
v 0.013119296 0.0102 0.040108903
v 0.013119296 0.0126 -0.040108903
v 0.013119296 0.0126 0.040108903
v 0.013119296 0.01375 -0.040108903
v 0.013119296 0.01375 0.040108903
v 0.013678887 -0.01375 -0.041819709
v 0.013678887 -0.01375 0.041819709
v 0.013678887 -0.0126 -0.041819709
v 0.013678887 -0.0126 0.041819709
v 0.013678887 -0.0102 -0.041819709
v 0.013678887 -0.0102 0.041819709
v 0.013678887 -0.00905 -0.041819709
v 0.013678887 -0.00905 0.041819709
v 0.013678887 -0.00235 -0.041819709
v 0.013678887 -0.00235 0.041819709
v 0.013678887 -0.0012 -0.041819709
v 0.013678887 -0.0012 0.041819709
v 0.013678887 0.0012 -0.041819709
v 0.013678887 0.0012 0.041819709
v 0.013678887 0.00235 -0.041819709
v 0.013678887 0.00235 0.041819709
v 0.013678887 0.00905 -0.041819709
v 0.013678887 0.00905 0.041819709
v 0.013678887 0.0102 -0.041819709
v 0.013678887 0.0102 0.041819709
v 0.013678887 0.0126 -0.041819709
v 0.013678887 0.0126 0.041819709
v 0.013678887 0.01375 -0.041819709
v 0.013678887 0.01375 0.041819709
v 0.014162997 -0.01375 -0.039752352
v 0.014162997 -0.011975 -0.039752352
v 0.014162997 -0.011975 0.039752352
v 0.014162997 -0.010825 -0.039752352
v 0.014162997 -0.010825 0.039752352
v 0.014162997 -0.00905 -0.039752352
v 0.014162997 -0.00235 -0.039752352
v 0.014162997 -0.000575 -0.039752352
v 0.014162997 -0.000575 0.039752352
v 0.014162997 0.000575 -0.039752352
v 0.014162997 0.000575 0.039752352
v 0.014162997 0.00235 -0.039752352
v 0.014162997 0.00905 -0.039752352
v 0.014162997 0.010825 -0.039752352
v 0.014162997 0.010825 0.039752352
v 0.014162997 0.011975 -0.039752352
v 0.014162997 0.011975 0.039752352
v 0.014162997 0.01375 -0.039752352
v 0.014270481 -0.006275 -0.039713894
v 0.014270481 -0.006275 0.039713894
v 0.014270481 -0.005125 -0.039713894
v 0.014270481 -0.005125 0.039713894
v 0.014270481 0.005125 -0.039713894
v 0.014270481 0.005125 0.039713894
v 0.014270481 0.006275 -0.039713894
v 0.014270481 0.006275 0.039713894
v 0.014767106 -0.01375 -0.04144795
v 0.014767106 -0.011975 -0.04144795
v 0.014767106 -0.011975 0.04144795
v 0.014767106 -0.010825 -0.04144795
v 0.014767106 -0.010825 0.04144795
v 0.014767106 -0.00905 -0.04144795
v 0.014767106 -0.00235 -0.04144795
v 0.014767106 -0.000575 -0.04144795
v 0.014767106 -0.000575 0.04144795
v 0.014767106 0.000575 -0.04144795
v 0.014767106 0.000575 0.04144795
v 0.014767106 0.00235 -0.04144795
v 0.014767106 0.00905 -0.04144795
v 0.014767106 0.010825 -0.04144795
v 0.014767106 0.010825 0.04144795
v 0.014767106 0.011975 -0.04144795
v 0.014767106 0.011975 0.04144795
v 0.014767106 0.01375 -0.04144795
v 0.014879174 -0.006275 -0.041407852
v 0.014879174 -0.006275 0.041407852
v 0.014879174 -0.005125 -0.041407852
v 0.014879174 -0.005125 0.041407852
v 0.014879174 0.005125 -0.041407852
v 0.014879174 0.005125 0.041407852
v 0.014879174 0.006275 -0.041407852
v 0.014879174 0.006275 0.041407852
v 0.015303465 -0.00805 -0.039327394
v 0.015303465 -0.00805 0.039327394
v 0.015303465 -0.0069 -0.039327394
v 0.015303465 -0.0069 0.039327394
v 0.015303465 -0.0045 -0.039327394
v 0.015303465 -0.0045 0.039327394
v 0.015303465 -0.00335 -0.039327394
v 0.015303465 -0.00335 0.039327394
v 0.015303465 0.00335 -0.039327394
v 0.015303465 0.00335 0.039327394
v 0.015303465 0.0045 -0.039327394
v 0.015303465 0.0045 0.039327394
v 0.015303465 0.0069 -0.039327394
v 0.015303465 0.0069 0.039327394
v 0.015303465 0.00805 -0.039327394
v 0.015303465 0.00805 0.039327394
v 0.01595622 -0.00805 -0.041004866
v 0.01595622 -0.00805 0.041004866
v 0.01595622 -0.0069 -0.041004866
v 0.01595622 -0.0069 0.041004866
v 0.01595622 -0.0045 -0.041004866
v 0.01595622 -0.0045 0.041004866
v 0.01595622 -0.00335 -0.041004866
v 0.01595622 -0.00335 0.041004866
v 0.01595622 0.00335 -0.041004866
v 0.01595622 0.00335 0.041004866
v 0.01595622 0.0045 -0.041004866
v 0.01595622 0.0045 0.041004866
v 0.01595622 0.0069 -0.041004866
v 0.01595622 0.0069 0.041004866
v 0.01595622 0.00805 -0.041004866
v 0.01595622 0.00805 0.041004866
v 0.016987483 -0.00805 -0.038629851
v 0.016987483 -0.00805 0.038629851
v 0.016987483 -0.0069 -0.038629851
v 0.016987483 -0.0069 0.038629851
v 0.016987483 -0.0045 -0.038629851
v 0.016987483 -0.0045 0.038629851
v 0.016987483 -0.00335 -0.038629851
v 0.016987483 -0.00335 0.038629851
v 0.016987483 0.00335 -0.038629851
v 0.016987483 0.00335 0.038629851
v 0.016987483 0.0045 -0.038629851
v 0.016987483 0.0045 0.038629851
v 0.016987483 0.0069 -0.038629851
v 0.016987483 0.0069 0.038629851
v 0.016987483 0.00805 -0.038629851
v 0.016987483 0.00805 0.038629851
v 0.017712068 -0.00805 -0.04027757
v 0.017712068 -0.00805 0.04027757
v 0.017712068 -0.0069 -0.04027757
v 0.017712068 -0.0069 0.04027757
v 0.017712068 -0.0045 -0.04027757
v 0.017712068 -0.0045 0.04027757
v 0.017712068 -0.00335 -0.04027757
v 0.017712068 -0.00335 0.04027757
v 0.017712068 0.00335 -0.04027757
v 0.017712068 0.00335 0.04027757
v 0.017712068 0.0045 -0.04027757
v 0.017712068 0.0045 0.04027757
v 0.017712068 0.0069 -0.04027757
v 0.017712068 0.0069 0.04027757
v 0.017712068 0.00805 -0.04027757
v 0.017712068 0.00805 0.04027757
v 0.01799121 -0.006275 -0.038172717
v 0.01799121 -0.006275 0.038172717
v 0.01799121 -0.005125 -0.038172717
v 0.01799121 -0.005125 0.038172717
v 0.01799121 0.005125 -0.038172717
v 0.01799121 0.005125 0.038172717
v 0.01799121 0.006275 -0.038172717
v 0.01799121 0.006275 0.038172717
v 0.018094407 -0.01375 0.038123909
v 0.018094407 -0.011975 -0.038123909
v 0.018094407 -0.011975 0.038123909
v 0.018094407 -0.010825 -0.038123909
v 0.018094407 -0.010825 0.038123909
v 0.018094407 -0.00905 0.038123909
v 0.018094407 -0.00235 0.038123909
v 0.018094407 -0.000575 -0.038123909
v 0.018094407 -0.000575 0.038123909
v 0.018094407 0.000575 -0.038123909
v 0.018094407 0.000575 0.038123909
v 0.018094407 0.00235 0.038123909
v 0.018094407 0.00905 0.038123909
v 0.018094407 0.010825 -0.038123909
v 0.018094407 0.010825 0.038123909
v 0.018094407 0.011975 -0.038123909
v 0.018094407 0.011975 0.038123909
v 0.018094407 0.01375 0.038123909
v 0.018758608 -0.006275 -0.039800938
v 0.018758608 -0.006275 0.039800938
v 0.018758608 -0.005125 -0.039800938
v 0.018758608 -0.005125 0.039800938
v 0.018758608 0.005125 -0.039800938
v 0.018758608 0.005125 0.039800938
v 0.018758608 0.006275 -0.039800938
v 0.018758608 0.006275 0.039800938
v 0.018866206 -0.01375 0.039750047
v 0.018866206 -0.011975 -0.039750047
v 0.018866206 -0.011975 0.039750047
v 0.018866206 -0.010825 -0.039750047
v 0.018866206 -0.010825 0.039750047
v 0.018866206 -0.00905 0.039750047
v 0.018866206 -0.00235 0.039750047
v 0.018866206 -0.000575 -0.039750047
v 0.018866206 -0.000575 0.039750047
v 0.018866206 0.000575 -0.039750047
v 0.018866206 0.000575 0.039750047
v 0.018866206 0.00235 0.039750047
v 0.018866206 0.00905 0.039750047
v 0.018866206 0.010825 -0.039750047
v 0.018866206 0.010825 0.039750047
v 0.018866206 0.011975 -0.039750047
v 0.018866206 0.011975 0.039750047
v 0.018866206 0.01375 0.039750047
v 0.019084534 -0.01375 -0.03763802
v 0.019084534 -0.01375 0.03763802
v 0.019084534 -0.0126 -0.03763802
v 0.019084534 -0.0126 0.03763802
v 0.019084534 -0.0102 -0.03763802
v 0.019084534 -0.0102 0.03763802
v 0.019084534 -0.00905 -0.03763802
v 0.019084534 -0.00905 0.03763802
v 0.019084534 -0.00235 -0.03763802
v 0.019084534 -0.00235 0.03763802
v 0.019084534 -0.0012 -0.03763802
v 0.019084534 -0.0012 0.03763802
v 0.019084534 0.0012 -0.03763802
v 0.019084534 0.0012 0.03763802
v 0.019084534 0.00235 -0.03763802
v 0.019084534 0.00235 0.03763802
v 0.019084534 0.00905 -0.03763802
v 0.019084534 0.00905 0.03763802
v 0.019084534 0.0102 -0.03763802
v 0.019084534 0.0102 0.03763802
v 0.019084534 0.0126 -0.03763802
v 0.019084534 0.0126 0.03763802
v 0.019084534 0.01375 -0.03763802
v 0.019084534 0.01375 0.03763802
v 0.019898566 -0.01375 -0.039243433
v 0.019898566 -0.01375 0.039243433
v 0.019898566 -0.0126 -0.039243433
v 0.019898566 -0.0126 0.039243433
v 0.019898566 -0.0102 -0.039243433
v 0.019898566 -0.0102 0.039243433
v 0.019898566 -0.00905 -0.039243433
v 0.019898566 -0.00905 0.039243433
v 0.019898566 -0.00235 -0.039243433
v 0.019898566 -0.00235 0.039243433
v 0.019898566 -0.0012 -0.039243433
v 0.019898566 -0.0012 0.039243433
v 0.019898566 0.0012 -0.039243433
v 0.019898566 0.0012 0.039243433
v 0.019898566 0.00235 -0.039243433
v 0.019898566 0.00235 0.039243433
v 0.019898566 0.00905 -0.039243433
v 0.019898566 0.00905 0.039243433
v 0.019898566 0.0102 -0.039243433
v 0.019898566 0.0102 0.039243433
v 0.019898566 0.0126 -0.039243433
v 0.019898566 0.0126 0.039243433
v 0.019898566 0.01375 -0.039243433
v 0.019898566 0.01375 0.039243433
v 0.020692071 -0.01375 -0.036778774
v 0.020692071 -0.01375 0.036778774
v 0.020692071 -0.0126 -0.036778774
v 0.020692071 -0.0126 0.036778774
v 0.020692071 -0.0102 -0.036778774
v 0.020692071 -0.0102 0.036778774
v 0.020692071 -0.00905 -0.036778774
v 0.020692071 -0.00905 0.036778774
v 0.020692071 -0.00235 -0.036778774
v 0.020692071 -0.00235 0.036778774
v 0.020692071 -0.0012 -0.036778774
v 0.020692071 -0.0012 0.036778774
v 0.020692071 0.0012 -0.036778774
v 0.020692071 0.0012 0.036778774
v 0.020692071 0.00235 -0.036778774
v 0.020692071 0.00235 0.036778774
v 0.020692071 0.00905 -0.036778774
v 0.020692071 0.00905 0.036778774
v 0.020692071 0.0102 -0.036778774
v 0.020692071 0.0102 0.036778774
v 0.020692071 0.0126 -0.036778774
v 0.020692071 0.0126 0.036778774
v 0.020692071 0.01375 -0.036778774
v 0.020692071 0.01375 0.036778774
v 0.021574671 -0.01375 -0.038347536
v 0.021574671 -0.01375 0.038347536
v 0.021574671 -0.0126 -0.038347536
v 0.021574671 -0.0126 0.038347536
v 0.021574671 -0.0102 -0.038347536
v 0.021574671 -0.0102 0.038347536
v 0.021574671 -0.00905 -0.038347536
v 0.021574671 -0.00905 0.038347536
v 0.021574671 -0.00235 -0.038347536
v 0.021574671 -0.00235 0.038347536
v 0.021574671 -0.0012 -0.038347536
v 0.021574671 -0.0012 0.038347536
v 0.021574671 0.0012 -0.038347536
v 0.021574671 0.0012 0.038347536
v 0.021574671 0.00235 -0.038347536
v 0.021574671 0.00235 0.038347536
v 0.021574671 0.00905 -0.038347536
v 0.021574671 0.00905 0.038347536
v 0.021574671 0.0102 -0.038347536
v 0.021574671 0.0102 0.038347536
v 0.021574671 0.0126 -0.038347536
v 0.021574671 0.0126 0.038347536
v 0.021574671 0.01375 -0.038347536
v 0.021574671 0.01375 0.038347536
v 0.021646158 -0.01375 0.036225458
v 0.021646158 -0.011975 -0.036225458
v 0.021646158 -0.011975 0.036225458
v 0.021646158 -0.010825 -0.036225458
v 0.021646158 -0.010825 0.036225458
v 0.021646158 -0.00905 0.036225458
v 0.021646158 -0.00235 0.036225458
v 0.021646158 -0.000575 -0.036225458
v 0.021646158 -0.000575 0.036225458
v 0.021646158 0.000575 -0.036225458
v 0.021646158 0.000575 0.036225458
v 0.021646158 0.00235 0.036225458
v 0.021646158 0.00905 0.036225458
v 0.021646158 0.010825 -0.036225458
v 0.021646158 0.010825 0.036225458
v 0.021646158 0.011975 -0.036225458
v 0.021646158 0.011975 0.036225458
v 0.021646158 0.01375 0.036225458
v 0.021744074 -0.00805 -0.03616677
v 0.021744074 -0.00805 0.03616677
v 0.021744074 -0.006275 -0.03616677
v 0.021744074 -0.006275 0.03616677
v 0.021744074 -0.005125 -0.03616677
v 0.021744074 -0.005125 0.03616677
v 0.021744074 -0.00335 -0.03616677
v 0.021744074 -0.00335 0.03616677
v 0.021744074 0.00335 -0.03616677
v 0.021744074 0.00335 0.03616677
v 0.021744074 0.005125 -0.03616677
v 0.021744074 0.005125 0.03616677
v 0.021744074 0.006275 -0.03616677
v 0.021744074 0.006275 0.03616677
v 0.021744074 0.00805 -0.03616677
v 0.021744074 0.00805 0.03616677
v 0.022569454 -0.01375 0.03777062
v 0.022569454 -0.011975 -0.03777062
v 0.022569454 -0.011975 0.03777062
v 0.022569454 -0.010825 -0.03777062
v 0.022569454 -0.010825 0.03777062
v 0.022569454 -0.00905 0.03777062
v 0.022569454 -0.00235 0.03777062
v 0.022569454 -0.000575 -0.03777062
v 0.022569454 -0.000575 0.03777062
v 0.022569454 0.000575 -0.03777062
v 0.022569454 0.000575 0.03777062
v 0.022569454 0.00235 0.03777062
v 0.022569454 0.00905 0.03777062
v 0.022569454 0.010825 -0.03777062
v 0.022569454 0.010825 0.03777062
v 0.022569454 0.011975 -0.03777062
v 0.022569454 0.011975 0.03777062
v 0.022569454 0.01375 0.03777062
v 0.022671546 -0.00805 -0.037709428
v 0.022671546 -0.00805 0.037709428
v 0.022671546 -0.006275 -0.037709428
v 0.022671546 -0.006275 0.037709428
v 0.022671546 -0.005125 -0.037709428
v 0.022671546 -0.005125 0.037709428
v 0.022671546 -0.00335 -0.037709428
v 0.022671546 -0.00335 0.037709428
v 0.022671546 0.00335 -0.037709428
v 0.022671546 0.00335 0.037709428
v 0.022671546 0.005125 -0.037709428
v 0.022671546 0.005125 0.037709428
v 0.022671546 0.006275 -0.037709428
v 0.022671546 0.006275 0.037709428
v 0.022671546 0.00805 -0.037709428
v 0.022671546 0.00805 0.037709428
v 0.022681808 -0.00805 -0.035586171
v 0.022681808 -0.00805 0.035586171
v 0.022681808 -0.0069 -0.035586171
v 0.022681808 -0.0069 0.035586171
v 0.022681808 -0.0045 -0.035586171
v 0.022681808 -0.0045 0.035586171
v 0.022681808 -0.00335 -0.035586171
v 0.022681808 -0.00335 0.035586171
v 0.022681808 0.00335 -0.035586171
v 0.022681808 0.00335 0.035586171
v 0.022681808 0.0045 -0.035586171
v 0.022681808 0.0045 0.035586171
v 0.022681808 0.0069 -0.035586171
v 0.022681808 0.0069 0.035586171
v 0.022681808 0.00805 -0.035586171
v 0.022681808 0.00805 0.035586171
v 0.023649278 -0.00805 -0.037104065
v 0.023649278 -0.00805 0.037104065
v 0.023649278 -0.0069 -0.037104065
v 0.023649278 -0.0069 0.037104065
v 0.023649278 -0.0045 -0.037104065
v 0.023649278 -0.0045 0.037104065
v 0.023649278 -0.00335 -0.037104065
v 0.023649278 -0.00335 0.037104065
v 0.023649278 0.00335 -0.037104065
v 0.023649278 0.00335 0.037104065
v 0.023649278 0.0045 -0.037104065
v 0.023649278 0.0045 0.037104065
v 0.023649278 0.0069 -0.037104065
v 0.023649278 0.0069 0.037104065
v 0.023649278 0.00805 -0.037104065
v 0.023649278 0.00805 0.037104065
v 0.024197383 -0.00805 -0.034573496
v 0.024197383 -0.00805 0.034573496
v 0.024197383 -0.0069 -0.034573496
v 0.024197383 -0.0069 0.034573496
v 0.024197383 -0.0045 -0.034573496
v 0.024197383 -0.0045 0.034573496
v 0.024197383 -0.00335 -0.034573496
v 0.024197383 -0.00335 0.034573496
v 0.024197383 0.00335 -0.034573496
v 0.024197383 0.00335 0.034573496
v 0.024197383 0.0045 -0.034573496
v 0.024197383 0.0045 0.034573496
v 0.024197383 0.0069 -0.034573496
v 0.024197383 0.0069 0.034573496
v 0.024197383 0.00805 -0.034573496
v 0.024197383 0.00805 0.034573496
v 0.025092642 -0.00805 -0.033929328
v 0.025092642 -0.00805 0.033929328
v 0.025092642 -0.006275 -0.033929328
v 0.025092642 -0.006275 0.033929328
v 0.025092642 -0.005125 -0.033929328
v 0.025092642 -0.005125 0.033929328
v 0.025092642 -0.00335 -0.033929328
v 0.025092642 -0.00335 0.033929328
v 0.025092642 0.00335 -0.033929328
v 0.025092642 0.00335 0.033929328
v 0.025092642 0.005125 -0.033929328
v 0.025092642 0.005125 0.033929328
v 0.025092642 0.006275 -0.033929328
v 0.025092642 0.006275 0.033929328
v 0.025092642 0.00805 -0.033929328
v 0.025092642 0.00805 0.033929328
v 0.025184334 -0.01375 -0.033861325
v 0.025184334 -0.011975 -0.033861325
v 0.025184334 -0.011975 0.033861325
v 0.025184334 -0.010825 -0.033861325
v 0.025184334 -0.010825 0.033861325
v 0.025184334 -0.00905 -0.033861325
v 0.025184334 -0.00235 -0.033861325
v 0.025184334 -0.000575 -0.033861325
v 0.025184334 -0.000575 0.033861325
v 0.025184334 0.000575 -0.033861325
v 0.025184334 0.000575 0.033861325
v 0.025184334 0.00235 -0.033861325
v 0.025184334 0.00905 -0.033861325
v 0.025184334 0.010825 -0.033861325
v 0.025184334 0.010825 0.033861325
v 0.025184334 0.011975 -0.033861325
v 0.025184334 0.011975 0.033861325
v 0.025184334 0.01375 -0.033861325
v 0.025229499 -0.00805 -0.036048195
v 0.025229499 -0.00805 0.036048195
v 0.025229499 -0.0069 -0.036048195
v 0.025229499 -0.0069 0.036048195
v 0.025229499 -0.0045 -0.036048195
v 0.025229499 -0.0045 0.036048195
v 0.025229499 -0.00335 -0.036048195
v 0.025229499 -0.00335 0.036048195
v 0.025229499 0.00335 -0.036048195
v 0.025229499 0.00335 0.036048195
v 0.025229499 0.0045 -0.036048195
v 0.025229499 0.0045 0.036048195
v 0.025229499 0.0069 -0.036048195
v 0.025229499 0.0069 0.036048195
v 0.025229499 0.00805 -0.036048195
v 0.025229499 0.00805 0.036048195
v 0.026060643 -0.01375 -0.033191608
v 0.026060643 -0.01375 0.033191608
v 0.026060643 -0.0126 -0.033191608
v 0.026060643 -0.0126 0.033191608
v 0.026060643 -0.0102 -0.033191608
v 0.026060643 -0.0102 0.033191608
v 0.026060643 -0.00905 -0.033191608
v 0.026060643 -0.00905 0.033191608
v 0.026060643 -0.00235 -0.033191608
v 0.026060643 -0.00235 0.033191608
v 0.026060643 -0.0012 -0.033191608
v 0.026060643 -0.0012 0.033191608
v 0.026060643 0.0012 -0.033191608
v 0.026060643 0.0012 0.033191608
v 0.026060643 0.00235 -0.033191608
v 0.026060643 0.00235 0.033191608
v 0.026060643 0.00905 -0.033191608
v 0.026060643 0.00905 0.033191608
v 0.026060643 0.0102 -0.033191608
v 0.026060643 0.0102 0.033191608
v 0.026060643 0.0126 -0.033191608
v 0.026060643 0.0126 0.033191608
v 0.026060643 0.01375 -0.033191608
v 0.026060643 0.01375 0.033191608
v 0.026162944 -0.00805 -0.035376551
v 0.026162944 -0.00805 0.035376551
v 0.026162944 -0.006275 -0.035376551
v 0.026162944 -0.006275 0.035376551
v 0.026162944 -0.005125 -0.035376551
v 0.026162944 -0.005125 0.035376551
v 0.026162944 -0.00335 -0.035376551
v 0.026162944 -0.00335 0.035376551
v 0.026162944 0.00335 -0.035376551
v 0.026162944 0.00335 0.035376551
v 0.026162944 0.005125 -0.035376551
v 0.026162944 0.005125 0.035376551
v 0.026162944 0.006275 -0.035376551
v 0.026162944 0.006275 0.035376551
v 0.026162944 0.00805 -0.035376551
v 0.026162944 0.00805 0.035376551
v 0.026258547 -0.01375 -0.035305647
v 0.026258547 -0.011975 -0.035305647
v 0.026258547 -0.011975 0.035305647
v 0.026258547 -0.010825 -0.035305647
v 0.026258547 -0.010825 0.035305647
v 0.026258547 -0.00905 -0.035305647
v 0.026258547 -0.00235 -0.035305647
v 0.026258547 -0.000575 -0.035305647
v 0.026258547 -0.000575 0.035305647
v 0.026258547 0.000575 -0.035305647
v 0.026258547 0.000575 0.035305647
v 0.026258547 0.00235 -0.035305647
v 0.026258547 0.00905 -0.035305647
v 0.026258547 0.010825 -0.035305647
v 0.026258547 0.010825 0.035305647
v 0.026258547 0.011975 -0.035305647
v 0.026258547 0.011975 0.035305647
v 0.026258547 0.01375 -0.035305647
v 0.027172235 -0.01375 -0.034607364
v 0.027172235 -0.01375 0.034607364
v 0.027172235 -0.0126 -0.034607364
v 0.027172235 -0.0126 0.034607364
v 0.027172235 -0.0102 -0.034607364
v 0.027172235 -0.0102 0.034607364
v 0.027172235 -0.00905 -0.034607364
v 0.027172235 -0.00905 0.034607364
v 0.027172235 -0.00235 -0.034607364
v 0.027172235 -0.00235 0.034607364
v 0.027172235 -0.0012 -0.034607364
v 0.027172235 -0.0012 0.034607364
v 0.027172235 0.0012 -0.034607364
v 0.027172235 0.0012 0.034607364
v 0.027172235 0.00235 -0.034607364
v 0.027172235 0.00235 0.034607364
v 0.027172235 0.00905 -0.034607364
v 0.027172235 0.00905 0.034607364
v 0.027172235 0.0102 -0.034607364
v 0.027172235 0.0102 0.034607364
v 0.027172235 0.0126 -0.034607364
v 0.027172235 0.0126 0.034607364
v 0.027172235 0.01375 -0.034607364
v 0.027172235 0.01375 0.034607364
v 0.027469662 -0.01375 -0.032035257
v 0.027469662 -0.01375 0.032035257
v 0.027469662 -0.0126 -0.032035257
v 0.027469662 -0.0126 0.032035257
v 0.027469662 -0.0102 -0.032035257
v 0.027469662 -0.0102 0.032035257
v 0.027469662 -0.00905 -0.032035257
v 0.027469662 -0.00905 0.032035257
v 0.027469662 -0.00235 -0.032035257
v 0.027469662 -0.00235 0.032035257
v 0.027469662 -0.0012 -0.032035257
v 0.027469662 -0.0012 0.032035257
v 0.027469662 0.0012 -0.032035257
v 0.027469662 0.0012 0.032035257
v 0.027469662 0.00235 -0.032035257
v 0.027469662 0.00235 0.032035257
v 0.027469662 0.00905 -0.032035257
v 0.027469662 0.00905 0.032035257
v 0.027469662 0.0102 -0.032035257
v 0.027469662 0.0102 0.032035257
v 0.027469662 0.0126 -0.032035257
v 0.027469662 0.0126 0.032035257
v 0.027469662 0.01375 -0.032035257
v 0.027469662 0.01375 0.032035257
v 0.02829747 -0.01375 -0.03130644
v 0.02829747 -0.011975 -0.03130644
v 0.02829747 -0.011975 0.03130644
v 0.02829747 -0.010825 -0.03130644
v 0.02829747 -0.010825 0.03130644
v 0.02829747 -0.00905 -0.03130644
v 0.02829747 -0.00235 -0.03130644
v 0.02829747 -0.000575 -0.03130644
v 0.02829747 -0.000575 0.03130644
v 0.02829747 0.000575 -0.03130644
v 0.02829747 0.000575 0.03130644
v 0.02829747 0.00235 -0.03130644
v 0.02829747 0.00905 -0.03130644
v 0.02829747 0.010825 -0.03130644
v 0.02829747 0.010825 0.03130644
v 0.02829747 0.011975 -0.03130644
v 0.02829747 0.011975 0.03130644
v 0.02829747 0.01375 -0.03130644
v 0.028382054 -0.006275 -0.031229777
v 0.028382054 -0.006275 0.031229777
v 0.028382054 -0.005125 -0.031229777
v 0.028382054 -0.005125 0.031229777
v 0.028382054 0.005125 -0.031229777
v 0.028382054 0.005125 0.031229777
v 0.028382054 0.006275 -0.031229777
v 0.028382054 0.006275 0.031229777
v 0.028641353 -0.01375 -0.03340169
v 0.028641353 -0.01375 0.03340169
v 0.028641353 -0.0126 -0.03340169
v 0.028641353 -0.0126 0.03340169
v 0.028641353 -0.0102 -0.03340169
v 0.028641353 -0.0102 0.03340169
v 0.028641353 -0.00905 -0.03340169
v 0.028641353 -0.00905 0.03340169
v 0.028641353 -0.00235 -0.03340169
v 0.028641353 -0.00235 0.03340169
v 0.028641353 -0.0012 -0.03340169
v 0.028641353 -0.0012 0.03340169
v 0.028641353 0.0012 -0.03340169
v 0.028641353 0.0012 0.03340169
v 0.028641353 0.00235 -0.03340169
v 0.028641353 0.00235 0.03340169
v 0.028641353 0.00905 -0.03340169
v 0.028641353 0.00905 0.03340169
v 0.028641353 0.0102 -0.03340169
v 0.028641353 0.0102 0.03340169
v 0.028641353 0.0126 -0.03340169
v 0.028641353 0.0126 0.03340169
v 0.028641353 0.01375 -0.03340169
v 0.028641353 0.01375 0.03340169
v 0.029188501 -0.00805 -0.030477392
v 0.029188501 -0.00805 0.030477392
v 0.029188501 -0.0069 -0.030477392
v 0.029188501 -0.0069 0.030477392
v 0.029188501 -0.0045 -0.030477392
v 0.029188501 -0.0045 0.030477392
v 0.029188501 -0.00335 -0.030477392
v 0.029188501 -0.00335 0.030477392
v 0.029188501 0.00335 -0.030477392
v 0.029188501 0.00335 0.030477392
v 0.029188501 0.0045 -0.030477392
v 0.029188501 0.0045 0.030477392
v 0.029188501 0.0069 -0.030477392
v 0.029188501 0.0069 0.030477392
v 0.029188501 0.00805 -0.030477392
v 0.029188501 0.00805 0.030477392
v 0.029504471 -0.01375 -0.032641786
v 0.029504471 -0.011975 -0.032641786
v 0.029504471 -0.011975 0.032641786
v 0.029504471 -0.010825 -0.032641786
v 0.029504471 -0.010825 0.032641786
v 0.029504471 -0.00905 -0.032641786
v 0.029504471 -0.00235 -0.032641786
v 0.029504471 -0.000575 -0.032641786
v 0.029504471 -0.000575 0.032641786
v 0.029504471 0.000575 -0.032641786
v 0.029504471 0.000575 0.032641786
v 0.029504471 0.00235 -0.032641786
v 0.029504471 0.00905 -0.032641786
v 0.029504471 0.010825 -0.032641786
v 0.029504471 0.010825 0.032641786
v 0.029504471 0.011975 -0.032641786
v 0.029504471 0.011975 0.032641786
v 0.029504471 0.01375 -0.032641786
v 0.029592663 -0.006275 -0.032561853
v 0.029592663 -0.006275 0.032561853
v 0.029592663 -0.005125 -0.032561853
v 0.029592663 -0.005125 0.032561853
v 0.029592663 0.005125 -0.032561853
v 0.029592663 0.005125 0.032561853
v 0.029592663 0.006275 -0.032561853
v 0.029592663 0.006275 0.032561853
v 0.030433508 -0.00805 -0.031777376
v 0.030433508 -0.00805 0.031777376
v 0.030433508 -0.0069 -0.031777376
v 0.030433508 -0.0069 0.031777376
v 0.030433508 -0.0045 -0.031777376
v 0.030433508 -0.0045 0.031777376
v 0.030433508 -0.00335 -0.031777376
v 0.030433508 -0.00335 0.031777376
v 0.030433508 0.00335 -0.031777376
v 0.030433508 0.00335 0.031777376
v 0.030433508 0.0045 -0.031777376
v 0.030433508 0.0045 0.031777376
v 0.030433508 0.0069 -0.031777376
v 0.030433508 0.0069 0.031777376
v 0.030433508 0.00805 -0.031777376
v 0.030433508 0.00805 0.031777376
v 0.030477392 -0.00805 -0.029188501
v 0.030477392 -0.00805 0.029188501
v 0.030477392 -0.0069 -0.029188501
v 0.030477392 -0.0069 0.029188501
v 0.030477392 -0.0045 -0.029188501
v 0.030477392 -0.0045 0.029188501
v 0.030477392 -0.00335 -0.029188501
v 0.030477392 -0.00335 0.029188501
v 0.030477392 0.00335 -0.029188501
v 0.030477392 0.00335 0.029188501
v 0.030477392 0.0045 -0.029188501
v 0.030477392 0.0045 0.029188501
v 0.030477392 0.0069 -0.029188501
v 0.030477392 0.0069 0.029188501
v 0.030477392 0.00805 -0.029188501
v 0.030477392 0.00805 0.029188501
v 0.031229777 -0.006275 -0.028382054
v 0.031229777 -0.006275 0.028382054
v 0.031229777 -0.005125 -0.028382054
v 0.031229777 -0.005125 0.028382054
v 0.031229777 0.005125 -0.028382054
v 0.031229777 0.005125 0.028382054
v 0.031229777 0.006275 -0.028382054
v 0.031229777 0.006275 0.028382054
v 0.03130644 -0.01375 0.02829747
v 0.03130644 -0.011975 -0.02829747
v 0.03130644 -0.011975 0.02829747
v 0.03130644 -0.010825 -0.02829747
v 0.03130644 -0.010825 0.02829747
v 0.03130644 -0.00905 0.02829747
v 0.03130644 -0.00235 0.02829747
v 0.03130644 -0.000575 -0.02829747
v 0.03130644 -0.000575 0.02829747
v 0.03130644 0.000575 -0.02829747
v 0.03130644 0.000575 0.02829747
v 0.03130644 0.00235 0.02829747
v 0.03130644 0.00905 0.02829747
v 0.03130644 0.010825 -0.02829747
v 0.03130644 0.010825 0.02829747
v 0.03130644 0.011975 -0.02829747
v 0.03130644 0.011975 0.02829747
v 0.03130644 0.01375 0.02829747
v 0.031777376 -0.00805 -0.030433508
v 0.031777376 -0.00805 0.030433508
v 0.031777376 -0.0069 -0.030433508
v 0.031777376 -0.0069 0.030433508
v 0.031777376 -0.0045 -0.030433508
v 0.031777376 -0.0045 0.030433508
v 0.031777376 -0.00335 -0.030433508
v 0.031777376 -0.00335 0.030433508
v 0.031777376 0.00335 -0.030433508
v 0.031777376 0.00335 0.030433508
v 0.031777376 0.0045 -0.030433508
v 0.031777376 0.0045 0.030433508
v 0.031777376 0.0069 -0.030433508
v 0.031777376 0.0069 0.030433508
v 0.031777376 0.00805 -0.030433508
v 0.031777376 0.00805 0.030433508
v 0.032035257 -0.01375 -0.027469662
v 0.032035257 -0.01375 0.027469662
v 0.032035257 -0.0126 -0.027469662
v 0.032035257 -0.0126 0.027469662
v 0.032035257 -0.0102 -0.027469662
v 0.032035257 -0.0102 0.027469662
v 0.032035257 -0.00905 -0.027469662
v 0.032035257 -0.00905 0.027469662
v 0.032035257 -0.00235 -0.027469662
v 0.032035257 -0.00235 0.027469662
v 0.032035257 -0.0012 -0.027469662
v 0.032035257 -0.0012 0.027469662
v 0.032035257 0.0012 -0.027469662
v 0.032035257 0.0012 0.027469662
v 0.032035257 0.00235 -0.027469662
v 0.032035257 0.00235 0.027469662
v 0.032035257 0.00905 -0.027469662
v 0.032035257 0.00905 0.027469662
v 0.032035257 0.0102 -0.027469662
v 0.032035257 0.0102 0.027469662
v 0.032035257 0.0126 -0.027469662
v 0.032035257 0.0126 0.027469662
v 0.032035257 0.01375 -0.027469662
v 0.032035257 0.01375 0.027469662
v 0.032561853 -0.006275 -0.029592663
v 0.032561853 -0.006275 0.029592663
v 0.032561853 -0.005125 -0.029592663
v 0.032561853 -0.005125 0.029592663
v 0.032561853 0.005125 -0.029592663
v 0.032561853 0.005125 0.029592663
v 0.032561853 0.006275 -0.029592663
v 0.032561853 0.006275 0.029592663
v 0.032641786 -0.01375 0.029504471
v 0.032641786 -0.011975 -0.029504471
v 0.032641786 -0.011975 0.029504471
v 0.032641786 -0.010825 -0.029504471
v 0.032641786 -0.010825 0.029504471
v 0.032641786 -0.00905 0.029504471
v 0.032641786 -0.00235 0.029504471
v 0.032641786 -0.000575 -0.029504471
v 0.032641786 -0.000575 0.029504471
v 0.032641786 0.000575 -0.029504471
v 0.032641786 0.000575 0.029504471
v 0.032641786 0.00235 0.029504471
v 0.032641786 0.00905 0.029504471
v 0.032641786 0.010825 -0.029504471
v 0.032641786 0.010825 0.029504471
v 0.032641786 0.011975 -0.029504471
v 0.032641786 0.011975 0.029504471
v 0.032641786 0.01375 0.029504471
v 0.033191608 -0.01375 -0.026060643
v 0.033191608 -0.01375 0.026060643
v 0.033191608 -0.0126 -0.026060643
v 0.033191608 -0.0126 0.026060643
v 0.033191608 -0.0102 -0.026060643
v 0.033191608 -0.0102 0.026060643
v 0.033191608 -0.00905 -0.026060643
v 0.033191608 -0.00905 0.026060643
v 0.033191608 -0.00235 -0.026060643
v 0.033191608 -0.00235 0.026060643
v 0.033191608 -0.0012 -0.026060643
v 0.033191608 -0.0012 0.026060643
v 0.033191608 0.0012 -0.026060643
v 0.033191608 0.0012 0.026060643
v 0.033191608 0.00235 -0.026060643
v 0.033191608 0.00235 0.026060643
v 0.033191608 0.00905 -0.026060643
v 0.033191608 0.00905 0.026060643
v 0.033191608 0.0102 -0.026060643
v 0.033191608 0.0102 0.026060643
v 0.033191608 0.0126 -0.026060643
v 0.033191608 0.0126 0.026060643
v 0.033191608 0.01375 -0.026060643
v 0.033191608 0.01375 0.026060643
v 0.03340169 -0.01375 -0.028641353
v 0.03340169 -0.01375 0.028641353
v 0.03340169 -0.0126 -0.028641353
v 0.03340169 -0.0126 0.028641353
v 0.03340169 -0.0102 -0.028641353
v 0.03340169 -0.0102 0.028641353
v 0.03340169 -0.00905 -0.028641353
v 0.03340169 -0.00905 0.028641353
v 0.03340169 -0.00235 -0.028641353
v 0.03340169 -0.00235 0.028641353
v 0.03340169 -0.0012 -0.028641353
v 0.03340169 -0.0012 0.028641353
v 0.03340169 0.0012 -0.028641353
v 0.03340169 0.0012 0.028641353
v 0.03340169 0.00235 -0.028641353
v 0.03340169 0.00235 0.028641353
v 0.03340169 0.00905 -0.028641353
v 0.03340169 0.00905 0.028641353
v 0.03340169 0.0102 -0.028641353
v 0.03340169 0.0102 0.028641353
v 0.03340169 0.0126 -0.028641353
v 0.03340169 0.0126 0.028641353
v 0.03340169 0.01375 -0.028641353
v 0.03340169 0.01375 0.028641353
v 0.033861325 -0.01375 0.025184334
v 0.033861325 -0.011975 -0.025184334
v 0.033861325 -0.011975 0.025184334
v 0.033861325 -0.010825 -0.025184334
v 0.033861325 -0.010825 0.025184334
v 0.033861325 -0.00905 0.025184334
v 0.033861325 -0.00235 0.025184334
v 0.033861325 -0.000575 -0.025184334
v 0.033861325 -0.000575 0.025184334
v 0.033861325 0.000575 -0.025184334
v 0.033861325 0.000575 0.025184334
v 0.033861325 0.00235 0.025184334
v 0.033861325 0.00905 0.025184334
v 0.033861325 0.010825 -0.025184334
v 0.033861325 0.010825 0.025184334
v 0.033861325 0.011975 -0.025184334
v 0.033861325 0.011975 0.025184334
v 0.033861325 0.01375 0.025184334
v 0.033929328 -0.00805 -0.025092642
v 0.033929328 -0.00805 0.025092642
v 0.033929328 -0.006275 -0.025092642
v 0.033929328 -0.006275 0.025092642
v 0.033929328 -0.005125 -0.025092642
v 0.033929328 -0.005125 0.025092642
v 0.033929328 -0.00335 -0.025092642
v 0.033929328 -0.00335 0.025092642
v 0.033929328 0.00335 -0.025092642
v 0.033929328 0.00335 0.025092642
v 0.033929328 0.005125 -0.025092642
v 0.033929328 0.005125 0.025092642
v 0.033929328 0.006275 -0.025092642
v 0.033929328 0.006275 0.025092642
v 0.033929328 0.00805 -0.025092642
v 0.033929328 0.00805 0.025092642
v 0.034573496 -0.00805 -0.024197383
v 0.034573496 -0.00805 0.024197383
v 0.034573496 -0.0069 -0.024197383
v 0.034573496 -0.0069 0.024197383
v 0.034573496 -0.0045 -0.024197383
v 0.034573496 -0.0045 0.024197383
v 0.034573496 -0.00335 -0.024197383
v 0.034573496 -0.00335 0.024197383
v 0.034573496 0.00335 -0.024197383
v 0.034573496 0.00335 0.024197383
v 0.034573496 0.0045 -0.024197383
v 0.034573496 0.0045 0.024197383
v 0.034573496 0.0069 -0.024197383
v 0.034573496 0.0069 0.024197383
v 0.034573496 0.00805 -0.024197383
v 0.034573496 0.00805 0.024197383
v 0.034607364 -0.01375 -0.027172235
v 0.034607364 -0.01375 0.027172235
v 0.034607364 -0.0126 -0.027172235
v 0.034607364 -0.0126 0.027172235
v 0.034607364 -0.0102 -0.027172235
v 0.034607364 -0.0102 0.027172235
v 0.034607364 -0.00905 -0.027172235
v 0.034607364 -0.00905 0.027172235
v 0.034607364 -0.00235 -0.027172235
v 0.034607364 -0.00235 0.027172235
v 0.034607364 -0.0012 -0.027172235
v 0.034607364 -0.0012 0.027172235
v 0.034607364 0.0012 -0.027172235
v 0.034607364 0.0012 0.027172235
v 0.034607364 0.00235 -0.027172235
v 0.034607364 0.00235 0.027172235
v 0.034607364 0.00905 -0.027172235
v 0.034607364 0.00905 0.027172235
v 0.034607364 0.0102 -0.027172235
v 0.034607364 0.0102 0.027172235
v 0.034607364 0.0126 -0.027172235
v 0.034607364 0.0126 0.027172235
v 0.034607364 0.01375 -0.027172235
v 0.034607364 0.01375 0.027172235
v 0.035305647 -0.01375 0.026258547
v 0.035305647 -0.011975 -0.026258547
v 0.035305647 -0.011975 0.026258547
v 0.035305647 -0.010825 -0.026258547
v 0.035305647 -0.010825 0.026258547
v 0.035305647 -0.00905 0.026258547
v 0.035305647 -0.00235 0.026258547
v 0.035305647 -0.000575 -0.026258547
v 0.035305647 -0.000575 0.026258547
v 0.035305647 0.000575 -0.026258547
v 0.035305647 0.000575 0.026258547
v 0.035305647 0.00235 0.026258547
v 0.035305647 0.00905 0.026258547
v 0.035305647 0.010825 -0.026258547
v 0.035305647 0.010825 0.026258547
v 0.035305647 0.011975 -0.026258547
v 0.035305647 0.011975 0.026258547
v 0.035305647 0.01375 0.026258547
v 0.035376551 -0.00805 -0.026162944
v 0.035376551 -0.00805 0.026162944
v 0.035376551 -0.006275 -0.026162944
v 0.035376551 -0.006275 0.026162944
v 0.035376551 -0.005125 -0.026162944
v 0.035376551 -0.005125 0.026162944
v 0.035376551 -0.00335 -0.026162944
v 0.035376551 -0.00335 0.026162944
v 0.035376551 0.00335 -0.026162944
v 0.035376551 0.00335 0.026162944
v 0.035376551 0.005125 -0.026162944
v 0.035376551 0.005125 0.026162944
v 0.035376551 0.006275 -0.026162944
v 0.035376551 0.006275 0.026162944
v 0.035376551 0.00805 -0.026162944
v 0.035376551 0.00805 0.026162944
v 0.035586171 -0.00805 -0.022681808
v 0.035586171 -0.00805 0.022681808
v 0.035586171 -0.0069 -0.022681808
v 0.035586171 -0.0069 0.022681808
v 0.035586171 -0.0045 -0.022681808
v 0.035586171 -0.0045 0.022681808
v 0.035586171 -0.00335 -0.022681808
v 0.035586171 -0.00335 0.022681808
v 0.035586171 0.00335 -0.022681808
v 0.035586171 0.00335 0.022681808
v 0.035586171 0.0045 -0.022681808
v 0.035586171 0.0045 0.022681808
v 0.035586171 0.0069 -0.022681808
v 0.035586171 0.0069 0.022681808
v 0.035586171 0.00805 -0.022681808
v 0.035586171 0.00805 0.022681808
v 0.036048195 -0.00805 -0.025229499
v 0.036048195 -0.00805 0.025229499
v 0.036048195 -0.0069 -0.025229499
v 0.036048195 -0.0069 0.025229499
v 0.036048195 -0.0045 -0.025229499
v 0.036048195 -0.0045 0.025229499
v 0.036048195 -0.00335 -0.025229499
v 0.036048195 -0.00335 0.025229499
v 0.036048195 0.00335 -0.025229499
v 0.036048195 0.00335 0.025229499
v 0.036048195 0.0045 -0.025229499
v 0.036048195 0.0045 0.025229499
v 0.036048195 0.0069 -0.025229499
v 0.036048195 0.0069 0.025229499
v 0.036048195 0.00805 -0.025229499
v 0.036048195 0.00805 0.025229499
v 0.03616677 -0.00805 -0.021744074
v 0.03616677 -0.00805 0.021744074
v 0.03616677 -0.006275 -0.021744074
v 0.03616677 -0.006275 0.021744074
v 0.03616677 -0.005125 -0.021744074
v 0.03616677 -0.005125 0.021744074
v 0.03616677 -0.00335 -0.021744074
v 0.03616677 -0.00335 0.021744074
v 0.03616677 0.00335 -0.021744074
v 0.03616677 0.00335 0.021744074
v 0.03616677 0.005125 -0.021744074
v 0.03616677 0.005125 0.021744074
v 0.03616677 0.006275 -0.021744074
v 0.03616677 0.006275 0.021744074
v 0.03616677 0.00805 -0.021744074
v 0.03616677 0.00805 0.021744074
v 0.036225458 -0.01375 -0.021646158
v 0.036225458 -0.011975 -0.021646158
v 0.036225458 -0.011975 0.021646158
v 0.036225458 -0.010825 -0.021646158
v 0.036225458 -0.010825 0.021646158
v 0.036225458 -0.00905 -0.021646158
v 0.036225458 -0.00235 -0.021646158
v 0.036225458 -0.000575 -0.021646158
v 0.036225458 -0.000575 0.021646158
v 0.036225458 0.000575 -0.021646158
v 0.036225458 0.000575 0.021646158
v 0.036225458 0.00235 -0.021646158
v 0.036225458 0.00905 -0.021646158
v 0.036225458 0.010825 -0.021646158
v 0.036225458 0.010825 0.021646158
v 0.036225458 0.011975 -0.021646158
v 0.036225458 0.011975 0.021646158
v 0.036225458 0.01375 -0.021646158
v 0.036778774 -0.01375 -0.020692071
v 0.036778774 -0.01375 0.020692071
v 0.036778774 -0.0126 -0.020692071
v 0.036778774 -0.0126 0.020692071
v 0.036778774 -0.0102 -0.020692071
v 0.036778774 -0.0102 0.020692071
v 0.036778774 -0.00905 -0.020692071
v 0.036778774 -0.00905 0.020692071
v 0.036778774 -0.00235 -0.020692071
v 0.036778774 -0.00235 0.020692071
v 0.036778774 -0.0012 -0.020692071
v 0.036778774 -0.0012 0.020692071
v 0.036778774 0.0012 -0.020692071
v 0.036778774 0.0012 0.020692071
v 0.036778774 0.00235 -0.020692071
v 0.036778774 0.00235 0.020692071
v 0.036778774 0.00905 -0.020692071
v 0.036778774 0.00905 0.020692071
v 0.036778774 0.0102 -0.020692071
v 0.036778774 0.0102 0.020692071
v 0.036778774 0.0126 -0.020692071
v 0.036778774 0.0126 0.020692071
v 0.036778774 0.01375 -0.020692071
v 0.036778774 0.01375 0.020692071
v 0.037104065 -0.00805 -0.023649278
v 0.037104065 -0.00805 0.023649278
v 0.037104065 -0.0069 -0.023649278
v 0.037104065 -0.0069 0.023649278
v 0.037104065 -0.0045 -0.023649278
v 0.037104065 -0.0045 0.023649278
v 0.037104065 -0.00335 -0.023649278
v 0.037104065 -0.00335 0.023649278
v 0.037104065 0.00335 -0.023649278
v 0.037104065 0.00335 0.023649278
v 0.037104065 0.0045 -0.023649278
v 0.037104065 0.0045 0.023649278
v 0.037104065 0.0069 -0.023649278
v 0.037104065 0.0069 0.023649278
v 0.037104065 0.00805 -0.023649278
v 0.037104065 0.00805 0.023649278
v 0.03763802 -0.01375 -0.019084534
v 0.03763802 -0.01375 0.019084534
v 0.03763802 -0.0126 -0.019084534
v 0.03763802 -0.0126 0.019084534
v 0.03763802 -0.0102 -0.019084534
v 0.03763802 -0.0102 0.019084534
v 0.03763802 -0.00905 -0.019084534
v 0.03763802 -0.00905 0.019084534
v 0.03763802 -0.00235 -0.019084534
v 0.03763802 -0.00235 0.019084534
v 0.03763802 -0.0012 -0.019084534
v 0.03763802 -0.0012 0.019084534
v 0.03763802 0.0012 -0.019084534
v 0.03763802 0.0012 0.019084534
v 0.03763802 0.00235 -0.019084534
v 0.03763802 0.00235 0.019084534
v 0.03763802 0.00905 -0.019084534
v 0.03763802 0.00905 0.019084534
v 0.03763802 0.0102 -0.019084534
v 0.03763802 0.0102 0.019084534
v 0.03763802 0.0126 -0.019084534
v 0.03763802 0.0126 0.019084534
v 0.03763802 0.01375 -0.019084534
v 0.03763802 0.01375 0.019084534
v 0.037709428 -0.00805 -0.022671546
v 0.037709428 -0.00805 0.022671546
v 0.037709428 -0.006275 -0.022671546
v 0.037709428 -0.006275 0.022671546
v 0.037709428 -0.005125 -0.022671546
v 0.037709428 -0.005125 0.022671546
v 0.037709428 -0.00335 -0.022671546
v 0.037709428 -0.00335 0.022671546
v 0.037709428 0.00335 -0.022671546
v 0.037709428 0.00335 0.022671546
v 0.037709428 0.005125 -0.022671546
v 0.037709428 0.005125 0.022671546
v 0.037709428 0.006275 -0.022671546
v 0.037709428 0.006275 0.022671546
v 0.037709428 0.00805 -0.022671546
v 0.037709428 0.00805 0.022671546
v 0.03777062 -0.01375 -0.022569454
v 0.03777062 -0.011975 -0.022569454
v 0.03777062 -0.011975 0.022569454
v 0.03777062 -0.010825 -0.022569454
v 0.03777062 -0.010825 0.022569454
v 0.03777062 -0.00905 -0.022569454
v 0.03777062 -0.00235 -0.022569454
v 0.03777062 -0.000575 -0.022569454
v 0.03777062 -0.000575 0.022569454
v 0.03777062 0.000575 -0.022569454
v 0.03777062 0.000575 0.022569454
v 0.03777062 0.00235 -0.022569454
v 0.03777062 0.00905 -0.022569454
v 0.03777062 0.010825 -0.022569454
v 0.03777062 0.010825 0.022569454
v 0.03777062 0.011975 -0.022569454
v 0.03777062 0.011975 0.022569454
v 0.03777062 0.01375 -0.022569454
v 0.038123909 -0.01375 -0.018094407
v 0.038123909 -0.011975 -0.018094407
v 0.038123909 -0.011975 0.018094407
v 0.038123909 -0.010825 -0.018094407
v 0.038123909 -0.010825 0.018094407
v 0.038123909 -0.00905 -0.018094407
v 0.038123909 -0.00235 -0.018094407
v 0.038123909 -0.000575 -0.018094407
v 0.038123909 -0.000575 0.018094407
v 0.038123909 0.000575 -0.018094407
v 0.038123909 0.000575 0.018094407
v 0.038123909 0.00235 -0.018094407
v 0.038123909 0.00905 -0.018094407
v 0.038123909 0.010825 -0.018094407
v 0.038123909 0.010825 0.018094407
v 0.038123909 0.011975 -0.018094407
v 0.038123909 0.011975 0.018094407
v 0.038123909 0.01375 -0.018094407
v 0.038172717 -0.006275 -0.01799121
v 0.038172717 -0.006275 0.01799121
v 0.038172717 -0.005125 -0.01799121
v 0.038172717 -0.005125 0.01799121
v 0.038172717 0.005125 -0.01799121
v 0.038172717 0.005125 0.01799121
v 0.038172717 0.006275 -0.01799121
v 0.038172717 0.006275 0.01799121
v 0.038347536 -0.01375 -0.021574671
v 0.038347536 -0.01375 0.021574671
v 0.038347536 -0.0126 -0.021574671
v 0.038347536 -0.0126 0.021574671
v 0.038347536 -0.0102 -0.021574671
v 0.038347536 -0.0102 0.021574671
v 0.038347536 -0.00905 -0.021574671
v 0.038347536 -0.00905 0.021574671
v 0.038347536 -0.00235 -0.021574671
v 0.038347536 -0.00235 0.021574671
v 0.038347536 -0.0012 -0.021574671
v 0.038347536 -0.0012 0.021574671
v 0.038347536 0.0012 -0.021574671
v 0.038347536 0.0012 0.021574671
v 0.038347536 0.00235 -0.021574671
v 0.038347536 0.00235 0.021574671
v 0.038347536 0.00905 -0.021574671
v 0.038347536 0.00905 0.021574671
v 0.038347536 0.0102 -0.021574671
v 0.038347536 0.0102 0.021574671
v 0.038347536 0.0126 -0.021574671
v 0.038347536 0.0126 0.021574671
v 0.038347536 0.01375 -0.021574671
v 0.038347536 0.01375 0.021574671
v 0.038629851 -0.00805 -0.016987483
v 0.038629851 -0.00805 0.016987483
v 0.038629851 -0.0069 -0.016987483
v 0.038629851 -0.0069 0.016987483
v 0.038629851 -0.0045 -0.016987483
v 0.038629851 -0.0045 0.016987483
v 0.038629851 -0.00335 -0.016987483
v 0.038629851 -0.00335 0.016987483
v 0.038629851 0.00335 -0.016987483
v 0.038629851 0.00335 0.016987483
v 0.038629851 0.0045 -0.016987483
v 0.038629851 0.0045 0.016987483
v 0.038629851 0.0069 -0.016987483
v 0.038629851 0.0069 0.016987483
v 0.038629851 0.00805 -0.016987483
v 0.038629851 0.00805 0.016987483
v 0.039243433 -0.01375 -0.019898566
v 0.039243433 -0.01375 0.019898566
v 0.039243433 -0.0126 -0.019898566
v 0.039243433 -0.0126 0.019898566
v 0.039243433 -0.0102 -0.019898566
v 0.039243433 -0.0102 0.019898566
v 0.039243433 -0.00905 -0.019898566
v 0.039243433 -0.00905 0.019898566
v 0.039243433 -0.00235 -0.019898566
v 0.039243433 -0.00235 0.019898566
v 0.039243433 -0.0012 -0.019898566
v 0.039243433 -0.0012 0.019898566
v 0.039243433 0.0012 -0.019898566
v 0.039243433 0.0012 0.019898566
v 0.039243433 0.00235 -0.019898566
v 0.039243433 0.00235 0.019898566
v 0.039243433 0.00905 -0.019898566
v 0.039243433 0.00905 0.019898566
v 0.039243433 0.0102 -0.019898566
v 0.039243433 0.0102 0.019898566
v 0.039243433 0.0126 -0.019898566
v 0.039243433 0.0126 0.019898566
v 0.039243433 0.01375 -0.019898566
v 0.039243433 0.01375 0.019898566
v 0.039327394 -0.00805 -0.015303465
v 0.039327394 -0.00805 0.015303465
v 0.039327394 -0.0069 -0.015303465
v 0.039327394 -0.0069 0.015303465
v 0.039327394 -0.0045 -0.015303465
v 0.039327394 -0.0045 0.015303465
v 0.039327394 -0.00335 -0.015303465
v 0.039327394 -0.00335 0.015303465
v 0.039327394 0.00335 -0.015303465
v 0.039327394 0.00335 0.015303465
v 0.039327394 0.0045 -0.015303465
v 0.039327394 0.0045 0.015303465
v 0.039327394 0.0069 -0.015303465
v 0.039327394 0.0069 0.015303465
v 0.039327394 0.00805 -0.015303465
v 0.039327394 0.00805 0.015303465
v 0.039713894 -0.006275 -0.014270481
v 0.039713894 -0.006275 0.014270481
v 0.039713894 -0.005125 -0.014270481
v 0.039713894 -0.005125 0.014270481
v 0.039713894 0.005125 -0.014270481
v 0.039713894 0.005125 0.014270481
v 0.039713894 0.006275 -0.014270481
v 0.039713894 0.006275 0.014270481
v 0.039750047 -0.01375 -0.018866206
v 0.039750047 -0.011975 -0.018866206
v 0.039750047 -0.011975 0.018866206
v 0.039750047 -0.010825 -0.018866206
v 0.039750047 -0.010825 0.018866206
v 0.039750047 -0.00905 -0.018866206
v 0.039750047 -0.00235 -0.018866206
v 0.039750047 -0.000575 -0.018866206
v 0.039750047 -0.000575 0.018866206
v 0.039750047 0.000575 -0.018866206
v 0.039750047 0.000575 0.018866206
v 0.039750047 0.00235 -0.018866206
v 0.039750047 0.00905 -0.018866206
v 0.039750047 0.010825 -0.018866206
v 0.039750047 0.010825 0.018866206
v 0.039750047 0.011975 -0.018866206
v 0.039750047 0.011975 0.018866206
v 0.039750047 0.01375 -0.018866206
v 0.039752352 -0.01375 0.014162997
v 0.039752352 -0.011975 -0.014162997
v 0.039752352 -0.011975 0.014162997
v 0.039752352 -0.010825 -0.014162997
v 0.039752352 -0.010825 0.014162997
v 0.039752352 -0.00905 0.014162997
v 0.039752352 -0.00235 0.014162997
v 0.039752352 -0.000575 -0.014162997
v 0.039752352 -0.000575 0.014162997
v 0.039752352 0.000575 -0.014162997
v 0.039752352 0.000575 0.014162997
v 0.039752352 0.00235 0.014162997
v 0.039752352 0.00905 0.014162997
v 0.039752352 0.010825 -0.014162997
v 0.039752352 0.010825 0.014162997
v 0.039752352 0.011975 -0.014162997
v 0.039752352 0.011975 0.014162997
v 0.039752352 0.01375 0.014162997
v 0.039800938 -0.006275 -0.018758608
v 0.039800938 -0.006275 0.018758608
v 0.039800938 -0.005125 -0.018758608
v 0.039800938 -0.005125 0.018758608
v 0.039800938 0.005125 -0.018758608
v 0.039800938 0.005125 0.018758608
v 0.039800938 0.006275 -0.018758608
v 0.039800938 0.006275 0.018758608
v 0.040108903 -0.01375 -0.013119296
v 0.040108903 -0.01375 0.013119296
v 0.040108903 -0.0126 -0.013119296
v 0.040108903 -0.0126 0.013119296
v 0.040108903 -0.0102 -0.013119296
v 0.040108903 -0.0102 0.013119296
v 0.040108903 -0.00905 -0.013119296
v 0.040108903 -0.00905 0.013119296
v 0.040108903 -0.00235 -0.013119296
v 0.040108903 -0.00235 0.013119296
v 0.040108903 -0.0012 -0.013119296
v 0.040108903 -0.0012 0.013119296
v 0.040108903 0.0012 -0.013119296
v 0.040108903 0.0012 0.013119296
v 0.040108903 0.00235 -0.013119296
v 0.040108903 0.00235 0.013119296
v 0.040108903 0.00905 -0.013119296
v 0.040108903 0.00905 0.013119296
v 0.040108903 0.0102 -0.013119296
v 0.040108903 0.0102 0.013119296
v 0.040108903 0.0126 -0.013119296
v 0.040108903 0.0126 0.013119296
v 0.040108903 0.01375 -0.013119296
v 0.040108903 0.01375 0.013119296
v 0.04027757 -0.00805 -0.017712068
v 0.04027757 -0.00805 0.017712068
v 0.04027757 -0.0069 -0.017712068
v 0.04027757 -0.0069 0.017712068
v 0.04027757 -0.0045 -0.017712068
v 0.04027757 -0.0045 0.017712068
v 0.04027757 -0.00335 -0.017712068
v 0.04027757 -0.00335 0.017712068
v 0.04027757 0.00335 -0.017712068
v 0.04027757 0.00335 0.017712068
v 0.04027757 0.0045 -0.017712068
v 0.04027757 0.0045 0.017712068
v 0.04027757 0.0069 -0.017712068
v 0.04027757 0.0069 0.017712068
v 0.04027757 0.00805 -0.017712068
v 0.04027757 0.00805 0.017712068
v 0.040638024 -0.01375 -0.011375016
v 0.040638024 -0.01375 0.011375016
v 0.040638024 -0.0126 -0.011375016
v 0.040638024 -0.0126 0.011375016
v 0.040638024 -0.0102 -0.011375016
v 0.040638024 -0.0102 0.011375016
v 0.040638024 -0.00905 -0.011375016
v 0.040638024 -0.00905 0.011375016
v 0.040638024 -0.00235 -0.011375016
v 0.040638024 -0.00235 0.011375016
v 0.040638024 -0.0012 -0.011375016
v 0.040638024 -0.0012 0.011375016
v 0.040638024 0.0012 -0.011375016
v 0.040638024 0.0012 0.011375016
v 0.040638024 0.00235 -0.011375016
v 0.040638024 0.00235 0.011375016
v 0.040638024 0.00905 -0.011375016
v 0.040638024 0.00905 0.011375016
v 0.040638024 0.0102 -0.011375016
v 0.040638024 0.0102 0.011375016
v 0.040638024 0.0126 -0.011375016
v 0.040638024 0.0126 0.011375016
v 0.040638024 0.01375 -0.011375016
v 0.040638024 0.01375 0.011375016
v 0.040921412 -0.01375 0.010309122
v 0.040921412 -0.011975 -0.010309122
v 0.040921412 -0.011975 0.010309122
v 0.040921412 -0.010825 -0.010309122
v 0.040921412 -0.010825 0.010309122
v 0.040921412 -0.00905 0.010309122
v 0.040921412 -0.00235 0.010309122
v 0.040921412 -0.000575 -0.010309122
v 0.040921412 -0.000575 0.010309122
v 0.040921412 0.000575 -0.010309122
v 0.040921412 0.000575 0.010309122
v 0.040921412 0.00235 0.010309122
v 0.040921412 0.00905 0.010309122
v 0.040921412 0.010825 -0.010309122
v 0.040921412 0.010825 0.010309122
v 0.040921412 0.011975 -0.010309122
v 0.040921412 0.011975 0.010309122
v 0.040921412 0.01375 0.010309122
v 0.04094915 -0.00805 -0.010198386
v 0.04094915 -0.00805 0.010198386
v 0.04094915 -0.006275 -0.010198386
v 0.04094915 -0.006275 0.010198386
v 0.04094915 -0.005125 -0.010198386
v 0.04094915 -0.005125 0.010198386
v 0.04094915 -0.00335 -0.010198386
v 0.04094915 -0.00335 0.010198386
v 0.04094915 0.00335 -0.010198386
v 0.04094915 0.00335 0.010198386
v 0.04094915 0.005125 -0.010198386
v 0.04094915 0.005125 0.010198386
v 0.04094915 0.006275 -0.010198386
v 0.04094915 0.006275 0.010198386
v 0.04094915 0.00805 -0.010198386
v 0.04094915 0.00805 0.010198386
v 0.041004866 -0.00805 -0.01595622
v 0.041004866 -0.00805 0.01595622
v 0.041004866 -0.0069 -0.01595622
v 0.041004866 -0.0069 0.01595622
v 0.041004866 -0.0045 -0.01595622
v 0.041004866 -0.0045 0.01595622
v 0.041004866 -0.00335 -0.01595622
v 0.041004866 -0.00335 0.01595622
v 0.041004866 0.00335 -0.01595622
v 0.041004866 0.00335 0.01595622
v 0.041004866 0.0045 -0.01595622
v 0.041004866 0.0045 0.01595622
v 0.041004866 0.0069 -0.01595622
v 0.041004866 0.0069 0.01595622
v 0.041004866 0.00805 -0.01595622
v 0.041004866 0.00805 0.01595622
v 0.041201683 -0.00805 -0.0091247631
v 0.041201683 -0.00805 0.0091247631
v 0.041201683 -0.0069 -0.0091247631
v 0.041201683 -0.0069 0.0091247631
v 0.041201683 -0.0045 -0.0091247631
v 0.041201683 -0.0045 0.0091247631
v 0.041201683 -0.00335 -0.0091247631
v 0.041201683 -0.00335 0.0091247631
v 0.041201683 0.00335 -0.0091247631
v 0.041201683 0.00335 0.0091247631
v 0.041201683 0.0045 -0.0091247631
v 0.041201683 0.0045 0.0091247631
v 0.041201683 0.0069 -0.0091247631
v 0.041201683 0.0069 0.0091247631
v 0.041201683 0.00805 -0.0091247631
v 0.041201683 0.00805 0.0091247631
v 0.041407852 -0.006275 -0.014879174
v 0.041407852 -0.006275 0.014879174
v 0.041407852 -0.005125 -0.014879174
v 0.041407852 -0.005125 0.014879174
v 0.041407852 0.005125 -0.014879174
v 0.041407852 0.005125 0.014879174
v 0.041407852 0.006275 -0.014879174
v 0.041407852 0.006275 0.014879174
v 0.04144795 -0.01375 0.014767106
v 0.04144795 -0.011975 -0.014767106
v 0.04144795 -0.011975 0.014767106
v 0.04144795 -0.010825 -0.014767106
v 0.04144795 -0.010825 0.014767106
v 0.04144795 -0.00905 0.014767106
v 0.04144795 -0.00235 0.014767106
v 0.04144795 -0.000575 -0.014767106
v 0.04144795 -0.000575 0.014767106
v 0.04144795 0.000575 -0.014767106
v 0.04144795 0.000575 0.014767106
v 0.04144795 0.00235 0.014767106
v 0.04144795 0.00905 0.014767106
v 0.04144795 0.010825 -0.014767106
v 0.04144795 0.010825 0.014767106
v 0.04144795 0.011975 -0.014767106
v 0.04144795 0.011975 0.014767106
v 0.04144795 0.01375 0.014767106
v 0.041557287 -0.00805 -0.0073370197
v 0.041557287 -0.00805 0.0073370197
v 0.041557287 -0.0069 -0.0073370197
v 0.041557287 -0.0069 0.0073370197
v 0.041557287 -0.0045 -0.0073370197
v 0.041557287 -0.0045 0.0073370197
v 0.041557287 -0.00335 -0.0073370197
v 0.041557287 -0.00335 0.0073370197
v 0.041557287 0.00335 -0.0073370197
v 0.041557287 0.00335 0.0073370197
v 0.041557287 0.0045 -0.0073370197
v 0.041557287 0.0045 0.0073370197
v 0.041557287 0.0069 -0.0073370197
v 0.041557287 0.0069 0.0073370197
v 0.041557287 0.00805 -0.0073370197
v 0.041557287 0.00805 0.0073370197
v 0.041734835 -0.00805 -0.0062484811
v 0.041734835 -0.00805 0.0062484811
v 0.041734835 -0.006275 -0.0062484811
v 0.041734835 -0.006275 0.0062484811
v 0.041734835 -0.005125 -0.0062484811
v 0.041734835 -0.005125 0.0062484811
v 0.041734835 -0.00335 -0.0062484811
v 0.041734835 -0.00335 0.0062484811
v 0.041734835 0.00335 -0.0062484811
v 0.041734835 0.00335 0.0062484811
v 0.041734835 0.005125 -0.0062484811
v 0.041734835 0.005125 0.0062484811
v 0.041734835 0.006275 -0.0062484811
v 0.041734835 0.006275 0.0062484811
v 0.041734835 0.00805 -0.0062484811
v 0.041734835 0.00805 0.0062484811
v 0.041751586 -0.01375 -0.0061355596
v 0.041751586 -0.011975 -0.0061355596
v 0.041751586 -0.011975 0.0061355596
v 0.041751586 -0.010825 -0.0061355596
v 0.041751586 -0.010825 0.0061355596
v 0.041751586 -0.00905 -0.0061355596
v 0.041751586 -0.00235 -0.0061355596
v 0.041751586 -0.000575 -0.0061355596
v 0.041751586 -0.000575 0.0061355596
v 0.041751586 0.000575 -0.0061355596
v 0.041751586 0.000575 0.0061355596
v 0.041751586 0.00235 -0.0061355596
v 0.041751586 0.00905 -0.0061355596
v 0.041751586 0.010825 -0.0061355596
v 0.041751586 0.010825 0.0061355596
v 0.041751586 0.011975 -0.0061355596
v 0.041751586 0.011975 0.0061355596
v 0.041751586 0.01375 -0.0061355596
v 0.041819709 -0.01375 -0.013678887
v 0.041819709 -0.01375 0.013678887
v 0.041819709 -0.0126 -0.013678887
v 0.041819709 -0.0126 0.013678887
v 0.041819709 -0.0102 -0.013678887
v 0.041819709 -0.0102 0.013678887
v 0.041819709 -0.00905 -0.013678887
v 0.041819709 -0.00905 0.013678887
v 0.041819709 -0.00235 -0.013678887
v 0.041819709 -0.00235 0.013678887
v 0.041819709 -0.0012 -0.013678887
v 0.041819709 -0.0012 0.013678887
v 0.041819709 0.0012 -0.013678887
v 0.041819709 0.0012 0.013678887
v 0.041819709 0.00235 -0.013678887
v 0.041819709 0.00235 0.013678887
v 0.041819709 0.00905 -0.013678887
v 0.041819709 0.00905 0.013678887
v 0.041819709 0.0102 -0.013678887
v 0.041819709 0.0102 0.013678887
v 0.041819709 0.0126 -0.013678887
v 0.041819709 0.0126 0.013678887
v 0.041819709 0.01375 -0.013678887
v 0.041819709 0.01375 0.013678887
v 0.041897669 -0.01375 -0.0050423537
v 0.041897669 -0.01375 0.0050423537
v 0.041897669 -0.0126 -0.0050423537
v 0.041897669 -0.0126 0.0050423537
v 0.041897669 -0.0102 -0.0050423537
v 0.041897669 -0.0102 0.0050423537
v 0.041897669 -0.00905 -0.0050423537
v 0.041897669 -0.00905 0.0050423537
v 0.041897669 -0.00235 -0.0050423537
v 0.041897669 -0.00235 0.0050423537
v 0.041897669 -0.0012 -0.0050423537
v 0.041897669 -0.0012 0.0050423537
v 0.041897669 0.0012 -0.0050423537
v 0.041897669 0.0012 0.0050423537
v 0.041897669 0.00235 -0.0050423537
v 0.041897669 0.00235 0.0050423537
v 0.041897669 0.00905 -0.0050423537
v 0.041897669 0.00905 0.0050423537
v 0.041897669 0.0102 -0.0050423537
v 0.041897669 0.0102 0.0050423537
v 0.041897669 0.0126 -0.0050423537
v 0.041897669 0.0126 0.0050423537
v 0.041897669 0.01375 -0.0050423537
v 0.041897669 0.01375 0.0050423537
v 0.042076331 -0.01375 -0.0032283634
v 0.042076331 -0.01375 0.0032283634
v 0.042076331 -0.0126 -0.0032283634
v 0.042076331 -0.0126 0.0032283634
v 0.042076331 -0.0102 -0.0032283634
v 0.042076331 -0.0102 0.0032283634
v 0.042076331 -0.00905 -0.0032283634
v 0.042076331 -0.00905 0.0032283634
v 0.042076331 -0.00235 -0.0032283634
v 0.042076331 -0.00235 0.0032283634
v 0.042076331 -0.0012 -0.0032283634
v 0.042076331 -0.0012 0.0032283634
v 0.042076331 0.0012 -0.0032283634
v 0.042076331 0.0012 0.0032283634
v 0.042076331 0.00235 -0.0032283634
v 0.042076331 0.00235 0.0032283634
v 0.042076331 0.00905 -0.0032283634
v 0.042076331 0.00905 0.0032283634
v 0.042076331 0.0102 -0.0032283634
v 0.042076331 0.0102 0.0032283634
v 0.042076331 0.0126 -0.0032283634
v 0.042076331 0.0126 0.0032283634
v 0.042076331 0.01375 -0.0032283634
v 0.042076331 0.01375 0.0032283634
v 0.042146329 -0.01375 -0.0021276637
v 0.042146329 -0.011975 -0.0021276637
v 0.042146329 -0.011975 0.0021276637
v 0.042146329 -0.010825 -0.0021276637
v 0.042146329 -0.010825 0.0021276637
v 0.042146329 -0.00905 -0.0021276637
v 0.042146329 -0.00235 -0.0021276637
v 0.042146329 -0.000575 -0.0021276637
v 0.042146329 -0.000575 0.0021276637
v 0.042146329 0.000575 -0.0021276637
v 0.042146329 0.000575 0.0021276637
v 0.042146329 0.00235 -0.0021276637
v 0.042146329 0.00905 -0.0021276637
v 0.042146329 0.010825 -0.0021276637
v 0.042146329 0.010825 0.0021276637
v 0.042146329 0.011975 -0.0021276637
v 0.042146329 0.011975 0.0021276637
v 0.042146329 0.01375 -0.0021276637
v 0.04215193 -0.006275 -0.0020136442
v 0.04215193 -0.006275 0.0020136442
v 0.04215193 -0.005125 -0.0020136442
v 0.04215193 -0.005125 0.0020136442
v 0.04215193 0.005125 -0.0020136442
v 0.04215193 0.005125 0.0020136442
v 0.04215193 0.006275 -0.0020136442
v 0.04215193 0.006275 0.0020136442
v 0.042190157 -0.00805 -0.00091138371
v 0.042190157 -0.00805 0.00091138371
v 0.042190157 -0.0069 -0.00091138371
v 0.042190157 -0.0069 0.00091138371
v 0.042190157 -0.0045 -0.00091138371
v 0.042190157 -0.0045 0.00091138371
v 0.042190157 -0.00335 -0.00091138371
v 0.042190157 -0.00335 0.00091138371
v 0.042190157 0.00335 -0.00091138371
v 0.042190157 0.00335 0.00091138371
v 0.042190157 0.0045 -0.00091138371
v 0.042190157 0.0045 0.00091138371
v 0.042190157 0.0069 -0.00091138371
v 0.042190157 0.0069 0.00091138371
v 0.042190157 0.00805 -0.00091138371
v 0.042190157 0.00805 0.00091138371
v 0.0423714 -0.01375 -0.011860207
v 0.0423714 -0.01375 0.011860207
v 0.0423714 -0.0126 -0.011860207
v 0.0423714 -0.0126 0.011860207
v 0.0423714 -0.0102 -0.011860207
v 0.0423714 -0.0102 0.011860207
v 0.0423714 -0.00905 -0.011860207
v 0.0423714 -0.00905 0.011860207
v 0.0423714 -0.00235 -0.011860207
v 0.0423714 -0.00235 0.011860207
v 0.0423714 -0.0012 -0.011860207
v 0.0423714 -0.0012 0.011860207
v 0.0423714 0.0012 -0.011860207
v 0.0423714 0.0012 0.011860207
v 0.0423714 0.00235 -0.011860207
v 0.0423714 0.00235 0.011860207
v 0.0423714 0.00905 -0.011860207
v 0.0423714 0.00905 0.011860207
v 0.0423714 0.0102 -0.011860207
v 0.0423714 0.0102 0.011860207
v 0.0423714 0.0126 -0.011860207
v 0.0423714 0.0126 0.011860207
v 0.0423714 0.01375 -0.011860207
v 0.0423714 0.01375 0.011860207
v 0.042666876 -0.01375 0.010748848
v 0.042666876 -0.011975 -0.010748848
v 0.042666876 -0.011975 0.010748848
v 0.042666876 -0.010825 -0.010748848
v 0.042666876 -0.010825 0.010748848
v 0.042666876 -0.00905 0.010748848
v 0.042666876 -0.00235 0.010748848
v 0.042666876 -0.000575 -0.010748848
v 0.042666876 -0.000575 0.010748848
v 0.042666876 0.000575 -0.010748848
v 0.042666876 0.000575 0.010748848
v 0.042666876 0.00235 0.010748848
v 0.042666876 0.00905 0.010748848
v 0.042666876 0.010825 -0.010748848
v 0.042666876 0.010825 0.010748848
v 0.042666876 0.011975 -0.010748848
v 0.042666876 0.011975 0.010748848
v 0.042666876 0.01375 0.010748848
v 0.042695797 -0.00805 -0.010633389
v 0.042695797 -0.00805 0.010633389
v 0.042695797 -0.006275 -0.010633389
v 0.042695797 -0.006275 0.010633389
v 0.042695797 -0.005125 -0.010633389
v 0.042695797 -0.005125 0.010633389
v 0.042695797 -0.00335 -0.010633389
v 0.042695797 -0.00335 0.010633389
v 0.042695797 0.00335 -0.010633389
v 0.042695797 0.00335 0.010633389
v 0.042695797 0.005125 -0.010633389
v 0.042695797 0.005125 0.010633389
v 0.042695797 0.006275 -0.010633389
v 0.042695797 0.006275 0.010633389
v 0.042695797 0.00805 -0.010633389
v 0.042695797 0.00805 0.010633389
v 0.042959101 -0.00805 -0.009513971
v 0.042959101 -0.00805 0.009513971
v 0.042959101 -0.0069 -0.009513971
v 0.042959101 -0.0069 0.009513971
v 0.042959101 -0.0045 -0.009513971
v 0.042959101 -0.0045 0.009513971
v 0.042959101 -0.00335 -0.009513971
v 0.042959101 -0.00335 0.009513971
v 0.042959101 0.00335 -0.009513971
v 0.042959101 0.00335 0.009513971
v 0.042959101 0.0045 -0.009513971
v 0.042959101 0.0045 0.009513971
v 0.042959101 0.0069 -0.009513971
v 0.042959101 0.0069 0.009513971
v 0.042959101 0.00805 -0.009513971
v 0.042959101 0.00805 0.009513971
v 0.043329873 -0.00805 -0.0076499731
v 0.043329873 -0.00805 0.0076499731
v 0.043329873 -0.0069 -0.0076499731
v 0.043329873 -0.0069 0.0076499731
v 0.043329873 -0.0045 -0.0076499731
v 0.043329873 -0.0045 0.0076499731
v 0.043329873 -0.00335 -0.0076499731
v 0.043329873 -0.00335 0.0076499731
v 0.043329873 0.00335 -0.0076499731
v 0.043329873 0.00335 0.0076499731
v 0.043329873 0.0045 -0.0076499731
v 0.043329873 0.0045 0.0076499731
v 0.043329873 0.0069 -0.0076499731
v 0.043329873 0.0069 0.0076499731
v 0.043329873 0.00805 -0.0076499731
v 0.043329873 0.00805 0.0076499731
v 0.043514994 -0.00805 -0.006515004
v 0.043514994 -0.00805 0.006515004
v 0.043514994 -0.006275 -0.006515004
v 0.043514994 -0.006275 0.006515004
v 0.043514994 -0.005125 -0.006515004
v 0.043514994 -0.005125 0.006515004
v 0.043514994 -0.00335 -0.006515004
v 0.043514994 -0.00335 0.006515004
v 0.043514994 0.00335 -0.006515004
v 0.043514994 0.00335 0.006515004
v 0.043514994 0.005125 -0.006515004
v 0.043514994 0.005125 0.006515004
v 0.043514994 0.006275 -0.006515004
v 0.043514994 0.006275 0.006515004
v 0.043514994 0.00805 -0.006515004
v 0.043514994 0.00805 0.006515004
v 0.043532459 -0.01375 -0.006397266
v 0.043532459 -0.011975 -0.006397266
v 0.043532459 -0.011975 0.006397266
v 0.043532459 -0.010825 -0.006397266
v 0.043532459 -0.010825 0.006397266
v 0.043532459 -0.00905 -0.006397266
v 0.043532459 -0.00235 -0.006397266
v 0.043532459 -0.000575 -0.006397266
v 0.043532459 -0.000575 0.006397266
v 0.043532459 0.000575 -0.006397266
v 0.043532459 0.000575 0.006397266
v 0.043532459 0.00235 -0.006397266
v 0.043532459 0.00905 -0.006397266
v 0.043532459 0.010825 -0.006397266
v 0.043532459 0.010825 0.006397266
v 0.043532459 0.011975 -0.006397266
v 0.043532459 0.011975 0.006397266
v 0.043532459 0.01375 -0.006397266
v 0.043684773 -0.01375 -0.0052574304
v 0.043684773 -0.01375 0.0052574304
v 0.043684773 -0.0126 -0.0052574304
v 0.043684773 -0.0126 0.0052574304
v 0.043684773 -0.0102 -0.0052574304
v 0.043684773 -0.0102 0.0052574304
v 0.043684773 -0.00905 -0.0052574304
v 0.043684773 -0.00905 0.0052574304
v 0.043684773 -0.00235 -0.0052574304
v 0.043684773 -0.00235 0.0052574304
v 0.043684773 -0.0012 -0.0052574304
v 0.043684773 -0.0012 0.0052574304
v 0.043684773 0.0012 -0.0052574304
v 0.043684773 0.0012 0.0052574304
v 0.043684773 0.00235 -0.0052574304
v 0.043684773 0.00235 0.0052574304
v 0.043684773 0.00905 -0.0052574304
v 0.043684773 0.00905 0.0052574304
v 0.043684773 0.0102 -0.0052574304
v 0.043684773 0.0102 0.0052574304
v 0.043684773 0.0126 -0.0052574304
v 0.043684773 0.0126 0.0052574304
v 0.043684773 0.01375 -0.0052574304
v 0.043684773 0.01375 0.0052574304
v 0.043871057 -0.01375 -0.0033660661
v 0.043871057 -0.01375 0.0033660661
v 0.043871057 -0.0126 -0.0033660661
v 0.043871057 -0.0126 0.0033660661
v 0.043871057 -0.0102 -0.0033660661
v 0.043871057 -0.0102 0.0033660661
v 0.043871057 -0.00905 -0.0033660661
v 0.043871057 -0.00905 0.0033660661
v 0.043871057 -0.00235 -0.0033660661
v 0.043871057 -0.00235 0.0033660661
v 0.043871057 -0.0012 -0.0033660661
v 0.043871057 -0.0012 0.0033660661
v 0.043871057 0.0012 -0.0033660661
v 0.043871057 0.0012 0.0033660661
v 0.043871057 0.00235 -0.0033660661
v 0.043871057 0.00235 0.0033660661
v 0.043871057 0.00905 -0.0033660661
v 0.043871057 0.00905 0.0033660661
v 0.043871057 0.0102 -0.0033660661
v 0.043871057 0.0102 0.0033660661
v 0.043871057 0.0126 -0.0033660661
v 0.043871057 0.0126 0.0033660661
v 0.043871057 0.01375 -0.0033660661
v 0.043871057 0.01375 0.0033660661
v 0.04394404 -0.01375 -0.0022184172
v 0.04394404 -0.011975 -0.0022184172
v 0.04394404 -0.011975 0.0022184172
v 0.04394404 -0.010825 -0.0022184172
v 0.04394404 -0.010825 0.0022184172
v 0.04394404 -0.00905 -0.0022184172
v 0.04394404 -0.00235 -0.0022184172
v 0.04394404 -0.000575 -0.0022184172
v 0.04394404 -0.000575 0.0022184172
v 0.04394404 0.000575 -0.0022184172
v 0.04394404 0.000575 0.0022184172
v 0.04394404 0.00235 -0.0022184172
v 0.04394404 0.00905 -0.0022184172
v 0.04394404 0.010825 -0.0022184172
v 0.04394404 0.010825 0.0022184172
v 0.04394404 0.011975 -0.0022184172
v 0.04394404 0.011975 0.0022184172
v 0.04394404 0.01375 -0.0022184172
v 0.04394988 -0.006275 -0.0020995342
v 0.04394988 -0.006275 0.0020995342
v 0.04394988 -0.005125 -0.0020995342
v 0.04394988 -0.005125 0.0020995342
v 0.04394988 0.005125 -0.0020995342
v 0.04394988 0.005125 0.0020995342
v 0.04394988 0.006275 -0.0020995342
v 0.04394988 0.006275 0.0020995342
v 0.043989738 -0.00805 -0.00095025789
v 0.043989738 -0.00805 0.00095025789
v 0.043989738 -0.0069 -0.00095025789
v 0.043989738 -0.0069 0.00095025789
v 0.043989738 -0.0045 -0.00095025789
v 0.043989738 -0.0045 0.00095025789
v 0.043989738 -0.00335 -0.00095025789
v 0.043989738 -0.00335 0.00095025789
v 0.043989738 0.00335 -0.00095025789
v 0.043989738 0.00335 0.00095025789
v 0.043989738 0.0045 -0.00095025789
v 0.043989738 0.0045 0.00095025789
v 0.043989738 0.0069 -0.00095025789
v 0.043989738 0.0069 0.00095025789
v 0.043989738 0.00805 -0.00095025789
v 0.043989738 0.00805 0.00095025789
f 4417 4418 4416
f 4417 4416 4415
f 4202 4201 4415
f 4202 4415 4416
f 4204 4202 4416
f 4204 4416 4418
f 4203 4204 4418
f 4203 4418 4417
f 4201 4203 4417
f 4201 4417 4415
f 4421 4422 4420
f 4421 4420 4419
f 4206 4205 4419
f 4206 4419 4420
f 4208 4206 4420
f 4208 4420 4422
f 4207 4208 4422
f 4207 4422 4421
f 4205 4207 4421
f 4205 4421 4419
f 4421 4444 4439
f 4421 4439 4415
f 4225 4201 4415
f 4225 4415 4439
f 4230 4225 4439
f 4230 4439 4444
f 4207 4230 4444
f 4207 4444 4421
f 4201 4207 4421
f 4201 4421 4415
f 4442 4443 4441
f 4442 4441 4440
f 4227 4226 4440
f 4227 4440 4441
f 4229 4227 4441
f 4229 4441 4443
f 4228 4229 4443
f 4228 4443 4442
f 4226 4228 4442
f 4226 4442 4440
f 4468 4344 4342
f 4468 4342 4466
f 4104 4252 4466
f 4104 4466 4342
f 4106 4104 4342
f 4106 4342 4344
f 4254 4106 4344
f 4254 4344 4468
f 4252 4254 4468
f 4252 4468 4466
f 4472 4348 4346
f 4472 4346 4470
f 4108 4256 4470
f 4108 4470 4346
f 4110 4108 4346
f 4110 4346 4348
f 4258 4110 4348
f 4258 4348 4472
f 4256 4258 4472
f 4256 4472 4470
f 4364 4348 4342
f 4364 4342 4358
f 4104 4120 4358
f 4104 4358 4342
f 4110 4104 4342
f 4110 4342 4348
f 4126 4110 4348
f 4126 4348 4364
f 4120 4126 4364
f 4120 4364 4358
f 4460 4362 4360
f 4460 4360 4458
f 4122 4244 4458
f 4122 4458 4360
f 4124 4122 4360
f 4124 4360 4362
f 4246 4124 4362
f 4246 4362 4460
f 4244 4246 4460
f 4244 4460 4458
f 4425 4426 4424
f 4425 4424 4423
f 4210 4209 4423
f 4210 4423 4424
f 4212 4210 4424
f 4212 4424 4426
f 4211 4212 4426
f 4211 4426 4425
f 4209 4211 4425
f 4209 4425 4423
f 4429 4430 4428
f 4429 4428 4427
f 4214 4213 4427
f 4214 4427 4428
f 4216 4214 4428
f 4216 4428 4430
f 4215 4216 4430
f 4215 4430 4429
f 4213 4215 4429
f 4213 4429 4427
f 4429 4450 4445
f 4429 4445 4423
f 4231 4209 4423
f 4231 4423 4445
f 4236 4231 4445
f 4236 4445 4450
f 4215 4236 4450
f 4215 4450 4429
f 4209 4215 4429
f 4209 4429 4423
f 4448 4449 4447
f 4448 4447 4446
f 4233 4232 4446
f 4233 4446 4447
f 4235 4233 4447
f 4235 4447 4449
f 4234 4235 4449
f 4234 4449 4448
f 4232 4234 4448
f 4232 4448 4446
f 4476 4352 4350
f 4476 4350 4474
f 4112 4260 4474
f 4112 4474 4350
f 4114 4112 4350
f 4114 4350 4352
f 4262 4114 4352
f 4262 4352 4476
f 4260 4262 4476
f 4260 4476 4474
f 4480 4356 4354
f 4480 4354 4478
f 4116 4264 4478
f 4116 4478 4354
f 4118 4116 4354
f 4118 4354 4356
f 4266 4118 4356
f 4266 4356 4480
f 4264 4266 4480
f 4264 4480 4478
f 4372 4356 4350
f 4372 4350 4366
f 4112 4128 4366
f 4112 4366 4350
f 4118 4112 4350
f 4118 4350 4356
f 4134 4118 4356
f 4134 4356 4372
f 4128 4134 4372
f 4128 4372 4366
f 4464 4370 4368
f 4464 4368 4462
f 4130 4248 4462
f 4130 4462 4368
f 4132 4130 4368
f 4132 4368 4370
f 4250 4132 4370
f 4250 4370 4464
f 4248 4250 4464
f 4248 4464 4462
f 4433 4434 4432
f 4433 4432 4431
f 4218 4217 4431
f 4218 4431 4432
f 4220 4218 4432
f 4220 4432 4434
f 4219 4220 4434
f 4219 4434 4433
f 4217 4219 4433
f 4217 4433 4431
f 4437 4438 4436
f 4437 4436 4435
f 4222 4221 4435
f 4222 4435 4436
f 4224 4222 4436
f 4224 4436 4438
f 4223 4224 4438
f 4223 4438 4437
f 4221 4223 4437
f 4221 4437 4435
f 4437 4456 4451
f 4437 4451 4431
f 4237 4217 4431
f 4237 4431 4451
f 4242 4237 4451
f 4242 4451 4456
f 4223 4242 4456
f 4223 4456 4437
f 4217 4223 4437
f 4217 4437 4431
f 4454 4455 4453
f 4454 4453 4452
f 4239 4238 4452
f 4239 4452 4453
f 4241 4239 4453
f 4241 4453 4455
f 4240 4241 4455
f 4240 4455 4454
f 4238 4240 4454
f 4238 4454 4452
f 4394 4270 4268
f 4394 4268 4392
f 3988 4178 4392
f 3988 4392 4268
f 3990 3988 4268
f 3990 4268 4270
f 4180 3990 4270
f 4180 4270 4394
f 4178 4180 4394
f 4178 4394 4392
f 4398 4274 4272
f 4398 4272 4396
f 3992 4182 4396
f 3992 4396 4272
f 3994 3992 4272
f 3994 4272 4274
f 4184 3994 4274
f 4184 4274 4398
f 4182 4184 4398
f 4182 4398 4396
f 4296 4274 4268
f 4296 4268 4291
f 3988 4011 4291
f 3988 4291 4268
f 3994 3988 4268
f 3994 4268 4274
f 4016 3994 4274
f 4016 4274 4296
f 4011 4016 4296
f 4011 4296 4291
f 4377 4295 4293
f 4377 4293 4375
f 4013 4137 4375
f 4013 4375 4293
f 4015 4013 4293
f 4015 4293 4295
f 4139 4015 4295
f 4139 4295 4377
f 4137 4139 4377
f 4137 4377 4375
f 4328 4048 4046
f 4328 4046 4326
f 3880 4062 4326
f 3880 4326 4046
f 3882 3880 4046
f 3882 4046 4048
f 4064 3882 4048
f 4064 4048 4328
f 4062 4064 4328
f 4062 4328 4326
f 4332 4052 4050
f 4332 4050 4330
f 3884 4066 4330
f 3884 4330 4050
f 3886 3884 4050
f 3886 4050 4052
f 4068 3886 4052
f 4068 4052 4332
f 4066 4068 4332
f 4066 4332 4330
f 4332 4316 4310
f 4332 4310 4326
f 4030 4062 4326
f 4030 4326 4310
f 4036 4030 4310
f 4036 4310 4316
f 4068 4036 4316
f 4068 4316 4332
f 4062 4068 4332
f 4062 4332 4326
f 4314 4080 4078
f 4314 4078 4312
f 3896 4032 4312
f 3896 4312 4078
f 3898 3896 4078
f 3898 4078 4080
f 4034 3898 4080
f 4034 4080 4314
f 4032 4034 4314
f 4032 4314 4312
f 4402 4278 4276
f 4402 4276 4400
f 3996 4186 4400
f 3996 4400 4276
f 3998 3996 4276
f 3998 4276 4278
f 4188 3998 4278
f 4188 4278 4402
f 4186 4188 4402
f 4186 4402 4400
f 4406 4282 4280
f 4406 4280 4404
f 4000 4190 4404
f 4000 4404 4280
f 4002 4000 4280
f 4002 4280 4282
f 4192 4002 4282
f 4192 4282 4406
f 4190 4192 4406
f 4190 4406 4404
f 4302 4282 4276
f 4302 4276 4297
f 3996 4017 4297
f 3996 4297 4276
f 4002 3996 4276
f 4002 4276 4282
f 4022 4002 4282
f 4022 4282 4302
f 4017 4022 4302
f 4017 4302 4297
f 4383 4301 4299
f 4383 4299 4381
f 4019 4143 4381
f 4019 4381 4299
f 4021 4019 4299
f 4021 4299 4301
f 4145 4021 4301
f 4145 4301 4383
f 4143 4145 4383
f 4143 4383 4381
f 4336 4056 4054
f 4336 4054 4334
f 3888 4070 4334
f 3888 4334 4054
f 3890 3888 4054
f 3890 4054 4056
f 4072 3890 4056
f 4072 4056 4336
f 4070 4072 4336
f 4070 4336 4334
f 4340 4060 4058
f 4340 4058 4338
f 3892 4074 4338
f 3892 4338 4058
f 3894 3892 4058
f 3894 4058 4060
f 4076 3894 4060
f 4076 4060 4340
f 4074 4076 4340
f 4074 4340 4338
f 4340 4324 4318
f 4340 4318 4334
f 4038 4070 4334
f 4038 4334 4318
f 4044 4038 4318
f 4044 4318 4324
f 4076 4044 4324
f 4076 4324 4340
f 4070 4076 4340
f 4070 4340 4334
f 4322 4084 4082
f 4322 4082 4320
f 3900 4040 4320
f 3900 4320 4082
f 3902 3900 4082
f 3902 4082 4084
f 4042 3902 4084
f 4042 4084 4322
f 4040 4042 4322
f 4040 4322 4320
f 4410 4286 4284
f 4410 4284 4408
f 4004 4194 4408
f 4004 4408 4284
f 4006 4004 4284
f 4006 4284 4286
f 4196 4006 4286
f 4196 4286 4410
f 4194 4196 4410
f 4194 4410 4408
f 4414 4290 4288
f 4414 4288 4412
f 4008 4198 4412
f 4008 4412 4288
f 4010 4008 4288
f 4010 4288 4290
f 4200 4010 4290
f 4200 4290 4414
f 4198 4200 4414
f 4198 4414 4412
f 4308 4290 4284
f 4308 4284 4303
f 4004 4023 4303
f 4004 4303 4284
f 4010 4004 4284
f 4010 4284 4290
f 4028 4010 4290
f 4028 4290 4308
f 4023 4028 4308
f 4023 4308 4303
f 4389 4307 4305
f 4389 4305 4387
f 4025 4149 4387
f 4025 4387 4305
f 4027 4025 4305
f 4027 4305 4307
f 4151 4027 4307
f 4151 4307 4389
f 4149 4151 4389
f 4149 4389 4387
f 4156 3858 3856
f 4156 3856 4154
f 3732 3948 4154
f 3732 4154 3856
f 3734 3732 3856
f 3734 3856 3858
f 3950 3734 3858
f 3950 3858 4156
f 3948 3950 4156
f 3948 4156 4154
f 4160 3862 3860
f 4160 3860 4158
f 3736 3952 4158
f 3736 4158 3860
f 3738 3736 3860
f 3738 3860 3862
f 3954 3738 3862
f 3954 3862 4160
f 3952 3954 4160
f 3952 4160 4158
f 4160 4090 4085
f 4160 4085 4154
f 3921 3948 4154
f 3921 4154 4085
f 3926 3921 4085
f 3926 4085 4090
f 3954 3926 4090
f 3954 4090 4160
f 3948 3954 4160
f 3948 4160 4154
f 4089 3907 3905
f 4089 3905 4087
f 3791 3923 4087
f 3791 4087 3905
f 3793 3791 3905
f 3793 3905 3907
f 3925 3793 3907
f 3925 3907 4089
f 3923 3925 4089
f 3923 4089 4087
f 3974 3718 3716
f 3974 3716 3972
f 3626 3840 3972
f 3626 3972 3716
f 3628 3626 3716
f 3628 3716 3718
f 3842 3628 3718
f 3842 3718 3974
f 3840 3842 3974
f 3840 3974 3972
f 3978 3722 3720
f 3978 3720 3976
f 3630 3844 3976
f 3630 3976 3720
f 3632 3630 3720
f 3632 3720 3722
f 3846 3632 3722
f 3846 3722 3978
f 3844 3846 3978
f 3844 3978 3976
f 3762 3722 3716
f 3762 3716 3756
f 3626 3658 3756
f 3626 3756 3716
f 3632 3626 3716
f 3632 3716 3722
f 3664 3632 3722
f 3664 3722 3762
f 3658 3664 3762
f 3658 3762 3756
f 3942 3760 3758
f 3942 3758 3940
f 3660 3808 3940
f 3660 3940 3758
f 3662 3660 3758
f 3662 3758 3760
f 3810 3662 3760
f 3810 3760 3942
f 3808 3810 3942
f 3808 3942 3940
f 4164 3866 3864
f 4164 3864 4162
f 3740 3956 4162
f 3740 4162 3864
f 3742 3740 3864
f 3742 3864 3866
f 3958 3742 3866
f 3958 3866 4164
f 3956 3958 4164
f 3956 4164 4162
f 4168 3870 3868
f 4168 3868 4166
f 3744 3960 4166
f 3744 4166 3868
f 3746 3744 3868
f 3746 3868 3870
f 3962 3746 3870
f 3962 3870 4168
f 3960 3962 4168
f 3960 4168 4166
f 4168 4096 4091
f 4168 4091 4162
f 3927 3956 4162
f 3927 4162 4091
f 3932 3927 4091
f 3932 4091 4096
f 3962 3932 4096
f 3962 4096 4168
f 3956 3962 4168
f 3956 4168 4162
f 4095 3913 3911
f 4095 3911 4093
f 3797 3929 4093
f 3797 4093 3911
f 3799 3797 3911
f 3799 3911 3913
f 3931 3799 3913
f 3931 3913 4095
f 3929 3931 4095
f 3929 4095 4093
f 3982 3726 3724
f 3982 3724 3980
f 3634 3848 3980
f 3634 3980 3724
f 3636 3634 3724
f 3636 3724 3726
f 3850 3636 3726
f 3850 3726 3982
f 3848 3850 3982
f 3848 3982 3980
f 3986 3730 3728
f 3986 3728 3984
f 3638 3852 3984
f 3638 3984 3728
f 3640 3638 3728
f 3640 3728 3730
f 3854 3640 3730
f 3854 3730 3986
f 3852 3854 3986
f 3852 3986 3984
f 3770 3730 3724
f 3770 3724 3764
f 3634 3666 3764
f 3634 3764 3724
f 3640 3634 3724
f 3640 3724 3730
f 3672 3640 3730
f 3672 3730 3770
f 3666 3672 3770
f 3666 3770 3764
f 3946 3768 3766
f 3946 3766 3944
f 3668 3812 3944
f 3668 3944 3766
f 3670 3668 3766
f 3670 3766 3768
f 3814 3670 3768
f 3814 3768 3946
f 3812 3814 3946
f 3812 3946 3944
f 4172 3874 3872
f 4172 3872 4170
f 3748 3964 4170
f 3748 4170 3872
f 3750 3748 3872
f 3750 3872 3874
f 3966 3750 3874
f 3966 3874 4172
f 3964 3966 4172
f 3964 4172 4170
f 4176 3878 3876
f 4176 3876 4174
f 3752 3968 4174
f 3752 4174 3876
f 3754 3752 3876
f 3754 3876 3878
f 3970 3754 3878
f 3970 3878 4176
f 3968 3970 4176
f 3968 4176 4174
f 4176 4102 4097
f 4176 4097 4170
f 3933 3964 4170
f 3933 4170 4097
f 3938 3933 4097
f 3938 4097 4102
f 3970 3938 4102
f 3970 4102 4176
f 3964 3970 4176
f 3964 4176 4170
f 4101 3919 3917
f 4101 3917 4099
f 3803 3935 4099
f 3803 4099 3917
f 3805 3803 3917
f 3805 3917 3919
f 3937 3805 3919
f 3937 3919 4101
f 3935 3937 4101
f 3935 4101 4099
f 3818 3570 3568
f 3818 3568 3816
f 3470 3692 3816
f 3470 3816 3568
f 3472 3470 3568
f 3472 3568 3570
f 3694 3472 3570
f 3694 3570 3818
f 3692 3694 3818
f 3692 3818 3816
f 3822 3574 3572
f 3822 3572 3820
f 3474 3696 3820
f 3474 3820 3572
f 3476 3474 3572
f 3476 3572 3574
f 3698 3476 3574
f 3698 3574 3822
f 3696 3698 3822
f 3696 3822 3820
f 3596 3574 3568
f 3596 3568 3591
f 3470 3517 3591
f 3470 3591 3568
f 3476 3470 3568
f 3476 3568 3574
f 3522 3476 3574
f 3522 3574 3596
f 3517 3522 3596
f 3517 3596 3591
f 3775 3595 3593
f 3775 3593 3773
f 3519 3675 3773
f 3519 3773 3593
f 3521 3519 3593
f 3521 3593 3595
f 3677 3521 3595
f 3677 3595 3775
f 3675 3677 3775
f 3675 3775 3773
f 3644 3406 3404
f 3644 3404 3642
f 3362 3552 3642
f 3362 3642 3404
f 3364 3362 3404
f 3364 3404 3406
f 3554 3364 3406
f 3554 3406 3644
f 3552 3554 3644
f 3552 3644 3642
f 3648 3410 3408
f 3648 3408 3646
f 3366 3556 3646
f 3366 3646 3408
f 3368 3366 3408
f 3368 3408 3410
f 3558 3368 3410
f 3558 3410 3648
f 3556 3558 3648
f 3556 3648 3646
f 3648 3616 3610
f 3648 3610 3642
f 3536 3552 3642
f 3536 3642 3610
f 3542 3536 3610
f 3542 3610 3616
f 3558 3542 3616
f 3558 3616 3648
f 3552 3558 3648
f 3552 3648 3642
f 3614 3446 3444
f 3614 3444 3612
f 3378 3538 3612
f 3378 3612 3444
f 3380 3378 3444
f 3380 3444 3446
f 3540 3380 3446
f 3540 3446 3614
f 3538 3540 3614
f 3538 3614 3612
f 3826 3578 3576
f 3826 3576 3824
f 3478 3700 3824
f 3478 3824 3576
f 3480 3478 3576
f 3480 3576 3578
f 3702 3480 3578
f 3702 3578 3826
f 3700 3702 3826
f 3700 3826 3824
f 3830 3582 3580
f 3830 3580 3828
f 3482 3704 3828
f 3482 3828 3580
f 3484 3482 3580
f 3484 3580 3582
f 3706 3484 3582
f 3706 3582 3830
f 3704 3706 3830
f 3704 3830 3828
f 3602 3582 3576
f 3602 3576 3597
f 3478 3523 3597
f 3478 3597 3576
f 3484 3478 3576
f 3484 3576 3582
f 3528 3484 3582
f 3528 3582 3602
f 3523 3528 3602
f 3523 3602 3597
f 3781 3601 3599
f 3781 3599 3779
f 3525 3681 3779
f 3525 3779 3599
f 3527 3525 3599
f 3527 3599 3601
f 3683 3527 3601
f 3683 3601 3781
f 3681 3683 3781
f 3681 3781 3779
f 3652 3414 3412
f 3652 3412 3650
f 3370 3560 3650
f 3370 3650 3412
f 3372 3370 3412
f 3372 3412 3414
f 3562 3372 3414
f 3562 3414 3652
f 3560 3562 3652
f 3560 3652 3650
f 3656 3418 3416
f 3656 3416 3654
f 3374 3564 3654
f 3374 3654 3416
f 3376 3374 3416
f 3376 3416 3418
f 3566 3376 3418
f 3566 3418 3656
f 3564 3566 3656
f 3564 3656 3654
f 3656 3624 3618
f 3656 3618 3650
f 3544 3560 3650
f 3544 3650 3618
f 3550 3544 3618
f 3550 3618 3624
f 3566 3550 3624
f 3566 3624 3656
f 3560 3566 3656
f 3560 3656 3650
f 3622 3450 3448
f 3622 3448 3620
f 3382 3546 3620
f 3382 3620 3448
f 3384 3382 3448
f 3384 3448 3450
f 3548 3384 3450
f 3548 3450 3622
f 3546 3548 3622
f 3546 3622 3620
f 3834 3586 3584
f 3834 3584 3832
f 3486 3708 3832
f 3486 3832 3584
f 3488 3486 3584
f 3488 3584 3586
f 3710 3488 3586
f 3710 3586 3834
f 3708 3710 3834
f 3708 3834 3832
f 3838 3590 3588
f 3838 3588 3836
f 3490 3712 3836
f 3490 3836 3588
f 3492 3490 3588
f 3492 3588 3590
f 3714 3492 3590
f 3714 3590 3838
f 3712 3714 3838
f 3712 3838 3836
f 3608 3590 3584
f 3608 3584 3603
f 3486 3529 3603
f 3486 3603 3584
f 3492 3486 3584
f 3492 3584 3590
f 3534 3492 3590
f 3534 3590 3608
f 3529 3534 3608
f 3529 3608 3603
f 3787 3607 3605
f 3787 3605 3785
f 3531 3687 3785
f 3531 3785 3605
f 3533 3531 3605
f 3533 3605 3607
f 3689 3533 3607
f 3689 3607 3787
f 3687 3689 3787
f 3687 3787 3785
f 3496 3282 3280
f 3496 3280 3494
f 3230 3420 3494
f 3230 3494 3280
f 3232 3230 3280
f 3232 3280 3282
f 3422 3232 3282
f 3422 3282 3496
f 3420 3422 3496
f 3420 3496 3494
f 3500 3286 3284
f 3500 3284 3498
f 3234 3424 3498
f 3234 3498 3284
f 3236 3234 3284
f 3236 3284 3286
f 3426 3236 3286
f 3426 3286 3500
f 3424 3426 3500
f 3424 3500 3498
f 3500 3456 3451
f 3500 3451 3494
f 3385 3420 3494
f 3385 3494 3451
f 3390 3385 3451
f 3390 3451 3456
f 3426 3390 3456
f 3426 3456 3500
f 3420 3426 3500
f 3420 3500 3494
f 3455 3323 3321
f 3455 3321 3453
f 3255 3387 3453
f 3255 3453 3321
f 3257 3255 3321
f 3257 3321 3323
f 3389 3257 3323
f 3389 3323 3455
f 3387 3389 3455
f 3387 3455 3453
f 3348 3134 3132
f 3348 3132 3346
f 3082 3304 3346
f 3082 3346 3132
f 3084 3082 3132
f 3084 3132 3134
f 3306 3084 3134
f 3306 3134 3348
f 3304 3306 3348
f 3304 3348 3346
f 3352 3138 3136
f 3352 3136 3350
f 3086 3308 3350
f 3086 3350 3136
f 3088 3086 3136
f 3088 3136 3138
f 3310 3088 3138
f 3310 3138 3352
f 3308 3310 3352
f 3308 3352 3350
f 3178 3138 3132
f 3178 3132 3172
f 3082 3098 3172
f 3082 3172 3132
f 3088 3082 3132
f 3088 3132 3138
f 3104 3088 3138
f 3104 3138 3178
f 3098 3104 3178
f 3098 3178 3172
f 3340 3176 3174
f 3340 3174 3338
f 3100 3272 3338
f 3100 3338 3174
f 3102 3100 3174
f 3102 3174 3176
f 3274 3102 3176
f 3274 3176 3340
f 3272 3274 3340
f 3272 3340 3338
f 3504 3290 3288
f 3504 3288 3502
f 3238 3428 3502
f 3238 3502 3288
f 3240 3238 3288
f 3240 3288 3290
f 3430 3240 3290
f 3430 3290 3504
f 3428 3430 3504
f 3428 3504 3502
f 3508 3294 3292
f 3508 3292 3506
f 3242 3432 3506
f 3242 3506 3292
f 3244 3242 3292
f 3244 3292 3294
f 3434 3244 3294
f 3434 3294 3508
f 3432 3434 3508
f 3432 3508 3506
f 3508 3462 3457
f 3508 3457 3502
f 3391 3428 3502
f 3391 3502 3457
f 3396 3391 3457
f 3396 3457 3462
f 3434 3396 3462
f 3434 3462 3508
f 3428 3434 3508
f 3428 3508 3502
f 3461 3329 3327
f 3461 3327 3459
f 3261 3393 3459
f 3261 3459 3327
f 3263 3261 3327
f 3263 3327 3329
f 3395 3263 3329
f 3395 3329 3461
f 3393 3395 3461
f 3393 3461 3459
f 3356 3142 3140
f 3356 3140 3354
f 3090 3312 3354
f 3090 3354 3140
f 3092 3090 3140
f 3092 3140 3142
f 3314 3092 3142
f 3314 3142 3356
f 3312 3314 3356
f 3312 3356 3354
f 3360 3146 3144
f 3360 3144 3358
f 3094 3316 3358
f 3094 3358 3144
f 3096 3094 3144
f 3096 3144 3146
f 3318 3096 3146
f 3318 3146 3360
f 3316 3318 3360
f 3316 3360 3358
f 3186 3146 3140
f 3186 3140 3180
f 3090 3106 3180
f 3090 3180 3140
f 3096 3090 3140
f 3096 3140 3146
f 3112 3096 3146
f 3112 3146 3186
f 3106 3112 3186
f 3106 3186 3180
f 3344 3184 3182
f 3344 3182 3342
f 3108 3276 3342
f 3108 3342 3182
f 3110 3108 3182
f 3110 3182 3184
f 3278 3110 3184
f 3278 3184 3344
f 3276 3278 3344
f 3276 3344 3342
f 3512 3298 3296
f 3512 3296 3510
f 3246 3436 3510
f 3246 3510 3296
f 3248 3246 3296
f 3248 3296 3298
f 3438 3248 3298
f 3438 3298 3512
f 3436 3438 3512
f 3436 3512 3510
f 3516 3302 3300
f 3516 3300 3514
f 3250 3440 3514
f 3250 3514 3300
f 3252 3250 3300
f 3252 3300 3302
f 3442 3252 3302
f 3442 3302 3516
f 3440 3442 3516
f 3440 3516 3514
f 3516 3468 3463
f 3516 3463 3510
f 3397 3436 3510
f 3397 3510 3463
f 3402 3397 3463
f 3402 3463 3468
f 3442 3402 3468
f 3442 3468 3516
f 3436 3442 3516
f 3436 3516 3510
f 3467 3335 3333
f 3467 3333 3465
f 3267 3399 3465
f 3267 3465 3333
f 3269 3267 3333
f 3269 3333 3335
f 3401 3269 3335
f 3401 3335 3467
f 3399 3401 3467
f 3399 3467 3465
f 3208 2960 2958
f 3208 2958 3206
f 2934 3148 3206
f 2934 3206 2958
f 2936 2934 2958
f 2936 2958 2960
f 3150 2936 2960
f 3150 2960 3208
f 3148 3150 3208
f 3148 3208 3206
f 3212 2964 2962
f 3212 2962 3210
f 2938 3152 3210
f 2938 3210 2962
f 2940 2938 2962
f 2940 2962 2964
f 3154 2940 2964
f 3154 2964 3212
f 3152 3154 3212
f 3152 3212 3210
f 3020 2964 2958
f 3020 2958 3015
f 2934 2981 3015
f 2934 3015 2958
f 2940 2934 2958
f 2940 2958 2964
f 2986 2940 2964
f 2986 2964 3020
f 2981 2986 3020
f 2981 3020 3015
f 3191 3019 3017
f 3191 3017 3189
f 2983 3115 3189
f 2983 3189 3017
f 2985 2983 3017
f 2985 3017 3019
f 3117 2985 3019
f 3117 3019 3191
f 3115 3117 3191
f 3115 3191 3189
f 3068 2820 2818
f 3068 2818 3066
f 2802 3050 3066
f 2802 3066 2818
f 2804 2802 2818
f 2804 2818 2820
f 3052 2804 2820
f 3052 2820 3068
f 3050 3052 3068
f 3050 3068 3066
f 3072 2824 2822
f 3072 2822 3070
f 2806 3054 3070
f 2806 3070 2822
f 2808 2806 2822
f 2808 2822 2824
f 3056 2808 2824
f 3056 2824 3072
f 3054 3056 3072
f 3054 3072 3070
f 3072 3040 3034
f 3072 3034 3066
f 3000 3050 3066
f 3000 3066 3034
f 3006 3000 3034
f 3006 3034 3040
f 3056 3006 3040
f 3056 3040 3072
f 3050 3056 3072
f 3050 3072 3066
f 3038 2862 2860
f 3038 2860 3036
f 2834 3002 3036
f 2834 3036 2860
f 2836 2834 2860
f 2836 2860 2862
f 3004 2836 2862
f 3004 2862 3038
f 3002 3004 3038
f 3002 3038 3036
f 3216 2968 2966
f 3216 2966 3214
f 2942 3156 3214
f 2942 3214 2966
f 2944 2942 2966
f 2944 2966 2968
f 3158 2944 2968
f 3158 2968 3216
f 3156 3158 3216
f 3156 3216 3214
f 3220 2972 2970
f 3220 2970 3218
f 2946 3160 3218
f 2946 3218 2970
f 2948 2946 2970
f 2948 2970 2972
f 3162 2948 2972
f 3162 2972 3220
f 3160 3162 3220
f 3160 3220 3218
f 3026 2972 2966
f 3026 2966 3021
f 2942 2987 3021
f 2942 3021 2966
f 2948 2942 2966
f 2948 2966 2972
f 2992 2948 2972
f 2992 2972 3026
f 2987 2992 3026
f 2987 3026 3021
f 3197 3025 3023
f 3197 3023 3195
f 2989 3121 3195
f 2989 3195 3023
f 2991 2989 3023
f 2991 3023 3025
f 3123 2991 3025
f 3123 3025 3197
f 3121 3123 3197
f 3121 3197 3195
f 3076 2828 2826
f 3076 2826 3074
f 2810 3058 3074
f 2810 3074 2826
f 2812 2810 2826
f 2812 2826 2828
f 3060 2812 2828
f 3060 2828 3076
f 3058 3060 3076
f 3058 3076 3074
f 3080 2832 2830
f 3080 2830 3078
f 2814 3062 3078
f 2814 3078 2830
f 2816 2814 2830
f 2816 2830 2832
f 3064 2816 2832
f 3064 2832 3080
f 3062 3064 3080
f 3062 3080 3078
f 3080 3048 3042
f 3080 3042 3074
f 3008 3058 3074
f 3008 3074 3042
f 3014 3008 3042
f 3014 3042 3048
f 3064 3014 3048
f 3064 3048 3080
f 3058 3064 3080
f 3058 3080 3074
f 3046 2866 2864
f 3046 2864 3044
f 2838 3010 3044
f 2838 3044 2864
f 2840 2838 2864
f 2840 2864 2866
f 3012 2840 2866
f 3012 2866 3046
f 3010 3012 3046
f 3010 3046 3044
f 3224 2976 2974
f 3224 2974 3222
f 2950 3164 3222
f 2950 3222 2974
f 2952 2950 2974
f 2952 2974 2976
f 3166 2952 2976
f 3166 2976 3224
f 3164 3166 3224
f 3164 3224 3222
f 3228 2980 2978
f 3228 2978 3226
f 2954 3168 3226
f 2954 3226 2978
f 2956 2954 2978
f 2956 2978 2980
f 3170 2956 2980
f 3170 2980 3228
f 3168 3170 3228
f 3168 3228 3226
f 3032 2980 2974
f 3032 2974 3027
f 2950 2993 3027
f 2950 3027 2974
f 2956 2950 2974
f 2956 2974 2980
f 2998 2956 2980
f 2998 2980 3032
f 2993 2998 3032
f 2993 3032 3027
f 3203 3031 3029
f 3203 3029 3201
f 2995 3127 3201
f 2995 3201 3029
f 2997 2995 3029
f 2997 3029 3031
f 3129 2997 3031
f 3129 3031 3203
f 3127 3129 3203
f 3127 3203 3201
f 2912 2696 2694
f 2912 2694 2910
f 2670 2886 2910
f 2670 2910 2694
f 2672 2670 2694
f 2672 2694 2696
f 2888 2672 2696
f 2888 2696 2912
f 2886 2888 2912
f 2886 2912 2910
f 2916 2700 2698
f 2916 2698 2914
f 2674 2890 2914
f 2674 2914 2698
f 2676 2674 2698
f 2676 2698 2700
f 2892 2676 2700
f 2892 2700 2916
f 2890 2892 2916
f 2890 2916 2914
f 2916 2872 2867
f 2916 2867 2910
f 2841 2886 2910
f 2841 2910 2867
f 2846 2841 2867
f 2846 2867 2872
f 2892 2846 2872
f 2892 2872 2916
f 2886 2892 2916
f 2886 2916 2910
f 2871 2747 2745
f 2871 2745 2869
f 2719 2843 2869
f 2719 2869 2745
f 2721 2719 2745
f 2721 2745 2747
f 2845 2721 2747
f 2845 2747 2871
f 2843 2845 2871
f 2843 2871 2869
f 2788 2540 2538
f 2788 2538 2786
f 2522 2770 2786
f 2522 2786 2538
f 2524 2522 2538
f 2524 2538 2540
f 2772 2524 2540
f 2772 2540 2788
f 2770 2772 2788
f 2770 2788 2786
f 2792 2544 2542
f 2792 2542 2790
f 2526 2774 2790
f 2526 2790 2542
f 2528 2526 2542
f 2528 2542 2544
f 2776 2528 2544
f 2776 2544 2792
f 2774 2776 2792
f 2774 2792 2790
f 2594 2544 2538
f 2594 2538 2588
f 2522 2554 2588
f 2522 2588 2538
f 2528 2522 2538
f 2528 2538 2544
f 2560 2528 2544
f 2560 2544 2594
f 2554 2560 2594
f 2554 2594 2588
f 2764 2592 2590
f 2764 2590 2762
f 2556 2736 2762
f 2556 2762 2590
f 2558 2556 2590
f 2558 2590 2592
f 2738 2558 2592
f 2738 2592 2764
f 2736 2738 2764
f 2736 2764 2762
f 2920 2704 2702
f 2920 2702 2918
f 2678 2894 2918
f 2678 2918 2702
f 2680 2678 2702
f 2680 2702 2704
f 2896 2680 2704
f 2896 2704 2920
f 2894 2896 2920
f 2894 2920 2918
f 2924 2708 2706
f 2924 2706 2922
f 2682 2898 2922
f 2682 2922 2706
f 2684 2682 2706
f 2684 2706 2708
f 2900 2684 2708
f 2900 2708 2924
f 2898 2900 2924
f 2898 2924 2922
f 2924 2878 2873
f 2924 2873 2918
f 2847 2894 2918
f 2847 2918 2873
f 2852 2847 2873
f 2852 2873 2878
f 2900 2852 2878
f 2900 2878 2924
f 2894 2900 2924
f 2894 2924 2918
f 2877 2753 2751
f 2877 2751 2875
f 2725 2849 2875
f 2725 2875 2751
f 2727 2725 2751
f 2727 2751 2753
f 2851 2727 2753
f 2851 2753 2877
f 2849 2851 2877
f 2849 2877 2875
f 2796 2548 2546
f 2796 2546 2794
f 2530 2778 2794
f 2530 2794 2546
f 2532 2530 2546
f 2532 2546 2548
f 2780 2532 2548
f 2780 2548 2796
f 2778 2780 2796
f 2778 2796 2794
f 2800 2552 2550
f 2800 2550 2798
f 2534 2782 2798
f 2534 2798 2550
f 2536 2534 2550
f 2536 2550 2552
f 2784 2536 2552
f 2784 2552 2800
f 2782 2784 2800
f 2782 2800 2798
f 2602 2552 2546
f 2602 2546 2596
f 2530 2562 2596
f 2530 2596 2546
f 2536 2530 2546
f 2536 2546 2552
f 2568 2536 2552
f 2568 2552 2602
f 2562 2568 2602
f 2562 2602 2596
f 2768 2600 2598
f 2768 2598 2766
f 2564 2740 2766
f 2564 2766 2598
f 2566 2564 2598
f 2566 2598 2600
f 2742 2566 2600
f 2742 2600 2768
f 2740 2742 2768
f 2740 2768 2766
f 2928 2712 2710
f 2928 2710 2926
f 2686 2902 2926
f 2686 2926 2710
f 2688 2686 2710
f 2688 2710 2712
f 2904 2688 2712
f 2904 2712 2928
f 2902 2904 2928
f 2902 2928 2926
f 2932 2716 2714
f 2932 2714 2930
f 2690 2906 2930
f 2690 2930 2714
f 2692 2690 2714
f 2692 2714 2716
f 2908 2692 2716
f 2908 2716 2932
f 2906 2908 2932
f 2906 2932 2930
f 2932 2884 2879
f 2932 2879 2926
f 2853 2902 2926
f 2853 2926 2879
f 2858 2853 2879
f 2858 2879 2884
f 2908 2858 2884
f 2908 2884 2932
f 2902 2908 2932
f 2902 2932 2926
f 2883 2759 2757
f 2883 2757 2881
f 2731 2855 2881
f 2731 2881 2757
f 2733 2731 2757
f 2733 2757 2759
f 2857 2733 2759
f 2857 2759 2883
f 2855 2857 2883
f 2855 2883 2881
f 2648 2400 2398
f 2648 2398 2646
f 2374 2622 2646
f 2374 2646 2398
f 2376 2374 2398
f 2376 2398 2400
f 2624 2376 2400
f 2624 2400 2648
f 2622 2624 2648
f 2622 2648 2646
f 2652 2404 2402
f 2652 2402 2650
f 2378 2626 2650
f 2378 2650 2402
f 2380 2378 2402
f 2380 2402 2404
f 2628 2380 2404
f 2628 2404 2652
f 2626 2628 2652
f 2626 2652 2650
f 2460 2404 2398
f 2460 2398 2455
f 2374 2421 2455
f 2374 2455 2398
f 2380 2374 2398
f 2380 2398 2404
f 2426 2380 2404
f 2426 2404 2460
f 2421 2426 2460
f 2421 2460 2455
f 2607 2459 2457
f 2607 2457 2605
f 2423 2571 2605
f 2423 2605 2457
f 2425 2423 2457
f 2425 2457 2459
f 2573 2425 2459
f 2573 2459 2607
f 2571 2573 2607
f 2571 2607 2605
f 2508 2260 2258
f 2508 2258 2506
f 2242 2490 2506
f 2242 2506 2258
f 2244 2242 2258
f 2244 2258 2260
f 2492 2244 2260
f 2492 2260 2508
f 2490 2492 2508
f 2490 2508 2506
f 2512 2264 2262
f 2512 2262 2510
f 2246 2494 2510
f 2246 2510 2262
f 2248 2246 2262
f 2248 2262 2264
f 2496 2248 2264
f 2496 2264 2512
f 2494 2496 2512
f 2494 2512 2510
f 2512 2480 2474
f 2512 2474 2506
f 2440 2490 2506
f 2440 2506 2474
f 2446 2440 2474
f 2446 2474 2480
f 2496 2446 2480
f 2496 2480 2512
f 2490 2496 2512
f 2490 2512 2506
f 2478 2284 2282
f 2478 2282 2476
f 2274 2442 2476
f 2274 2476 2282
f 2276 2274 2282
f 2276 2282 2284
f 2444 2276 2284
f 2444 2284 2478
f 2442 2444 2478
f 2442 2478 2476
f 2656 2408 2406
f 2656 2406 2654
f 2382 2630 2654
f 2382 2654 2406
f 2384 2382 2406
f 2384 2406 2408
f 2632 2384 2408
f 2632 2408 2656
f 2630 2632 2656
f 2630 2656 2654
f 2660 2412 2410
f 2660 2410 2658
f 2386 2634 2658
f 2386 2658 2410
f 2388 2386 2410
f 2388 2410 2412
f 2636 2388 2412
f 2636 2412 2660
f 2634 2636 2660
f 2634 2660 2658
f 2466 2412 2406
f 2466 2406 2461
f 2382 2427 2461
f 2382 2461 2406
f 2388 2382 2406
f 2388 2406 2412
f 2432 2388 2412
f 2432 2412 2466
f 2427 2432 2466
f 2427 2466 2461
f 2613 2465 2463
f 2613 2463 2611
f 2429 2577 2611
f 2429 2611 2463
f 2431 2429 2463
f 2431 2463 2465
f 2579 2431 2465
f 2579 2465 2613
f 2577 2579 2613
f 2577 2613 2611
f 2516 2268 2266
f 2516 2266 2514
f 2250 2498 2514
f 2250 2514 2266
f 2252 2250 2266
f 2252 2266 2268
f 2500 2252 2268
f 2500 2268 2516
f 2498 2500 2516
f 2498 2516 2514
f 2520 2272 2270
f 2520 2270 2518
f 2254 2502 2518
f 2254 2518 2270
f 2256 2254 2270
f 2256 2270 2272
f 2504 2256 2272
f 2504 2272 2520
f 2502 2504 2520
f 2502 2520 2518
f 2520 2488 2482
f 2520 2482 2514
f 2448 2498 2514
f 2448 2514 2482
f 2454 2448 2482
f 2454 2482 2488
f 2504 2454 2488
f 2504 2488 2520
f 2498 2504 2520
f 2498 2520 2514
f 2486 2288 2286
f 2486 2286 2484
f 2278 2450 2484
f 2278 2484 2286
f 2280 2278 2286
f 2280 2286 2288
f 2452 2280 2288
f 2452 2288 2486
f 2450 2452 2486
f 2450 2486 2484
f 2664 2416 2414
f 2664 2414 2662
f 2390 2638 2662
f 2390 2662 2414
f 2392 2390 2414
f 2392 2414 2416
f 2640 2392 2416
f 2640 2416 2664
f 2638 2640 2664
f 2638 2664 2662
f 2668 2420 2418
f 2668 2418 2666
f 2394 2642 2666
f 2394 2666 2418
f 2396 2394 2418
f 2396 2418 2420
f 2644 2396 2420
f 2644 2420 2668
f 2642 2644 2668
f 2642 2668 2666
f 2472 2420 2414
f 2472 2414 2467
f 2390 2433 2467
f 2390 2467 2414
f 2396 2390 2414
f 2396 2414 2420
f 2438 2396 2420
f 2438 2420 2472
f 2433 2438 2472
f 2433 2472 2467
f 2619 2471 2469
f 2619 2469 2617
f 2435 2583 2617
f 2435 2617 2469
f 2437 2435 2469
f 2437 2469 2471
f 2585 2437 2471
f 2585 2471 2619
f 2583 2585 2619
f 2583 2619 2617
f 2352 2112 2110
f 2352 2110 2350
f 2134 2326 2350
f 2134 2350 2110
f 2136 2134 2110
f 2136 2110 2112
f 2328 2136 2112
f 2328 2112 2352
f 2326 2328 2352
f 2326 2352 2350
f 2356 2116 2114
f 2356 2114 2354
f 2138 2330 2354
f 2138 2354 2114
f 2140 2138 2114
f 2140 2114 2116
f 2332 2140 2116
f 2332 2116 2356
f 2330 2332 2356
f 2330 2356 2354
f 2356 2312 2307
f 2356 2307 2350
f 2289 2326 2350
f 2289 2350 2307
f 2294 2289 2307
f 2294 2307 2312
f 2332 2294 2312
f 2332 2312 2356
f 2326 2332 2356
f 2326 2356 2350
f 2311 2161 2159
f 2311 2159 2309
f 2177 2291 2309
f 2177 2309 2159
f 2179 2177 2159
f 2179 2159 2161
f 2293 2179 2161
f 2293 2161 2311
f 2291 2293 2311
f 2291 2311 2309
f 2212 1964 1962
f 2212 1962 2210
f 1978 2226 2210
f 1978 2210 1962
f 1980 1978 1962
f 1980 1962 1964
f 2228 1980 1964
f 2228 1964 2212
f 2226 2228 2212
f 2226 2212 2210
f 2216 1968 1966
f 2216 1966 2214
f 1982 2230 2214
f 1982 2214 1966
f 1984 1982 1966
f 1984 1966 1968
f 2232 1984 1968
f 2232 1968 2216
f 2230 2232 2216
f 2230 2216 2214
f 2000 1968 1962
f 2000 1962 1994
f 1978 2028 1994
f 1978 1994 1962
f 1984 1978 1962
f 1984 1962 1968
f 2034 1984 1968
f 2034 1968 2000
f 2028 2034 2000
f 2028 2000 1994
f 2196 1998 1996
f 2196 1996 2194
f 2030 2202 2194
f 2030 2194 1996
f 2032 2030 1996
f 2032 1996 1998
f 2204 2032 1998
f 2204 1998 2196
f 2202 2204 2196
f 2202 2196 2194
f 2360 2120 2118
f 2360 2118 2358
f 2142 2334 2358
f 2142 2358 2118
f 2144 2142 2118
f 2144 2118 2120
f 2336 2144 2120
f 2336 2120 2360
f 2334 2336 2360
f 2334 2360 2358
f 2364 2124 2122
f 2364 2122 2362
f 2146 2338 2362
f 2146 2362 2122
f 2148 2146 2122
f 2148 2122 2124
f 2340 2148 2124
f 2340 2124 2364
f 2338 2340 2364
f 2338 2364 2362
f 2364 2318 2313
f 2364 2313 2358
f 2295 2334 2358
f 2295 2358 2313
f 2300 2295 2313
f 2300 2313 2318
f 2340 2300 2318
f 2340 2318 2364
f 2334 2340 2364
f 2334 2364 2358
f 2317 2167 2165
f 2317 2165 2315
f 2183 2297 2315
f 2183 2315 2165
f 2185 2183 2165
f 2185 2165 2167
f 2299 2185 2167
f 2299 2167 2317
f 2297 2299 2317
f 2297 2317 2315
f 2220 1972 1970
f 2220 1970 2218
f 1986 2234 2218
f 1986 2218 1970
f 1988 1986 1970
f 1988 1970 1972
f 2236 1988 1972
f 2236 1972 2220
f 2234 2236 2220
f 2234 2220 2218
f 2224 1976 1974
f 2224 1974 2222
f 1990 2238 2222
f 1990 2222 1974
f 1992 1990 1974
f 1992 1974 1976
f 2240 1992 1976
f 2240 1976 2224
f 2238 2240 2224
f 2238 2224 2222
f 2008 1976 1970
f 2008 1970 2002
f 1986 2036 2002
f 1986 2002 1970
f 1992 1986 1970
f 1992 1970 1976
f 2042 1992 1976
f 2042 1976 2008
f 2036 2042 2008
f 2036 2008 2002
f 2200 2006 2004
f 2200 2004 2198
f 2038 2206 2198
f 2038 2198 2004
f 2040 2038 2004
f 2040 2004 2006
f 2208 2040 2006
f 2208 2006 2200
f 2206 2208 2200
f 2206 2200 2198
f 2368 2128 2126
f 2368 2126 2366
f 2150 2342 2366
f 2150 2366 2126
f 2152 2150 2126
f 2152 2126 2128
f 2344 2152 2128
f 2344 2128 2368
f 2342 2344 2368
f 2342 2368 2366
f 2372 2132 2130
f 2372 2130 2370
f 2154 2346 2370
f 2154 2370 2130
f 2156 2154 2130
f 2156 2130 2132
f 2348 2156 2132
f 2348 2132 2372
f 2346 2348 2372
f 2346 2372 2370
f 2372 2324 2319
f 2372 2319 2366
f 2301 2342 2366
f 2301 2366 2319
f 2306 2301 2319
f 2306 2319 2324
f 2348 2306 2324
f 2348 2324 2372
f 2342 2348 2372
f 2342 2372 2366
f 2323 2173 2171
f 2323 2171 2321
f 2189 2303 2321
f 2189 2321 2171
f 2191 2189 2171
f 2191 2171 2173
f 2305 2191 2173
f 2305 2173 2323
f 2303 2305 2323
f 2303 2323 2321
f 2064 1816 1814
f 2064 1814 2062
f 1838 2086 2062
f 1838 2062 1814
f 1840 1838 1814
f 1840 1814 1816
f 2088 1840 1816
f 2088 1816 2064
f 2086 2088 2064
f 2086 2064 2062
f 2068 1820 1818
f 2068 1818 2066
f 1842 2090 2066
f 1842 2066 1818
f 1844 1842 1818
f 1844 1818 1820
f 2092 1844 1820
f 2092 1820 2068
f 2090 2092 2068
f 2090 2068 2066
f 1866 1820 1814
f 1866 1814 1861
f 1838 1895 1861
f 1838 1861 1814
f 1844 1838 1814
f 1844 1814 1820
f 1900 1844 1820
f 1900 1820 1866
f 1895 1900 1866
f 1895 1866 1861
f 2013 1865 1863
f 2013 1863 2011
f 1897 2045 2011
f 1897 2011 1863
f 1899 1897 1863
f 1899 1863 1865
f 2047 1899 1865
f 2047 1865 2013
f 2045 2047 2013
f 2045 2013 2011
f 1932 1684 1682
f 1932 1682 1930
f 1698 1946 1930
f 1698 1930 1682
f 1700 1698 1682
f 1700 1682 1684
f 1948 1700 1684
f 1948 1684 1932
f 1946 1948 1932
f 1946 1932 1930
f 1936 1688 1686
f 1936 1686 1934
f 1702 1950 1934
f 1702 1934 1686
f 1704 1702 1686
f 1704 1686 1688
f 1952 1704 1688
f 1952 1688 1936
f 1950 1952 1936
f 1950 1936 1934
f 1936 1886 1880
f 1936 1880 1930
f 1914 1946 1930
f 1914 1930 1880
f 1920 1914 1880
f 1920 1880 1886
f 1952 1920 1886
f 1952 1886 1936
f 1946 1952 1936
f 1946 1936 1930
f 1884 1716 1714
f 1884 1714 1882
f 1740 1916 1882
f 1740 1882 1714
f 1742 1740 1714
f 1742 1714 1716
f 1918 1742 1716
f 1918 1716 1884
f 1916 1918 1884
f 1916 1884 1882
f 2072 1824 1822
f 2072 1822 2070
f 1846 2094 2070
f 1846 2070 1822
f 1848 1846 1822
f 1848 1822 1824
f 2096 1848 1824
f 2096 1824 2072
f 2094 2096 2072
f 2094 2072 2070
f 2076 1828 1826
f 2076 1826 2074
f 1850 2098 2074
f 1850 2074 1826
f 1852 1850 1826
f 1852 1826 1828
f 2100 1852 1828
f 2100 1828 2076
f 2098 2100 2076
f 2098 2076 2074
f 1872 1828 1822
f 1872 1822 1867
f 1846 1901 1867
f 1846 1867 1822
f 1852 1846 1822
f 1852 1822 1828
f 1906 1852 1828
f 1906 1828 1872
f 1901 1906 1872
f 1901 1872 1867
f 2019 1871 1869
f 2019 1869 2017
f 1903 2051 2017
f 1903 2017 1869
f 1905 1903 1869
f 1905 1869 1871
f 2053 1905 1871
f 2053 1871 2019
f 2051 2053 2019
f 2051 2019 2017
f 1940 1692 1690
f 1940 1690 1938
f 1706 1954 1938
f 1706 1938 1690
f 1708 1706 1690
f 1708 1690 1692
f 1956 1708 1692
f 1956 1692 1940
f 1954 1956 1940
f 1954 1940 1938
f 1944 1696 1694
f 1944 1694 1942
f 1710 1958 1942
f 1710 1942 1694
f 1712 1710 1694
f 1712 1694 1696
f 1960 1712 1696
f 1960 1696 1944
f 1958 1960 1944
f 1958 1944 1942
f 1944 1894 1888
f 1944 1888 1938
f 1922 1954 1938
f 1922 1938 1888
f 1928 1922 1888
f 1928 1888 1894
f 1960 1928 1894
f 1960 1894 1944
f 1954 1960 1944
f 1954 1944 1938
f 1892 1720 1718
f 1892 1718 1890
f 1744 1924 1890
f 1744 1890 1718
f 1746 1744 1718
f 1746 1718 1720
f 1926 1746 1720
f 1926 1720 1892
f 1924 1926 1892
f 1924 1892 1890
f 2080 1832 1830
f 2080 1830 2078
f 1854 2102 2078
f 1854 2078 1830
f 1856 1854 1830
f 1856 1830 1832
f 2104 1856 1832
f 2104 1832 2080
f 2102 2104 2080
f 2102 2080 2078
f 2084 1836 1834
f 2084 1834 2082
f 1858 2106 2082
f 1858 2082 1834
f 1860 1858 1834
f 1860 1834 1836
f 2108 1860 1836
f 2108 1836 2084
f 2106 2108 2084
f 2106 2084 2082
f 1878 1836 1830
f 1878 1830 1873
f 1854 1907 1873
f 1854 1873 1830
f 1860 1854 1830
f 1860 1830 1836
f 1912 1860 1836
f 1912 1836 1878
f 1907 1912 1878
f 1907 1878 1873
f 2025 1877 1875
f 2025 1875 2023
f 1909 2057 2023
f 1909 2023 1875
f 1911 1909 1875
f 1911 1875 1877
f 2059 1911 1877
f 2059 1877 2025
f 2057 2059 2025
f 2057 2025 2023
f 1768 1552 1550
f 1768 1550 1766
f 1574 1790 1766
f 1574 1766 1550
f 1576 1574 1550
f 1576 1550 1552
f 1792 1576 1552
f 1792 1552 1768
f 1790 1792 1768
f 1790 1768 1766
f 1772 1556 1554
f 1772 1554 1770
f 1578 1794 1770
f 1578 1770 1554
f 1580 1578 1554
f 1580 1554 1556
f 1796 1580 1556
f 1796 1556 1772
f 1794 1796 1772
f 1794 1772 1770
f 1772 1726 1721
f 1772 1721 1766
f 1747 1790 1766
f 1747 1766 1721
f 1752 1747 1721
f 1752 1721 1726
f 1796 1752 1726
f 1796 1726 1772
f 1790 1796 1772
f 1790 1772 1766
f 1725 1601 1599
f 1725 1599 1723
f 1625 1749 1723
f 1625 1723 1599
f 1627 1625 1599
f 1627 1599 1601
f 1751 1627 1601
f 1751 1601 1725
f 1749 1751 1725
f 1749 1725 1723
f 1652 1404 1402
f 1652 1402 1650
f 1418 1666 1650
f 1418 1650 1402
f 1420 1418 1402
f 1420 1402 1404
f 1668 1420 1404
f 1668 1404 1652
f 1666 1668 1652
f 1666 1652 1650
f 1656 1408 1406
f 1656 1406 1654
f 1422 1670 1654
f 1422 1654 1406
f 1424 1422 1406
f 1424 1406 1408
f 1672 1424 1408
f 1672 1408 1656
f 1670 1672 1656
f 1670 1656 1654
f 1440 1408 1402
f 1440 1402 1434
f 1418 1468 1434
f 1418 1434 1402
f 1424 1418 1402
f 1424 1402 1408
f 1474 1424 1408
f 1474 1408 1440
f 1468 1474 1440
f 1468 1440 1434
f 1618 1438 1436
f 1618 1436 1616
f 1470 1642 1616
f 1470 1616 1436
f 1472 1470 1436
f 1472 1436 1438
f 1644 1472 1438
f 1644 1438 1618
f 1642 1644 1618
f 1642 1618 1616
f 1776 1560 1558
f 1776 1558 1774
f 1582 1798 1774
f 1582 1774 1558
f 1584 1582 1558
f 1584 1558 1560
f 1800 1584 1560
f 1800 1560 1776
f 1798 1800 1776
f 1798 1776 1774
f 1780 1564 1562
f 1780 1562 1778
f 1586 1802 1778
f 1586 1778 1562
f 1588 1586 1562
f 1588 1562 1564
f 1804 1588 1564
f 1804 1564 1780
f 1802 1804 1780
f 1802 1780 1778
f 1780 1732 1727
f 1780 1727 1774
f 1753 1798 1774
f 1753 1774 1727
f 1758 1753 1727
f 1758 1727 1732
f 1804 1758 1732
f 1804 1732 1780
f 1798 1804 1780
f 1798 1780 1774
f 1731 1607 1605
f 1731 1605 1729
f 1631 1755 1729
f 1631 1729 1605
f 1633 1631 1605
f 1633 1605 1607
f 1757 1633 1607
f 1757 1607 1731
f 1755 1757 1731
f 1755 1731 1729
f 1660 1412 1410
f 1660 1410 1658
f 1426 1674 1658
f 1426 1658 1410
f 1428 1426 1410
f 1428 1410 1412
f 1676 1428 1412
f 1676 1412 1660
f 1674 1676 1660
f 1674 1660 1658
f 1664 1416 1414
f 1664 1414 1662
f 1430 1678 1662
f 1430 1662 1414
f 1432 1430 1414
f 1432 1414 1416
f 1680 1432 1416
f 1680 1416 1664
f 1678 1680 1664
f 1678 1664 1662
f 1448 1416 1410
f 1448 1410 1442
f 1426 1476 1442
f 1426 1442 1410
f 1432 1426 1410
f 1432 1410 1416
f 1482 1432 1416
f 1482 1416 1448
f 1476 1482 1448
f 1476 1448 1442
f 1622 1446 1444
f 1622 1444 1620
f 1478 1646 1620
f 1478 1620 1444
f 1480 1478 1444
f 1480 1444 1446
f 1648 1480 1446
f 1648 1446 1622
f 1646 1648 1622
f 1646 1622 1620
f 1784 1568 1566
f 1784 1566 1782
f 1590 1806 1782
f 1590 1782 1566
f 1592 1590 1566
f 1592 1566 1568
f 1808 1592 1568
f 1808 1568 1784
f 1806 1808 1784
f 1806 1784 1782
f 1788 1572 1570
f 1788 1570 1786
f 1594 1810 1786
f 1594 1786 1570
f 1596 1594 1570
f 1596 1570 1572
f 1812 1596 1572
f 1812 1572 1788
f 1810 1812 1788
f 1810 1788 1786
f 1788 1738 1733
f 1788 1733 1782
f 1759 1806 1782
f 1759 1782 1733
f 1764 1759 1733
f 1764 1733 1738
f 1812 1764 1738
f 1812 1738 1788
f 1806 1812 1788
f 1806 1788 1782
f 1737 1613 1611
f 1737 1611 1735
f 1637 1761 1735
f 1637 1735 1611
f 1639 1637 1611
f 1639 1611 1613
f 1763 1639 1613
f 1763 1613 1737
f 1761 1763 1737
f 1761 1737 1735
f 1504 1256 1254
f 1504 1254 1502
f 1312 1526 1502
f 1312 1502 1254
f 1314 1312 1254
f 1314 1254 1256
f 1528 1314 1256
f 1528 1256 1504
f 1526 1528 1504
f 1526 1504 1502
f 1508 1260 1258
f 1508 1258 1506
f 1316 1530 1506
f 1316 1506 1258
f 1318 1316 1258
f 1318 1258 1260
f 1532 1318 1260
f 1532 1260 1508
f 1530 1532 1508
f 1530 1508 1506
f 1282 1260 1254
f 1282 1254 1277
f 1312 1351 1277
f 1312 1277 1254
f 1318 1312 1254
f 1318 1254 1260
f 1356 1318 1260
f 1356 1260 1282
f 1351 1356 1282
f 1351 1282 1277
f 1453 1281 1279
f 1453 1279 1451
f 1353 1485 1451
f 1353 1451 1279
f 1355 1353 1279
f 1355 1279 1281
f 1487 1355 1281
f 1487 1281 1453
f 1485 1487 1453
f 1485 1453 1451
f 1338 1124 1122
f 1338 1122 1336
f 1164 1386 1336
f 1164 1336 1122
f 1166 1164 1122
f 1166 1122 1124
f 1388 1166 1124
f 1388 1124 1338
f 1386 1388 1338
f 1386 1338 1336
f 1342 1128 1126
f 1342 1126 1340
f 1168 1390 1340
f 1168 1340 1126
f 1170 1168 1126
f 1170 1126 1128
f 1392 1170 1128
f 1392 1128 1342
f 1390 1392 1342
f 1390 1342 1340
f 1342 1302 1296
f 1342 1296 1336
f 1370 1386 1336
f 1370 1336 1296
f 1376 1370 1296
f 1376 1296 1302
f 1392 1376 1302
f 1392 1302 1342
f 1386 1392 1342
f 1386 1342 1336
f 1300 1140 1138
f 1300 1138 1298
f 1204 1372 1298
f 1204 1298 1138
f 1206 1204 1138
f 1206 1138 1140
f 1374 1206 1140
f 1374 1140 1300
f 1372 1374 1300
f 1372 1300 1298
f 1512 1264 1262
f 1512 1262 1510
f 1320 1534 1510
f 1320 1510 1262
f 1322 1320 1262
f 1322 1262 1264
f 1536 1322 1264
f 1536 1264 1512
f 1534 1536 1512
f 1534 1512 1510
f 1516 1268 1266
f 1516 1266 1514
f 1324 1538 1514
f 1324 1514 1266
f 1326 1324 1266
f 1326 1266 1268
f 1540 1326 1268
f 1540 1268 1516
f 1538 1540 1516
f 1538 1516 1514
f 1288 1268 1262
f 1288 1262 1283
f 1320 1357 1283
f 1320 1283 1262
f 1326 1320 1262
f 1326 1262 1268
f 1362 1326 1268
f 1362 1268 1288
f 1357 1362 1288
f 1357 1288 1283
f 1459 1287 1285
f 1459 1285 1457
f 1359 1491 1457
f 1359 1457 1285
f 1361 1359 1285
f 1361 1285 1287
f 1493 1361 1287
f 1493 1287 1459
f 1491 1493 1459
f 1491 1459 1457
f 1346 1132 1130
f 1346 1130 1344
f 1172 1394 1344
f 1172 1344 1130
f 1174 1172 1130
f 1174 1130 1132
f 1396 1174 1132
f 1396 1132 1346
f 1394 1396 1346
f 1394 1346 1344
f 1350 1136 1134
f 1350 1134 1348
f 1176 1398 1348
f 1176 1348 1134
f 1178 1176 1134
f 1178 1134 1136
f 1400 1178 1136
f 1400 1136 1350
f 1398 1400 1350
f 1398 1350 1348
f 1350 1310 1304
f 1350 1304 1344
f 1378 1394 1344
f 1378 1344 1304
f 1384 1378 1304
f 1384 1304 1310
f 1400 1384 1310
f 1400 1310 1350
f 1394 1400 1350
f 1394 1350 1344
f 1308 1144 1142
f 1308 1142 1306
f 1208 1380 1306
f 1208 1306 1142
f 1210 1208 1142
f 1210 1142 1144
f 1382 1210 1144
f 1382 1144 1308
f 1380 1382 1308
f 1380 1308 1306
f 1520 1272 1270
f 1520 1270 1518
f 1328 1542 1518
f 1328 1518 1270
f 1330 1328 1270
f 1330 1270 1272
f 1544 1330 1272
f 1544 1272 1520
f 1542 1544 1520
f 1542 1520 1518
f 1524 1276 1274
f 1524 1274 1522
f 1332 1546 1522
f 1332 1522 1274
f 1334 1332 1274
f 1334 1274 1276
f 1548 1334 1276
f 1548 1276 1524
f 1546 1548 1524
f 1546 1524 1522
f 1294 1276 1270
f 1294 1270 1289
f 1328 1363 1289
f 1328 1289 1270
f 1334 1328 1270
f 1334 1270 1276
f 1368 1334 1276
f 1368 1276 1294
f 1363 1368 1294
f 1363 1294 1289
f 1465 1293 1291
f 1465 1291 1463
f 1365 1497 1463
f 1365 1463 1291
f 1367 1365 1291
f 1367 1291 1293
f 1499 1367 1293
f 1499 1293 1465
f 1497 1499 1465
f 1497 1465 1463
f 1182 968 966
f 1182 966 1180
f 1040 1230 1180
f 1040 1180 966
f 1042 1040 966
f 1042 966 968
f 1232 1042 968
f 1232 968 1182
f 1230 1232 1182
f 1230 1182 1180
f 1186 972 970
f 1186 970 1184
f 1044 1234 1184
f 1044 1184 970
f 1046 1044 970
f 1046 970 972
f 1236 1046 972
f 1236 972 1186
f 1234 1236 1186
f 1234 1186 1184
f 1186 1150 1145
f 1186 1145 1180
f 1211 1230 1180
f 1211 1180 1145
f 1216 1211 1145
f 1216 1145 1150
f 1236 1216 1150
f 1236 1150 1186
f 1230 1236 1186
f 1230 1186 1180
f 1149 1017 1015
f 1149 1015 1147
f 1081 1213 1147
f 1081 1147 1015
f 1083 1081 1015
f 1083 1015 1017
f 1215 1083 1017
f 1215 1017 1149
f 1213 1215 1149
f 1213 1149 1147
f 1066 828 826
f 1066 826 1064
f 916 1106 1064
f 916 1064 826
f 918 916 826
f 918 826 828
f 1108 918 828
f 1108 828 1066
f 1106 1108 1066
f 1106 1066 1064
f 1070 832 830
f 1070 830 1068
f 920 1110 1068
f 920 1068 830
f 922 920 830
f 922 830 832
f 1112 922 832
f 1112 832 1070
f 1110 1112 1070
f 1110 1070 1068
f 864 832 826
f 864 826 858
f 916 932 858
f 916 858 826
f 922 916 826
f 922 826 832
f 938 922 832
f 938 832 864
f 932 938 864
f 932 864 858
f 1034 862 860
f 1034 860 1032
f 934 1098 1032
f 934 1032 860
f 936 934 860
f 936 860 862
f 1100 936 862
f 1100 862 1034
f 1098 1100 1034
f 1098 1034 1032
f 1190 976 974
f 1190 974 1188
f 1048 1238 1188
f 1048 1188 974
f 1050 1048 974
f 1050 974 976
f 1240 1050 976
f 1240 976 1190
f 1238 1240 1190
f 1238 1190 1188
f 1194 980 978
f 1194 978 1192
f 1052 1242 1192
f 1052 1192 978
f 1054 1052 978
f 1054 978 980
f 1244 1054 980
f 1244 980 1194
f 1242 1244 1194
f 1242 1194 1192
f 1194 1156 1151
f 1194 1151 1188
f 1217 1238 1188
f 1217 1188 1151
f 1222 1217 1151
f 1222 1151 1156
f 1244 1222 1156
f 1244 1156 1194
f 1238 1244 1194
f 1238 1194 1188
f 1155 1023 1021
f 1155 1021 1153
f 1087 1219 1153
f 1087 1153 1021
f 1089 1087 1021
f 1089 1021 1023
f 1221 1089 1023
f 1221 1023 1155
f 1219 1221 1155
f 1219 1155 1153
f 1074 836 834
f 1074 834 1072
f 924 1114 1072
f 924 1072 834
f 926 924 834
f 926 834 836
f 1116 926 836
f 1116 836 1074
f 1114 1116 1074
f 1114 1074 1072
f 1078 840 838
f 1078 838 1076
f 928 1118 1076
f 928 1076 838
f 930 928 838
f 930 838 840
f 1120 930 840
f 1120 840 1078
f 1118 1120 1078
f 1118 1078 1076
f 872 840 834
f 872 834 866
f 924 940 866
f 924 866 834
f 930 924 834
f 930 834 840
f 946 930 840
f 946 840 872
f 940 946 872
f 940 872 866
f 1038 870 868
f 1038 868 1036
f 942 1102 1036
f 942 1036 868
f 944 942 868
f 944 868 870
f 1104 944 870
f 1104 870 1038
f 1102 1104 1038
f 1102 1038 1036
f 1198 984 982
f 1198 982 1196
f 1056 1246 1196
f 1056 1196 982
f 1058 1056 982
f 1058 982 984
f 1248 1058 984
f 1248 984 1198
f 1246 1248 1198
f 1246 1198 1196
f 1202 988 986
f 1202 986 1200
f 1060 1250 1200
f 1060 1200 986
f 1062 1060 986
f 1062 986 988
f 1252 1062 988
f 1252 988 1202
f 1250 1252 1202
f 1250 1202 1200
f 1202 1162 1157
f 1202 1157 1196
f 1223 1246 1196
f 1223 1196 1157
f 1228 1223 1157
f 1228 1157 1162
f 1252 1228 1162
f 1252 1162 1202
f 1246 1252 1202
f 1246 1202 1196
f 1161 1029 1027
f 1161 1027 1159
f 1093 1225 1159
f 1093 1159 1027
f 1095 1093 1027
f 1095 1027 1029
f 1227 1095 1029
f 1227 1029 1161
f 1225 1227 1161
f 1225 1161 1159
f 894 646 644
f 894 644 892
f 768 990 892
f 768 892 644
f 770 768 644
f 770 644 646
f 992 770 646
f 992 646 894
f 990 992 894
f 990 894 892
f 898 650 648
f 898 648 896
f 772 994 896
f 772 896 648
f 774 772 648
f 774 648 650
f 996 774 650
f 996 650 898
f 994 996 898
f 994 898 896
f 698 650 644
f 698 644 693
f 768 791 693
f 768 693 644
f 774 768 644
f 774 644 650
f 796 774 650
f 796 650 698
f 791 796 698
f 791 698 693
f 877 697 695
f 877 695 875
f 793 949 875
f 793 875 695
f 795 793 695
f 795 695 697
f 951 795 697
f 951 697 877
f 949 951 877
f 949 877 875
f 754 498 496
f 754 496 752
f 628 842 752
f 628 752 496
f 630 628 496
f 630 496 498
f 844 630 498
f 844 498 754
f 842 844 754
f 842 754 752
f 758 502 500
f 758 500 756
f 632 846 756
f 632 756 500
f 634 632 500
f 634 500 502
f 848 634 502
f 848 502 758
f 846 848 758
f 846 758 756
f 758 718 712
f 758 712 752
f 810 842 752
f 810 752 712
f 816 810 712
f 816 712 718
f 848 816 718
f 848 718 758
f 842 848 758
f 842 758 752
f 716 538 536
f 716 536 714
f 668 812 714
f 668 714 536
f 670 668 536
f 670 536 538
f 814 670 538
f 814 538 716
f 812 814 716
f 812 716 714
f 902 654 652
f 902 652 900
f 776 998 900
f 776 900 652
f 778 776 652
f 778 652 654
f 1000 778 654
f 1000 654 902
f 998 1000 902
f 998 902 900
f 906 658 656
f 906 656 904
f 780 1002 904
f 780 904 656
f 782 780 656
f 782 656 658
f 1004 782 658
f 1004 658 906
f 1002 1004 906
f 1002 906 904
f 704 658 652
f 704 652 699
f 776 797 699
f 776 699 652
f 782 776 652
f 782 652 658
f 802 782 658
f 802 658 704
f 797 802 704
f 797 704 699
f 883 703 701
f 883 701 881
f 799 955 881
f 799 881 701
f 801 799 701
f 801 701 703
f 957 801 703
f 957 703 883
f 955 957 883
f 955 883 881
f 762 506 504
f 762 504 760
f 636 850 760
f 636 760 504
f 638 636 504
f 638 504 506
f 852 638 506
f 852 506 762
f 850 852 762
f 850 762 760
f 766 510 508
f 766 508 764
f 640 854 764
f 640 764 508
f 642 640 508
f 642 508 510
f 856 642 510
f 856 510 766
f 854 856 766
f 854 766 764
f 766 726 720
f 766 720 760
f 818 850 760
f 818 760 720
f 824 818 720
f 824 720 726
f 856 824 726
f 856 726 766
f 850 856 766
f 850 766 760
f 724 542 540
f 724 540 722
f 672 820 722
f 672 722 540
f 674 672 540
f 674 540 542
f 822 674 542
f 822 542 724
f 820 822 724
f 820 724 722
f 910 662 660
f 910 660 908
f 784 1006 908
f 784 908 660
f 786 784 660
f 786 660 662
f 1008 786 662
f 1008 662 910
f 1006 1008 910
f 1006 910 908
f 914 666 664
f 914 664 912
f 788 1010 912
f 788 912 664
f 790 788 664
f 790 664 666
f 1012 790 666
f 1012 666 914
f 1010 1012 914
f 1010 914 912
f 710 666 660
f 710 660 705
f 784 803 705
f 784 705 660
f 790 784 660
f 790 660 666
f 808 790 666
f 808 666 710
f 803 808 710
f 803 710 705
f 889 709 707
f 889 707 887
f 805 961 887
f 805 887 707
f 807 805 707
f 807 707 709
f 963 807 709
f 963 709 889
f 961 963 889
f 961 889 887
f 606 308 306
f 606 306 604
f 512 728 604
f 512 604 306
f 514 512 306
f 514 306 308
f 730 514 308
f 730 308 606
f 728 730 606
f 728 606 604
f 610 312 310
f 610 310 608
f 516 732 608
f 516 608 310
f 518 516 310
f 518 310 312
f 734 518 312
f 734 312 610
f 732 734 610
f 732 610 608
f 610 566 561
f 610 561 604
f 675 728 604
f 675 604 561
f 680 675 561
f 680 561 566
f 734 680 566
f 734 566 610
f 728 734 610
f 728 610 604
f 565 383 381
f 565 381 563
f 545 677 563
f 545 563 381
f 547 545 381
f 547 381 383
f 679 547 383
f 679 383 565
f 677 679 565
f 677 565 563
f 424 144 142
f 424 142 422
f 406 588 422
f 406 422 142
f 408 406 142
f 408 142 144
f 590 408 144
f 590 144 424
f 588 590 424
f 588 424 422
f 428 148 146
f 428 146 426
f 410 592 426
f 410 426 146
f 412 410 146
f 412 146 148
f 594 412 148
f 594 148 428
f 592 594 428
f 592 428 426
f 164 148 142
f 164 142 158
f 406 438 158
f 406 158 142
f 412 406 142
f 412 142 148
f 444 412 148
f 444 148 164
f 438 444 164
f 438 164 158
f 400 162 160
f 400 160 398
f 440 580 398
f 440 398 160
f 442 440 160
f 442 160 162
f 582 442 162
f 582 162 400
f 580 582 400
f 580 400 398
f 614 316 314
f 614 314 612
f 520 736 612
f 520 612 314
f 522 520 314
f 522 314 316
f 738 522 316
f 738 316 614
f 736 738 614
f 736 614 612
f 618 320 318
f 618 318 616
f 524 740 616
f 524 616 318
f 526 524 318
f 526 318 320
f 742 526 320
f 742 320 618
f 740 742 618
f 740 618 616
f 618 572 567
f 618 567 612
f 681 736 612
f 681 612 567
f 686 681 567
f 686 567 572
f 742 686 572
f 742 572 618
f 736 742 618
f 736 618 612
f 571 389 387
f 571 387 569
f 551 683 569
f 551 569 387
f 553 551 387
f 553 387 389
f 685 553 389
f 685 389 571
f 683 685 571
f 683 571 569
f 432 152 150
f 432 150 430
f 414 596 430
f 414 430 150
f 416 414 150
f 416 150 152
f 598 416 152
f 598 152 432
f 596 598 432
f 596 432 430
f 436 156 154
f 436 154 434
f 418 600 434
f 418 434 154
f 420 418 154
f 420 154 156
f 602 420 156
f 602 156 436
f 600 602 436
f 600 436 434
f 172 156 150
f 172 150 166
f 414 446 166
f 414 166 150
f 420 414 150
f 420 150 156
f 452 420 156
f 452 156 172
f 446 452 172
f 446 172 166
f 404 170 168
f 404 168 402
f 448 584 402
f 448 402 168
f 450 448 168
f 450 168 170
f 586 450 170
f 586 170 404
f 584 586 404
f 584 404 402
f 622 324 322
f 622 322 620
f 528 744 620
f 528 620 322
f 530 528 322
f 530 322 324
f 746 530 324
f 746 324 622
f 744 746 622
f 744 622 620
f 626 328 326
f 626 326 624
f 532 748 624
f 532 624 326
f 534 532 326
f 534 326 328
f 750 534 328
f 750 328 626
f 748 750 626
f 748 626 624
f 626 578 573
f 626 573 620
f 687 744 620
f 687 620 573
f 692 687 573
f 692 573 578
f 750 692 578
f 750 578 626
f 744 750 626
f 744 626 620
f 577 395 393
f 577 393 575
f 557 689 575
f 557 575 393
f 559 557 393
f 559 393 395
f 691 559 395
f 691 395 577
f 689 691 577
f 689 577 575
f 194 70 68
f 194 68 192
f 282 472 192
f 282 192 68
f 284 282 68
f 284 68 70
f 474 284 70
f 474 70 194
f 472 474 194
f 472 194 192
f 198 74 72
f 198 72 196
f 286 476 196
f 286 196 72
f 288 286 72
f 288 72 74
f 478 288 74
f 478 74 198
f 476 478 198
f 476 198 196
f 96 74 68
f 96 68 91
f 282 329 91
f 282 91 68
f 288 282 68
f 288 68 74
f 334 288 74
f 334 74 96
f 329 334 96
f 329 96 91
f 177 95 93
f 177 93 175
f 331 455 175
f 331 175 93
f 333 331 93
f 333 93 95
f 457 333 95
f 457 95 177
f 455 457 177
f 455 177 175
f 128 4 2
f 128 2 126
f 216 364 126
f 216 126 2
f 218 216 2
f 218 2 4
f 366 218 4
f 366 4 128
f 364 366 128
f 364 128 126
f 132 8 6
f 132 6 130
f 220 368 130
f 220 130 6
f 222 220 6
f 222 6 8
f 370 222 8
f 370 8 132
f 368 370 132
f 368 132 130
f 132 116 110
f 132 110 126
f 348 364 126
f 348 126 110
f 354 348 110
f 354 110 116
f 370 354 116
f 370 116 132
f 364 370 132
f 364 132 126
f 114 20 18
f 114 18 112
f 232 350 112
f 232 112 18
f 234 232 18
f 234 18 20
f 352 234 20
f 352 20 114
f 350 352 114
f 350 114 112
f 202 78 76
f 202 76 200
f 290 480 200
f 290 200 76
f 292 290 76
f 292 76 78
f 482 292 78
f 482 78 202
f 480 482 202
f 480 202 200
f 206 82 80
f 206 80 204
f 294 484 204
f 294 204 80
f 296 294 80
f 296 80 82
f 486 296 82
f 486 82 206
f 484 486 206
f 484 206 204
f 102 82 76
f 102 76 97
f 290 335 97
f 290 97 76
f 296 290 76
f 296 76 82
f 340 296 82
f 340 82 102
f 335 340 102
f 335 102 97
f 183 101 99
f 183 99 181
f 337 461 181
f 337 181 99
f 339 337 99
f 339 99 101
f 463 339 101
f 463 101 183
f 461 463 183
f 461 183 181
f 136 12 10
f 136 10 134
f 224 372 134
f 224 134 10
f 226 224 10
f 226 10 12
f 374 226 12
f 374 12 136
f 372 374 136
f 372 136 134
f 140 16 14
f 140 14 138
f 228 376 138
f 228 138 14
f 230 228 14
f 230 14 16
f 378 230 16
f 378 16 140
f 376 378 140
f 376 140 138
f 140 124 118
f 140 118 134
f 356 372 134
f 356 134 118
f 362 356 118
f 362 118 124
f 378 362 124
f 378 124 140
f 372 378 140
f 372 140 134
f 122 24 22
f 122 22 120
f 236 358 120
f 236 120 22
f 238 236 22
f 238 22 24
f 360 238 24
f 360 24 122
f 358 360 122
f 358 122 120
f 210 86 84
f 210 84 208
f 298 488 208
f 298 208 84
f 300 298 84
f 300 84 86
f 490 300 86
f 490 86 210
f 488 490 210
f 488 210 208
f 214 90 88
f 214 88 212
f 302 492 212
f 302 212 88
f 304 302 88
f 304 88 90
f 494 304 90
f 494 90 214
f 492 494 214
f 492 214 212
f 108 90 84
f 108 84 103
f 298 341 103
f 298 103 84
f 304 298 84
f 304 84 90
f 346 304 90
f 346 90 108
f 341 346 108
f 341 108 103
f 189 107 105
f 189 105 187
f 343 467 187
f 343 187 105
f 345 343 105
f 345 105 107
f 469 345 107
f 469 107 189
f 467 469 189
f 467 189 187
f 46 45 43
f 46 43 44
f 257 258 44
f 257 44 43
f 259 257 43
f 259 43 45
f 260 259 45
f 260 45 46
f 258 260 46
f 258 46 44
f 50 49 47
f 50 47 48
f 261 262 48
f 261 48 47
f 263 261 47
f 263 47 49
f 264 263 49
f 264 49 50
f 262 264 50
f 262 50 48
f 50 30 25
f 50 25 44
f 239 258 44
f 239 44 25
f 244 239 25
f 244 25 30
f 264 244 30
f 264 30 50
f 258 264 50
f 258 50 44
f 29 28 26
f 29 26 27
f 240 241 27
f 240 27 26
f 242 240 26
f 242 26 28
f 243 242 28
f 243 28 29
f 241 243 29
f 241 29 27
f 3 127 125
f 3 125 1
f 363 215 1
f 363 1 125
f 365 363 125
f 365 125 127
f 217 365 127
f 217 127 3
f 215 217 3
f 215 3 1
f 7 131 129
f 7 129 5
f 367 219 5
f 367 5 129
f 369 367 129
f 369 129 131
f 221 369 131
f 221 131 7
f 219 221 7
f 219 7 5
f 115 131 125
f 115 125 109
f 363 347 109
f 363 109 125
f 369 363 125
f 369 125 131
f 353 369 131
f 353 131 115
f 347 353 115
f 347 115 109
f 19 113 111
f 19 111 17
f 349 231 17
f 349 17 111
f 351 349 111
f 351 111 113
f 233 351 113
f 233 113 19
f 231 233 19
f 231 19 17
f 54 53 51
f 54 51 52
f 265 266 52
f 265 52 51
f 267 265 51
f 267 51 53
f 268 267 53
f 268 53 54
f 266 268 54
f 266 54 52
f 58 57 55
f 58 55 56
f 269 270 56
f 269 56 55
f 271 269 55
f 271 55 57
f 272 271 57
f 272 57 58
f 270 272 58
f 270 58 56
f 58 36 31
f 58 31 52
f 245 266 52
f 245 52 31
f 250 245 31
f 250 31 36
f 272 250 36
f 272 36 58
f 266 272 58
f 266 58 52
f 35 34 32
f 35 32 33
f 246 247 33
f 246 33 32
f 248 246 32
f 248 32 34
f 249 248 34
f 249 34 35
f 247 249 35
f 247 35 33
f 11 135 133
f 11 133 9
f 371 223 9
f 371 9 133
f 373 371 133
f 373 133 135
f 225 373 135
f 225 135 11
f 223 225 11
f 223 11 9
f 15 139 137
f 15 137 13
f 375 227 13
f 375 13 137
f 377 375 137
f 377 137 139
f 229 377 139
f 229 139 15
f 227 229 15
f 227 15 13
f 123 139 133
f 123 133 117
f 371 355 117
f 371 117 133
f 377 371 133
f 377 133 139
f 361 377 139
f 361 139 123
f 355 361 123
f 355 123 117
f 23 121 119
f 23 119 21
f 357 235 21
f 357 21 119
f 359 357 119
f 359 119 121
f 237 359 121
f 237 121 23
f 235 237 23
f 235 23 21
f 62 61 59
f 62 59 60
f 273 274 60
f 273 60 59
f 275 273 59
f 275 59 61
f 276 275 61
f 276 61 62
f 274 276 62
f 274 62 60
f 66 65 63
f 66 63 64
f 277 278 64
f 277 64 63
f 279 277 63
f 279 63 65
f 280 279 65
f 280 65 66
f 278 280 66
f 278 66 64
f 66 42 37
f 66 37 60
f 251 274 60
f 251 60 37
f 256 251 37
f 256 37 42
f 280 256 42
f 280 42 66
f 274 280 66
f 274 66 60
f 41 40 38
f 41 38 39
f 252 253 39
f 252 39 38
f 254 252 38
f 254 38 40
f 255 254 40
f 255 40 41
f 253 255 41
f 253 41 39
f 69 193 191
f 69 191 67
f 471 281 67
f 471 67 191
f 473 471 191
f 473 191 193
f 283 473 193
f 283 193 69
f 281 283 69
f 281 69 67
f 73 197 195
f 73 195 71
f 475 285 71
f 475 71 195
f 477 475 195
f 477 195 197
f 287 477 197
f 287 197 73
f 285 287 73
f 285 73 71
f 178 197 191
f 178 191 173
f 471 453 173
f 471 173 191
f 477 471 191
f 477 191 197
f 458 477 197
f 458 197 178
f 453 458 178
f 453 178 173
f 94 176 174
f 94 174 92
f 454 330 92
f 454 92 174
f 456 454 174
f 456 174 176
f 332 456 176
f 332 176 94
f 330 332 94
f 330 94 92
f 143 423 421
f 143 421 141
f 587 405 141
f 587 141 421
f 589 587 421
f 589 421 423
f 407 589 423
f 407 423 143
f 405 407 143
f 405 143 141
f 147 427 425
f 147 425 145
f 591 409 145
f 591 145 425
f 593 591 425
f 593 425 427
f 411 593 427
f 411 427 147
f 409 411 147
f 409 147 145
f 147 163 157
f 147 157 141
f 437 405 141
f 437 141 157
f 443 437 157
f 443 157 163
f 411 443 163
f 411 163 147
f 405 411 147
f 405 147 141
f 161 399 397
f 161 397 159
f 579 439 159
f 579 159 397
f 581 579 397
f 581 397 399
f 441 581 399
f 441 399 161
f 439 441 161
f 439 161 159
f 77 201 199
f 77 199 75
f 479 289 75
f 479 75 199
f 481 479 199
f 481 199 201
f 291 481 201
f 291 201 77
f 289 291 77
f 289 77 75
f 81 205 203
f 81 203 79
f 483 293 79
f 483 79 203
f 485 483 203
f 485 203 205
f 295 485 205
f 295 205 81
f 293 295 81
f 293 81 79
f 184 205 199
f 184 199 179
f 479 459 179
f 479 179 199
f 485 479 199
f 485 199 205
f 464 485 205
f 464 205 184
f 459 464 184
f 459 184 179
f 100 182 180
f 100 180 98
f 460 336 98
f 460 98 180
f 462 460 180
f 462 180 182
f 338 462 182
f 338 182 100
f 336 338 100
f 336 100 98
f 151 431 429
f 151 429 149
f 595 413 149
f 595 149 429
f 597 595 429
f 597 429 431
f 415 597 431
f 415 431 151
f 413 415 151
f 413 151 149
f 155 435 433
f 155 433 153
f 599 417 153
f 599 153 433
f 601 599 433
f 601 433 435
f 419 601 435
f 419 435 155
f 417 419 155
f 417 155 153
f 155 171 165
f 155 165 149
f 445 413 149
f 445 149 165
f 451 445 165
f 451 165 171
f 419 451 171
f 419 171 155
f 413 419 155
f 413 155 149
f 169 403 401
f 169 401 167
f 583 447 167
f 583 167 401
f 585 583 401
f 585 401 403
f 449 585 403
f 449 403 169
f 447 449 169
f 447 169 167
f 85 209 207
f 85 207 83
f 487 297 83
f 487 83 207
f 489 487 207
f 489 207 209
f 299 489 209
f 299 209 85
f 297 299 85
f 297 85 83
f 89 213 211
f 89 211 87
f 491 301 87
f 491 87 211
f 493 491 211
f 493 211 213
f 303 493 213
f 303 213 89
f 301 303 89
f 301 89 87
f 190 213 207
f 190 207 185
f 487 465 185
f 487 185 207
f 493 487 207
f 493 207 213
f 470 493 213
f 470 213 190
f 465 470 190
f 465 190 185
f 106 188 186
f 106 186 104
f 466 342 104
f 466 104 186
f 468 466 186
f 468 186 188
f 344 468 188
f 344 188 106
f 342 344 106
f 342 106 104
f 307 605 603
f 307 603 305
f 727 511 305
f 727 305 603
f 729 727 603
f 729 603 605
f 513 729 605
f 513 605 307
f 511 513 307
f 511 307 305
f 311 609 607
f 311 607 309
f 731 515 309
f 731 309 607
f 733 731 607
f 733 607 609
f 517 733 609
f 517 609 311
f 515 517 311
f 515 311 309
f 311 384 379
f 311 379 305
f 543 511 305
f 543 305 379
f 548 543 379
f 548 379 384
f 517 548 384
f 517 384 311
f 511 517 311
f 511 311 305
f 382 564 562
f 382 562 380
f 676 544 380
f 676 380 562
f 678 676 562
f 678 562 564
f 546 678 564
f 546 564 382
f 544 546 382
f 544 382 380
f 497 753 751
f 497 751 495
f 841 627 495
f 841 495 751
f 843 841 751
f 843 751 753
f 629 843 753
f 629 753 497
f 627 629 497
f 627 497 495
f 501 757 755
f 501 755 499
f 845 631 499
f 845 499 755
f 847 845 755
f 847 755 757
f 633 847 757
f 633 757 501
f 631 633 501
f 631 501 499
f 717 757 751
f 717 751 711
f 841 809 711
f 841 711 751
f 847 841 751
f 847 751 757
f 815 847 757
f 815 757 717
f 809 815 717
f 809 717 711
f 537 715 713
f 537 713 535
f 811 667 535
f 811 535 713
f 813 811 713
f 813 713 715
f 669 813 715
f 669 715 537
f 667 669 537
f 667 537 535
f 315 613 611
f 315 611 313
f 735 519 313
f 735 313 611
f 737 735 611
f 737 611 613
f 521 737 613
f 521 613 315
f 519 521 315
f 519 315 313
f 319 617 615
f 319 615 317
f 739 523 317
f 739 317 615
f 741 739 615
f 741 615 617
f 525 741 617
f 525 617 319
f 523 525 319
f 523 319 317
f 319 390 385
f 319 385 313
f 549 519 313
f 549 313 385
f 554 549 385
f 554 385 390
f 525 554 390
f 525 390 319
f 519 525 319
f 519 319 313
f 388 570 568
f 388 568 386
f 682 550 386
f 682 386 568
f 684 682 568
f 684 568 570
f 552 684 570
f 552 570 388
f 550 552 388
f 550 388 386
f 505 761 759
f 505 759 503
f 849 635 503
f 849 503 759
f 851 849 759
f 851 759 761
f 637 851 761
f 637 761 505
f 635 637 505
f 635 505 503
f 509 765 763
f 509 763 507
f 853 639 507
f 853 507 763
f 855 853 763
f 855 763 765
f 641 855 765
f 641 765 509
f 639 641 509
f 639 509 507
f 725 765 759
f 725 759 719
f 849 817 719
f 849 719 759
f 855 849 759
f 855 759 765
f 823 855 765
f 823 765 725
f 817 823 725
f 817 725 719
f 541 723 721
f 541 721 539
f 819 671 539
f 819 539 721
f 821 819 721
f 821 721 723
f 673 821 723
f 673 723 541
f 671 673 541
f 671 541 539
f 323 621 619
f 323 619 321
f 743 527 321
f 743 321 619
f 745 743 619
f 745 619 621
f 529 745 621
f 529 621 323
f 527 529 323
f 527 323 321
f 327 625 623
f 327 623 325
f 747 531 325
f 747 325 623
f 749 747 623
f 749 623 625
f 533 749 625
f 533 625 327
f 531 533 327
f 531 327 325
f 327 396 391
f 327 391 321
f 555 527 321
f 555 321 391
f 560 555 391
f 560 391 396
f 533 560 396
f 533 396 327
f 527 533 327
f 527 327 321
f 394 576 574
f 394 574 392
f 688 556 392
f 688 392 574
f 690 688 574
f 690 574 576
f 558 690 576
f 558 576 394
f 556 558 394
f 556 394 392
f 645 893 891
f 645 891 643
f 989 767 643
f 989 643 891
f 991 989 891
f 991 891 893
f 769 991 893
f 769 893 645
f 767 769 645
f 767 645 643
f 649 897 895
f 649 895 647
f 993 771 647
f 993 647 895
f 995 993 895
f 995 895 897
f 773 995 897
f 773 897 649
f 771 773 649
f 771 649 647
f 878 897 891
f 878 891 873
f 989 947 873
f 989 873 891
f 995 989 891
f 995 891 897
f 952 995 897
f 952 897 878
f 947 952 878
f 947 878 873
f 696 876 874
f 696 874 694
f 948 792 694
f 948 694 874
f 950 948 874
f 950 874 876
f 794 950 876
f 794 876 696
f 792 794 696
f 792 696 694
f 827 1065 1063
f 827 1063 825
f 1105 915 825
f 1105 825 1063
f 1107 1105 1063
f 1107 1063 1065
f 917 1107 1065
f 917 1065 827
f 915 917 827
f 915 827 825
f 831 1069 1067
f 831 1067 829
f 1109 919 829
f 1109 829 1067
f 1111 1109 1067
f 1111 1067 1069
f 921 1111 1069
f 921 1069 831
f 919 921 831
f 919 831 829
f 831 863 857
f 831 857 825
f 931 915 825
f 931 825 857
f 937 931 857
f 937 857 863
f 921 937 863
f 921 863 831
f 915 921 831
f 915 831 825
f 861 1033 1031
f 861 1031 859
f 1097 933 859
f 1097 859 1031
f 1099 1097 1031
f 1099 1031 1033
f 935 1099 1033
f 935 1033 861
f 933 935 861
f 933 861 859
f 653 901 899
f 653 899 651
f 997 775 651
f 997 651 899
f 999 997 899
f 999 899 901
f 777 999 901
f 777 901 653
f 775 777 653
f 775 653 651
f 657 905 903
f 657 903 655
f 1001 779 655
f 1001 655 903
f 1003 1001 903
f 1003 903 905
f 781 1003 905
f 781 905 657
f 779 781 657
f 779 657 655
f 884 905 899
f 884 899 879
f 997 953 879
f 997 879 899
f 1003 997 899
f 1003 899 905
f 958 1003 905
f 958 905 884
f 953 958 884
f 953 884 879
f 702 882 880
f 702 880 700
f 954 798 700
f 954 700 880
f 956 954 880
f 956 880 882
f 800 956 882
f 800 882 702
f 798 800 702
f 798 702 700
f 835 1073 1071
f 835 1071 833
f 1113 923 833
f 1113 833 1071
f 1115 1113 1071
f 1115 1071 1073
f 925 1115 1073
f 925 1073 835
f 923 925 835
f 923 835 833
f 839 1077 1075
f 839 1075 837
f 1117 927 837
f 1117 837 1075
f 1119 1117 1075
f 1119 1075 1077
f 929 1119 1077
f 929 1077 839
f 927 929 839
f 927 839 837
f 839 871 865
f 839 865 833
f 939 923 833
f 939 833 865
f 945 939 865
f 945 865 871
f 929 945 871
f 929 871 839
f 923 929 839
f 923 839 833
f 869 1037 1035
f 869 1035 867
f 1101 941 867
f 1101 867 1035
f 1103 1101 1035
f 1103 1035 1037
f 943 1103 1037
f 943 1037 869
f 941 943 869
f 941 869 867
f 661 909 907
f 661 907 659
f 1005 783 659
f 1005 659 907
f 1007 1005 907
f 1007 907 909
f 785 1007 909
f 785 909 661
f 783 785 661
f 783 661 659
f 665 913 911
f 665 911 663
f 1009 787 663
f 1009 663 911
f 1011 1009 911
f 1011 911 913
f 789 1011 913
f 789 913 665
f 787 789 665
f 787 665 663
f 890 913 907
f 890 907 885
f 1005 959 885
f 1005 885 907
f 1011 1005 907
f 1011 907 913
f 964 1011 913
f 964 913 890
f 959 964 890
f 959 890 885
f 708 888 886
f 708 886 706
f 960 804 706
f 960 706 886
f 962 960 886
f 962 886 888
f 806 962 888
f 806 888 708
f 804 806 708
f 804 708 706
f 967 1181 1179
f 967 1179 965
f 1229 1039 965
f 1229 965 1179
f 1231 1229 1179
f 1231 1179 1181
f 1041 1231 1181
f 1041 1181 967
f 1039 1041 967
f 1039 967 965
f 971 1185 1183
f 971 1183 969
f 1233 1043 969
f 1233 969 1183
f 1235 1233 1183
f 1235 1183 1185
f 1045 1235 1185
f 1045 1185 971
f 1043 1045 971
f 1043 971 969
f 971 1018 1013
f 971 1013 965
f 1079 1039 965
f 1079 965 1013
f 1084 1079 1013
f 1084 1013 1018
f 1045 1084 1018
f 1045 1018 971
f 1039 1045 971
f 1039 971 965
f 1016 1148 1146
f 1016 1146 1014
f 1212 1080 1014
f 1212 1014 1146
f 1214 1212 1146
f 1214 1146 1148
f 1082 1214 1148
f 1082 1148 1016
f 1080 1082 1016
f 1080 1016 1014
f 1123 1337 1335
f 1123 1335 1121
f 1385 1163 1121
f 1385 1121 1335
f 1387 1385 1335
f 1387 1335 1337
f 1165 1387 1337
f 1165 1337 1123
f 1163 1165 1123
f 1163 1123 1121
f 1127 1341 1339
f 1127 1339 1125
f 1389 1167 1125
f 1389 1125 1339
f 1391 1389 1339
f 1391 1339 1341
f 1169 1391 1341
f 1169 1341 1127
f 1167 1169 1127
f 1167 1127 1125
f 1301 1341 1335
f 1301 1335 1295
f 1385 1369 1295
f 1385 1295 1335
f 1391 1385 1335
f 1391 1335 1341
f 1375 1391 1341
f 1375 1341 1301
f 1369 1375 1301
f 1369 1301 1295
f 1139 1299 1297
f 1139 1297 1137
f 1371 1203 1137
f 1371 1137 1297
f 1373 1371 1297
f 1373 1297 1299
f 1205 1373 1299
f 1205 1299 1139
f 1203 1205 1139
f 1203 1139 1137
f 975 1189 1187
f 975 1187 973
f 1237 1047 973
f 1237 973 1187
f 1239 1237 1187
f 1239 1187 1189
f 1049 1239 1189
f 1049 1189 975
f 1047 1049 975
f 1047 975 973
f 979 1193 1191
f 979 1191 977
f 1241 1051 977
f 1241 977 1191
f 1243 1241 1191
f 1243 1191 1193
f 1053 1243 1193
f 1053 1193 979
f 1051 1053 979
f 1051 979 977
f 979 1024 1019
f 979 1019 973
f 1085 1047 973
f 1085 973 1019
f 1090 1085 1019
f 1090 1019 1024
f 1053 1090 1024
f 1053 1024 979
f 1047 1053 979
f 1047 979 973
f 1022 1154 1152
f 1022 1152 1020
f 1218 1086 1020
f 1218 1020 1152
f 1220 1218 1152
f 1220 1152 1154
f 1088 1220 1154
f 1088 1154 1022
f 1086 1088 1022
f 1086 1022 1020
f 1131 1345 1343
f 1131 1343 1129
f 1393 1171 1129
f 1393 1129 1343
f 1395 1393 1343
f 1395 1343 1345
f 1173 1395 1345
f 1173 1345 1131
f 1171 1173 1131
f 1171 1131 1129
f 1135 1349 1347
f 1135 1347 1133
f 1397 1175 1133
f 1397 1133 1347
f 1399 1397 1347
f 1399 1347 1349
f 1177 1399 1349
f 1177 1349 1135
f 1175 1177 1135
f 1175 1135 1133
f 1309 1349 1343
f 1309 1343 1303
f 1393 1377 1303
f 1393 1303 1343
f 1399 1393 1343
f 1399 1343 1349
f 1383 1399 1349
f 1383 1349 1309
f 1377 1383 1309
f 1377 1309 1303
f 1143 1307 1305
f 1143 1305 1141
f 1379 1207 1141
f 1379 1141 1305
f 1381 1379 1305
f 1381 1305 1307
f 1209 1381 1307
f 1209 1307 1143
f 1207 1209 1143
f 1207 1143 1141
f 983 1197 1195
f 983 1195 981
f 1245 1055 981
f 1245 981 1195
f 1247 1245 1195
f 1247 1195 1197
f 1057 1247 1197
f 1057 1197 983
f 1055 1057 983
f 1055 983 981
f 987 1201 1199
f 987 1199 985
f 1249 1059 985
f 1249 985 1199
f 1251 1249 1199
f 1251 1199 1201
f 1061 1251 1201
f 1061 1201 987
f 1059 1061 987
f 1059 987 985
f 987 1030 1025
f 987 1025 981
f 1091 1055 981
f 1091 981 1025
f 1096 1091 1025
f 1096 1025 1030
f 1061 1096 1030
f 1061 1030 987
f 1055 1061 987
f 1055 987 981
f 1028 1160 1158
f 1028 1158 1026
f 1224 1092 1026
f 1224 1026 1158
f 1226 1224 1158
f 1226 1158 1160
f 1094 1226 1160
f 1094 1160 1028
f 1092 1094 1028
f 1092 1028 1026
f 1255 1503 1501
f 1255 1501 1253
f 1525 1311 1253
f 1525 1253 1501
f 1527 1525 1501
f 1527 1501 1503
f 1313 1527 1503
f 1313 1503 1255
f 1311 1313 1255
f 1311 1255 1253
f 1259 1507 1505
f 1259 1505 1257
f 1529 1315 1257
f 1529 1257 1505
f 1531 1529 1505
f 1531 1505 1507
f 1317 1531 1507
f 1317 1507 1259
f 1315 1317 1259
f 1315 1259 1257
f 1454 1507 1501
f 1454 1501 1449
f 1525 1483 1449
f 1525 1449 1501
f 1531 1525 1501
f 1531 1501 1507
f 1488 1531 1507
f 1488 1507 1454
f 1483 1488 1454
f 1483 1454 1449
f 1280 1452 1450
f 1280 1450 1278
f 1484 1352 1278
f 1484 1278 1450
f 1486 1484 1450
f 1486 1450 1452
f 1354 1486 1452
f 1354 1452 1280
f 1352 1354 1280
f 1352 1280 1278
f 1403 1651 1649
f 1403 1649 1401
f 1665 1417 1401
f 1665 1401 1649
f 1667 1665 1649
f 1667 1649 1651
f 1419 1667 1651
f 1419 1651 1403
f 1417 1419 1403
f 1417 1403 1401
f 1407 1655 1653
f 1407 1653 1405
f 1669 1421 1405
f 1669 1405 1653
f 1671 1669 1653
f 1671 1653 1655
f 1423 1671 1655
f 1423 1655 1407
f 1421 1423 1407
f 1421 1407 1405
f 1407 1439 1433
f 1407 1433 1401
f 1467 1417 1401
f 1467 1401 1433
f 1473 1467 1433
f 1473 1433 1439
f 1423 1473 1439
f 1423 1439 1407
f 1417 1423 1407
f 1417 1407 1401
f 1437 1617 1615
f 1437 1615 1435
f 1641 1469 1435
f 1641 1435 1615
f 1643 1641 1615
f 1643 1615 1617
f 1471 1643 1617
f 1471 1617 1437
f 1469 1471 1437
f 1469 1437 1435
f 1263 1511 1509
f 1263 1509 1261
f 1533 1319 1261
f 1533 1261 1509
f 1535 1533 1509
f 1535 1509 1511
f 1321 1535 1511
f 1321 1511 1263
f 1319 1321 1263
f 1319 1263 1261
f 1267 1515 1513
f 1267 1513 1265
f 1537 1323 1265
f 1537 1265 1513
f 1539 1537 1513
f 1539 1513 1515
f 1325 1539 1515
f 1325 1515 1267
f 1323 1325 1267
f 1323 1267 1265
f 1460 1515 1509
f 1460 1509 1455
f 1533 1489 1455
f 1533 1455 1509
f 1539 1533 1509
f 1539 1509 1515
f 1494 1539 1515
f 1494 1515 1460
f 1489 1494 1460
f 1489 1460 1455
f 1286 1458 1456
f 1286 1456 1284
f 1490 1358 1284
f 1490 1284 1456
f 1492 1490 1456
f 1492 1456 1458
f 1360 1492 1458
f 1360 1458 1286
f 1358 1360 1286
f 1358 1286 1284
f 1411 1659 1657
f 1411 1657 1409
f 1673 1425 1409
f 1673 1409 1657
f 1675 1673 1657
f 1675 1657 1659
f 1427 1675 1659
f 1427 1659 1411
f 1425 1427 1411
f 1425 1411 1409
f 1415 1663 1661
f 1415 1661 1413
f 1677 1429 1413
f 1677 1413 1661
f 1679 1677 1661
f 1679 1661 1663
f 1431 1679 1663
f 1431 1663 1415
f 1429 1431 1415
f 1429 1415 1413
f 1415 1447 1441
f 1415 1441 1409
f 1475 1425 1409
f 1475 1409 1441
f 1481 1475 1441
f 1481 1441 1447
f 1431 1481 1447
f 1431 1447 1415
f 1425 1431 1415
f 1425 1415 1409
f 1445 1621 1619
f 1445 1619 1443
f 1645 1477 1443
f 1645 1443 1619
f 1647 1645 1619
f 1647 1619 1621
f 1479 1647 1621
f 1479 1621 1445
f 1477 1479 1445
f 1477 1445 1443
f 1271 1519 1517
f 1271 1517 1269
f 1541 1327 1269
f 1541 1269 1517
f 1543 1541 1517
f 1543 1517 1519
f 1329 1543 1519
f 1329 1519 1271
f 1327 1329 1271
f 1327 1271 1269
f 1275 1523 1521
f 1275 1521 1273
f 1545 1331 1273
f 1545 1273 1521
f 1547 1545 1521
f 1547 1521 1523
f 1333 1547 1523
f 1333 1523 1275
f 1331 1333 1275
f 1331 1275 1273
f 1466 1523 1517
f 1466 1517 1461
f 1541 1495 1461
f 1541 1461 1517
f 1547 1541 1517
f 1547 1517 1523
f 1500 1547 1523
f 1500 1523 1466
f 1495 1500 1466
f 1495 1466 1461
f 1292 1464 1462
f 1292 1462 1290
f 1496 1364 1290
f 1496 1290 1462
f 1498 1496 1462
f 1498 1462 1464
f 1366 1498 1464
f 1366 1464 1292
f 1364 1366 1292
f 1364 1292 1290
f 1551 1767 1765
f 1551 1765 1549
f 1789 1573 1549
f 1789 1549 1765
f 1791 1789 1765
f 1791 1765 1767
f 1575 1791 1767
f 1575 1767 1551
f 1573 1575 1551
f 1573 1551 1549
f 1555 1771 1769
f 1555 1769 1553
f 1793 1577 1553
f 1793 1553 1769
f 1795 1793 1769
f 1795 1769 1771
f 1579 1795 1771
f 1579 1771 1555
f 1577 1579 1555
f 1577 1555 1553
f 1555 1602 1597
f 1555 1597 1549
f 1623 1573 1549
f 1623 1549 1597
f 1628 1623 1597
f 1628 1597 1602
f 1579 1628 1602
f 1579 1602 1555
f 1573 1579 1555
f 1573 1555 1549
f 1600 1724 1722
f 1600 1722 1598
f 1748 1624 1598
f 1748 1598 1722
f 1750 1748 1722
f 1750 1722 1724
f 1626 1750 1724
f 1626 1724 1600
f 1624 1626 1600
f 1624 1600 1598
f 1683 1931 1929
f 1683 1929 1681
f 1945 1697 1681
f 1945 1681 1929
f 1947 1945 1929
f 1947 1929 1931
f 1699 1947 1931
f 1699 1931 1683
f 1697 1699 1683
f 1697 1683 1681
f 1687 1935 1933
f 1687 1933 1685
f 1949 1701 1685
f 1949 1685 1933
f 1951 1949 1933
f 1951 1933 1935
f 1703 1951 1935
f 1703 1935 1687
f 1701 1703 1687
f 1701 1687 1685
f 1885 1935 1929
f 1885 1929 1879
f 1945 1913 1879
f 1945 1879 1929
f 1951 1945 1929
f 1951 1929 1935
f 1919 1951 1935
f 1919 1935 1885
f 1913 1919 1885
f 1913 1885 1879
f 1715 1883 1881
f 1715 1881 1713
f 1915 1739 1713
f 1915 1713 1881
f 1917 1915 1881
f 1917 1881 1883
f 1741 1917 1883
f 1741 1883 1715
f 1739 1741 1715
f 1739 1715 1713
f 1559 1775 1773
f 1559 1773 1557
f 1797 1581 1557
f 1797 1557 1773
f 1799 1797 1773
f 1799 1773 1775
f 1583 1799 1775
f 1583 1775 1559
f 1581 1583 1559
f 1581 1559 1557
f 1563 1779 1777
f 1563 1777 1561
f 1801 1585 1561
f 1801 1561 1777
f 1803 1801 1777
f 1803 1777 1779
f 1587 1803 1779
f 1587 1779 1563
f 1585 1587 1563
f 1585 1563 1561
f 1563 1608 1603
f 1563 1603 1557
f 1629 1581 1557
f 1629 1557 1603
f 1634 1629 1603
f 1634 1603 1608
f 1587 1634 1608
f 1587 1608 1563
f 1581 1587 1563
f 1581 1563 1557
f 1606 1730 1728
f 1606 1728 1604
f 1754 1630 1604
f 1754 1604 1728
f 1756 1754 1728
f 1756 1728 1730
f 1632 1756 1730
f 1632 1730 1606
f 1630 1632 1606
f 1630 1606 1604
f 1691 1939 1937
f 1691 1937 1689
f 1953 1705 1689
f 1953 1689 1937
f 1955 1953 1937
f 1955 1937 1939
f 1707 1955 1939
f 1707 1939 1691
f 1705 1707 1691
f 1705 1691 1689
f 1695 1943 1941
f 1695 1941 1693
f 1957 1709 1693
f 1957 1693 1941
f 1959 1957 1941
f 1959 1941 1943
f 1711 1959 1943
f 1711 1943 1695
f 1709 1711 1695
f 1709 1695 1693
f 1893 1943 1937
f 1893 1937 1887
f 1953 1921 1887
f 1953 1887 1937
f 1959 1953 1937
f 1959 1937 1943
f 1927 1959 1943
f 1927 1943 1893
f 1921 1927 1893
f 1921 1893 1887
f 1719 1891 1889
f 1719 1889 1717
f 1923 1743 1717
f 1923 1717 1889
f 1925 1923 1889
f 1925 1889 1891
f 1745 1925 1891
f 1745 1891 1719
f 1743 1745 1719
f 1743 1719 1717
f 1567 1783 1781
f 1567 1781 1565
f 1805 1589 1565
f 1805 1565 1781
f 1807 1805 1781
f 1807 1781 1783
f 1591 1807 1783
f 1591 1783 1567
f 1589 1591 1567
f 1589 1567 1565
f 1571 1787 1785
f 1571 1785 1569
f 1809 1593 1569
f 1809 1569 1785
f 1811 1809 1785
f 1811 1785 1787
f 1595 1811 1787
f 1595 1787 1571
f 1593 1595 1571
f 1593 1571 1569
f 1571 1614 1609
f 1571 1609 1565
f 1635 1589 1565
f 1635 1565 1609
f 1640 1635 1609
f 1640 1609 1614
f 1595 1640 1614
f 1595 1614 1571
f 1589 1595 1571
f 1589 1571 1565
f 1612 1736 1734
f 1612 1734 1610
f 1760 1636 1610
f 1760 1610 1734
f 1762 1760 1734
f 1762 1734 1736
f 1638 1762 1736
f 1638 1736 1612
f 1636 1638 1612
f 1636 1612 1610
f 1815 2063 2061
f 1815 2061 1813
f 2085 1837 1813
f 2085 1813 2061
f 2087 2085 2061
f 2087 2061 2063
f 1839 2087 2063
f 1839 2063 1815
f 1837 1839 1815
f 1837 1815 1813
f 1819 2067 2065
f 1819 2065 1817
f 2089 1841 1817
f 2089 1817 2065
f 2091 2089 2065
f 2091 2065 2067
f 1843 2091 2067
f 1843 2067 1819
f 1841 1843 1819
f 1841 1819 1817
f 2014 2067 2061
f 2014 2061 2009
f 2085 2043 2009
f 2085 2009 2061
f 2091 2085 2061
f 2091 2061 2067
f 2048 2091 2067
f 2048 2067 2014
f 2043 2048 2014
f 2043 2014 2009
f 1864 2012 2010
f 1864 2010 1862
f 2044 1896 1862
f 2044 1862 2010
f 2046 2044 2010
f 2046 2010 2012
f 1898 2046 2012
f 1898 2012 1864
f 1896 1898 1864
f 1896 1864 1862
f 1963 2211 2209
f 1963 2209 1961
f 2225 1977 1961
f 2225 1961 2209
f 2227 2225 2209
f 2227 2209 2211
f 1979 2227 2211
f 1979 2211 1963
f 1977 1979 1963
f 1977 1963 1961
f 1967 2215 2213
f 1967 2213 1965
f 2229 1981 1965
f 2229 1965 2213
f 2231 2229 2213
f 2231 2213 2215
f 1983 2231 2215
f 1983 2215 1967
f 1981 1983 1967
f 1981 1967 1965
f 1967 1999 1993
f 1967 1993 1961
f 2027 1977 1961
f 2027 1961 1993
f 2033 2027 1993
f 2033 1993 1999
f 1983 2033 1999
f 1983 1999 1967
f 1977 1983 1967
f 1977 1967 1961
f 1997 2195 2193
f 1997 2193 1995
f 2201 2029 1995
f 2201 1995 2193
f 2203 2201 2193
f 2203 2193 2195
f 2031 2203 2195
f 2031 2195 1997
f 2029 2031 1997
f 2029 1997 1995
f 1823 2071 2069
f 1823 2069 1821
f 2093 1845 1821
f 2093 1821 2069
f 2095 2093 2069
f 2095 2069 2071
f 1847 2095 2071
f 1847 2071 1823
f 1845 1847 1823
f 1845 1823 1821
f 1827 2075 2073
f 1827 2073 1825
f 2097 1849 1825
f 2097 1825 2073
f 2099 2097 2073
f 2099 2073 2075
f 1851 2099 2075
f 1851 2075 1827
f 1849 1851 1827
f 1849 1827 1825
f 2020 2075 2069
f 2020 2069 2015
f 2093 2049 2015
f 2093 2015 2069
f 2099 2093 2069
f 2099 2069 2075
f 2054 2099 2075
f 2054 2075 2020
f 2049 2054 2020
f 2049 2020 2015
f 1870 2018 2016
f 1870 2016 1868
f 2050 1902 1868
f 2050 1868 2016
f 2052 2050 2016
f 2052 2016 2018
f 1904 2052 2018
f 1904 2018 1870
f 1902 1904 1870
f 1902 1870 1868
f 1971 2219 2217
f 1971 2217 1969
f 2233 1985 1969
f 2233 1969 2217
f 2235 2233 2217
f 2235 2217 2219
f 1987 2235 2219
f 1987 2219 1971
f 1985 1987 1971
f 1985 1971 1969
f 1975 2223 2221
f 1975 2221 1973
f 2237 1989 1973
f 2237 1973 2221
f 2239 2237 2221
f 2239 2221 2223
f 1991 2239 2223
f 1991 2223 1975
f 1989 1991 1975
f 1989 1975 1973
f 1975 2007 2001
f 1975 2001 1969
f 2035 1985 1969
f 2035 1969 2001
f 2041 2035 2001
f 2041 2001 2007
f 1991 2041 2007
f 1991 2007 1975
f 1985 1991 1975
f 1985 1975 1969
f 2005 2199 2197
f 2005 2197 2003
f 2205 2037 2003
f 2205 2003 2197
f 2207 2205 2197
f 2207 2197 2199
f 2039 2207 2199
f 2039 2199 2005
f 2037 2039 2005
f 2037 2005 2003
f 1831 2079 2077
f 1831 2077 1829
f 2101 1853 1829
f 2101 1829 2077
f 2103 2101 2077
f 2103 2077 2079
f 1855 2103 2079
f 1855 2079 1831
f 1853 1855 1831
f 1853 1831 1829
f 1835 2083 2081
f 1835 2081 1833
f 2105 1857 1833
f 2105 1833 2081
f 2107 2105 2081
f 2107 2081 2083
f 1859 2107 2083
f 1859 2083 1835
f 1857 1859 1835
f 1857 1835 1833
f 2026 2083 2077
f 2026 2077 2021
f 2101 2055 2021
f 2101 2021 2077
f 2107 2101 2077
f 2107 2077 2083
f 2060 2107 2083
f 2060 2083 2026
f 2055 2060 2026
f 2055 2026 2021
f 1876 2024 2022
f 1876 2022 1874
f 2056 1908 1874
f 2056 1874 2022
f 2058 2056 2022
f 2058 2022 2024
f 1910 2058 2024
f 1910 2024 1876
f 1908 1910 1876
f 1908 1876 1874
f 2111 2351 2349
f 2111 2349 2109
f 2325 2133 2109
f 2325 2109 2349
f 2327 2325 2349
f 2327 2349 2351
f 2135 2327 2351
f 2135 2351 2111
f 2133 2135 2111
f 2133 2111 2109
f 2115 2355 2353
f 2115 2353 2113
f 2329 2137 2113
f 2329 2113 2353
f 2331 2329 2353
f 2331 2353 2355
f 2139 2331 2355
f 2139 2355 2115
f 2137 2139 2115
f 2137 2115 2113
f 2115 2162 2157
f 2115 2157 2109
f 2175 2133 2109
f 2175 2109 2157
f 2180 2175 2157
f 2180 2157 2162
f 2139 2180 2162
f 2139 2162 2115
f 2133 2139 2115
f 2133 2115 2109
f 2160 2310 2308
f 2160 2308 2158
f 2290 2176 2158
f 2290 2158 2308
f 2292 2290 2308
f 2292 2308 2310
f 2178 2292 2310
f 2178 2310 2160
f 2176 2178 2160
f 2176 2160 2158
f 2259 2507 2505
f 2259 2505 2257
f 2489 2241 2257
f 2489 2257 2505
f 2491 2489 2505
f 2491 2505 2507
f 2243 2491 2507
f 2243 2507 2259
f 2241 2243 2259
f 2241 2259 2257
f 2263 2511 2509
f 2263 2509 2261
f 2493 2245 2261
f 2493 2261 2509
f 2495 2493 2509
f 2495 2509 2511
f 2247 2495 2511
f 2247 2511 2263
f 2245 2247 2263
f 2245 2263 2261
f 2479 2511 2505
f 2479 2505 2473
f 2489 2439 2473
f 2489 2473 2505
f 2495 2489 2505
f 2495 2505 2511
f 2445 2495 2511
f 2445 2511 2479
f 2439 2445 2479
f 2439 2479 2473
f 2283 2477 2475
f 2283 2475 2281
f 2441 2273 2281
f 2441 2281 2475
f 2443 2441 2475
f 2443 2475 2477
f 2275 2443 2477
f 2275 2477 2283
f 2273 2275 2283
f 2273 2283 2281
f 2119 2359 2357
f 2119 2357 2117
f 2333 2141 2117
f 2333 2117 2357
f 2335 2333 2357
f 2335 2357 2359
f 2143 2335 2359
f 2143 2359 2119
f 2141 2143 2119
f 2141 2119 2117
f 2123 2363 2361
f 2123 2361 2121
f 2337 2145 2121
f 2337 2121 2361
f 2339 2337 2361
f 2339 2361 2363
f 2147 2339 2363
f 2147 2363 2123
f 2145 2147 2123
f 2145 2123 2121
f 2123 2168 2163
f 2123 2163 2117
f 2181 2141 2117
f 2181 2117 2163
f 2186 2181 2163
f 2186 2163 2168
f 2147 2186 2168
f 2147 2168 2123
f 2141 2147 2123
f 2141 2123 2117
f 2166 2316 2314
f 2166 2314 2164
f 2296 2182 2164
f 2296 2164 2314
f 2298 2296 2314
f 2298 2314 2316
f 2184 2298 2316
f 2184 2316 2166
f 2182 2184 2166
f 2182 2166 2164
f 2267 2515 2513
f 2267 2513 2265
f 2497 2249 2265
f 2497 2265 2513
f 2499 2497 2513
f 2499 2513 2515
f 2251 2499 2515
f 2251 2515 2267
f 2249 2251 2267
f 2249 2267 2265
f 2271 2519 2517
f 2271 2517 2269
f 2501 2253 2269
f 2501 2269 2517
f 2503 2501 2517
f 2503 2517 2519
f 2255 2503 2519
f 2255 2519 2271
f 2253 2255 2271
f 2253 2271 2269
f 2487 2519 2513
f 2487 2513 2481
f 2497 2447 2481
f 2497 2481 2513
f 2503 2497 2513
f 2503 2513 2519
f 2453 2503 2519
f 2453 2519 2487
f 2447 2453 2487
f 2447 2487 2481
f 2287 2485 2483
f 2287 2483 2285
f 2449 2277 2285
f 2449 2285 2483
f 2451 2449 2483
f 2451 2483 2485
f 2279 2451 2485
f 2279 2485 2287
f 2277 2279 2287
f 2277 2287 2285
f 2127 2367 2365
f 2127 2365 2125
f 2341 2149 2125
f 2341 2125 2365
f 2343 2341 2365
f 2343 2365 2367
f 2151 2343 2367
f 2151 2367 2127
f 2149 2151 2127
f 2149 2127 2125
f 2131 2371 2369
f 2131 2369 2129
f 2345 2153 2129
f 2345 2129 2369
f 2347 2345 2369
f 2347 2369 2371
f 2155 2347 2371
f 2155 2371 2131
f 2153 2155 2131
f 2153 2131 2129
f 2131 2174 2169
f 2131 2169 2125
f 2187 2149 2125
f 2187 2125 2169
f 2192 2187 2169
f 2192 2169 2174
f 2155 2192 2174
f 2155 2174 2131
f 2149 2155 2131
f 2149 2131 2125
f 2172 2322 2320
f 2172 2320 2170
f 2302 2188 2170
f 2302 2170 2320
f 2304 2302 2320
f 2304 2320 2322
f 2190 2304 2322
f 2190 2322 2172
f 2188 2190 2172
f 2188 2172 2170
f 2399 2647 2645
f 2399 2645 2397
f 2621 2373 2397
f 2621 2397 2645
f 2623 2621 2645
f 2623 2645 2647
f 2375 2623 2647
f 2375 2647 2399
f 2373 2375 2399
f 2373 2399 2397
f 2403 2651 2649
f 2403 2649 2401
f 2625 2377 2401
f 2625 2401 2649
f 2627 2625 2649
f 2627 2649 2651
f 2379 2627 2651
f 2379 2651 2403
f 2377 2379 2403
f 2377 2403 2401
f 2608 2651 2645
f 2608 2645 2603
f 2621 2569 2603
f 2621 2603 2645
f 2627 2621 2645
f 2627 2645 2651
f 2574 2627 2651
f 2574 2651 2608
f 2569 2574 2608
f 2569 2608 2603
f 2458 2606 2604
f 2458 2604 2456
f 2570 2422 2456
f 2570 2456 2604
f 2572 2570 2604
f 2572 2604 2606
f 2424 2572 2606
f 2424 2606 2458
f 2422 2424 2458
f 2422 2458 2456
f 2539 2787 2785
f 2539 2785 2537
f 2769 2521 2537
f 2769 2537 2785
f 2771 2769 2785
f 2771 2785 2787
f 2523 2771 2787
f 2523 2787 2539
f 2521 2523 2539
f 2521 2539 2537
f 2543 2791 2789
f 2543 2789 2541
f 2773 2525 2541
f 2773 2541 2789
f 2775 2773 2789
f 2775 2789 2791
f 2527 2775 2791
f 2527 2791 2543
f 2525 2527 2543
f 2525 2543 2541
f 2543 2593 2587
f 2543 2587 2537
f 2553 2521 2537
f 2553 2537 2587
f 2559 2553 2587
f 2559 2587 2593
f 2527 2559 2593
f 2527 2593 2543
f 2521 2527 2543
f 2521 2543 2537
f 2591 2763 2761
f 2591 2761 2589
f 2735 2555 2589
f 2735 2589 2761
f 2737 2735 2761
f 2737 2761 2763
f 2557 2737 2763
f 2557 2763 2591
f 2555 2557 2591
f 2555 2591 2589
f 2407 2655 2653
f 2407 2653 2405
f 2629 2381 2405
f 2629 2405 2653
f 2631 2629 2653
f 2631 2653 2655
f 2383 2631 2655
f 2383 2655 2407
f 2381 2383 2407
f 2381 2407 2405
f 2411 2659 2657
f 2411 2657 2409
f 2633 2385 2409
f 2633 2409 2657
f 2635 2633 2657
f 2635 2657 2659
f 2387 2635 2659
f 2387 2659 2411
f 2385 2387 2411
f 2385 2411 2409
f 2614 2659 2653
f 2614 2653 2609
f 2629 2575 2609
f 2629 2609 2653
f 2635 2629 2653
f 2635 2653 2659
f 2580 2635 2659
f 2580 2659 2614
f 2575 2580 2614
f 2575 2614 2609
f 2464 2612 2610
f 2464 2610 2462
f 2576 2428 2462
f 2576 2462 2610
f 2578 2576 2610
f 2578 2610 2612
f 2430 2578 2612
f 2430 2612 2464
f 2428 2430 2464
f 2428 2464 2462
f 2547 2795 2793
f 2547 2793 2545
f 2777 2529 2545
f 2777 2545 2793
f 2779 2777 2793
f 2779 2793 2795
f 2531 2779 2795
f 2531 2795 2547
f 2529 2531 2547
f 2529 2547 2545
f 2551 2799 2797
f 2551 2797 2549
f 2781 2533 2549
f 2781 2549 2797
f 2783 2781 2797
f 2783 2797 2799
f 2535 2783 2799
f 2535 2799 2551
f 2533 2535 2551
f 2533 2551 2549
f 2551 2601 2595
f 2551 2595 2545
f 2561 2529 2545
f 2561 2545 2595
f 2567 2561 2595
f 2567 2595 2601
f 2535 2567 2601
f 2535 2601 2551
f 2529 2535 2551
f 2529 2551 2545
f 2599 2767 2765
f 2599 2765 2597
f 2739 2563 2597
f 2739 2597 2765
f 2741 2739 2765
f 2741 2765 2767
f 2565 2741 2767
f 2565 2767 2599
f 2563 2565 2599
f 2563 2599 2597
f 2415 2663 2661
f 2415 2661 2413
f 2637 2389 2413
f 2637 2413 2661
f 2639 2637 2661
f 2639 2661 2663
f 2391 2639 2663
f 2391 2663 2415
f 2389 2391 2415
f 2389 2415 2413
f 2419 2667 2665
f 2419 2665 2417
f 2641 2393 2417
f 2641 2417 2665
f 2643 2641 2665
f 2643 2665 2667
f 2395 2643 2667
f 2395 2667 2419
f 2393 2395 2419
f 2393 2419 2417
f 2620 2667 2661
f 2620 2661 2615
f 2637 2581 2615
f 2637 2615 2661
f 2643 2637 2661
f 2643 2661 2667
f 2586 2643 2667
f 2586 2667 2620
f 2581 2586 2620
f 2581 2620 2615
f 2470 2618 2616
f 2470 2616 2468
f 2582 2434 2468
f 2582 2468 2616
f 2584 2582 2616
f 2584 2616 2618
f 2436 2584 2618
f 2436 2618 2470
f 2434 2436 2470
f 2434 2470 2468
f 2695 2911 2909
f 2695 2909 2693
f 2885 2669 2693
f 2885 2693 2909
f 2887 2885 2909
f 2887 2909 2911
f 2671 2887 2911
f 2671 2911 2695
f 2669 2671 2695
f 2669 2695 2693
f 2699 2915 2913
f 2699 2913 2697
f 2889 2673 2697
f 2889 2697 2913
f 2891 2889 2913
f 2891 2913 2915
f 2675 2891 2915
f 2675 2915 2699
f 2673 2675 2699
f 2673 2699 2697
f 2699 2748 2743
f 2699 2743 2693
f 2717 2669 2693
f 2717 2693 2743
f 2722 2717 2743
f 2722 2743 2748
f 2675 2722 2748
f 2675 2748 2699
f 2669 2675 2699
f 2669 2699 2693
f 2746 2870 2868
f 2746 2868 2744
f 2842 2718 2744
f 2842 2744 2868
f 2844 2842 2868
f 2844 2868 2870
f 2720 2844 2870
f 2720 2870 2746
f 2718 2720 2746
f 2718 2746 2744
f 2819 3067 3065
f 2819 3065 2817
f 3049 2801 2817
f 3049 2817 3065
f 3051 3049 3065
f 3051 3065 3067
f 2803 3051 3067
f 2803 3067 2819
f 2801 2803 2819
f 2801 2819 2817
f 2823 3071 3069
f 2823 3069 2821
f 3053 2805 2821
f 3053 2821 3069
f 3055 3053 3069
f 3055 3069 3071
f 2807 3055 3071
f 2807 3071 2823
f 2805 2807 2823
f 2805 2823 2821
f 3039 3071 3065
f 3039 3065 3033
f 3049 2999 3033
f 3049 3033 3065
f 3055 3049 3065
f 3055 3065 3071
f 3005 3055 3071
f 3005 3071 3039
f 2999 3005 3039
f 2999 3039 3033
f 2861 3037 3035
f 2861 3035 2859
f 3001 2833 2859
f 3001 2859 3035
f 3003 3001 3035
f 3003 3035 3037
f 2835 3003 3037
f 2835 3037 2861
f 2833 2835 2861
f 2833 2861 2859
f 2703 2919 2917
f 2703 2917 2701
f 2893 2677 2701
f 2893 2701 2917
f 2895 2893 2917
f 2895 2917 2919
f 2679 2895 2919
f 2679 2919 2703
f 2677 2679 2703
f 2677 2703 2701
f 2707 2923 2921
f 2707 2921 2705
f 2897 2681 2705
f 2897 2705 2921
f 2899 2897 2921
f 2899 2921 2923
f 2683 2899 2923
f 2683 2923 2707
f 2681 2683 2707
f 2681 2707 2705
f 2707 2754 2749
f 2707 2749 2701
f 2723 2677 2701
f 2723 2701 2749
f 2728 2723 2749
f 2728 2749 2754
f 2683 2728 2754
f 2683 2754 2707
f 2677 2683 2707
f 2677 2707 2701
f 2752 2876 2874
f 2752 2874 2750
f 2848 2724 2750
f 2848 2750 2874
f 2850 2848 2874
f 2850 2874 2876
f 2726 2850 2876
f 2726 2876 2752
f 2724 2726 2752
f 2724 2752 2750
f 2827 3075 3073
f 2827 3073 2825
f 3057 2809 2825
f 3057 2825 3073
f 3059 3057 3073
f 3059 3073 3075
f 2811 3059 3075
f 2811 3075 2827
f 2809 2811 2827
f 2809 2827 2825
f 2831 3079 3077
f 2831 3077 2829
f 3061 2813 2829
f 3061 2829 3077
f 3063 3061 3077
f 3063 3077 3079
f 2815 3063 3079
f 2815 3079 2831
f 2813 2815 2831
f 2813 2831 2829
f 3047 3079 3073
f 3047 3073 3041
f 3057 3007 3041
f 3057 3041 3073
f 3063 3057 3073
f 3063 3073 3079
f 3013 3063 3079
f 3013 3079 3047
f 3007 3013 3047
f 3007 3047 3041
f 2865 3045 3043
f 2865 3043 2863
f 3009 2837 2863
f 3009 2863 3043
f 3011 3009 3043
f 3011 3043 3045
f 2839 3011 3045
f 2839 3045 2865
f 2837 2839 2865
f 2837 2865 2863
f 2711 2927 2925
f 2711 2925 2709
f 2901 2685 2709
f 2901 2709 2925
f 2903 2901 2925
f 2903 2925 2927
f 2687 2903 2927
f 2687 2927 2711
f 2685 2687 2711
f 2685 2711 2709
f 2715 2931 2929
f 2715 2929 2713
f 2905 2689 2713
f 2905 2713 2929
f 2907 2905 2929
f 2907 2929 2931
f 2691 2907 2931
f 2691 2931 2715
f 2689 2691 2715
f 2689 2715 2713
f 2715 2760 2755
f 2715 2755 2709
f 2729 2685 2709
f 2729 2709 2755
f 2734 2729 2755
f 2734 2755 2760
f 2691 2734 2760
f 2691 2760 2715
f 2685 2691 2715
f 2685 2715 2709
f 2758 2882 2880
f 2758 2880 2756
f 2854 2730 2756
f 2854 2756 2880
f 2856 2854 2880
f 2856 2880 2882
f 2732 2856 2882
f 2732 2882 2758
f 2730 2732 2758
f 2730 2758 2756
f 2959 3207 3205
f 2959 3205 2957
f 3147 2933 2957
f 3147 2957 3205
f 3149 3147 3205
f 3149 3205 3207
f 2935 3149 3207
f 2935 3207 2959
f 2933 2935 2959
f 2933 2959 2957
f 2963 3211 3209
f 2963 3209 2961
f 3151 2937 2961
f 3151 2961 3209
f 3153 3151 3209
f 3153 3209 3211
f 2939 3153 3211
f 2939 3211 2963
f 2937 2939 2963
f 2937 2963 2961
f 3192 3211 3205
f 3192 3205 3187
f 3147 3113 3187
f 3147 3187 3205
f 3153 3147 3205
f 3153 3205 3211
f 3118 3153 3211
f 3118 3211 3192
f 3113 3118 3192
f 3113 3192 3187
f 3018 3190 3188
f 3018 3188 3016
f 3114 2982 3016
f 3114 3016 3188
f 3116 3114 3188
f 3116 3188 3190
f 2984 3116 3190
f 2984 3190 3018
f 2982 2984 3018
f 2982 3018 3016
f 3133 3347 3345
f 3133 3345 3131
f 3303 3081 3131
f 3303 3131 3345
f 3305 3303 3345
f 3305 3345 3347
f 3083 3305 3347
f 3083 3347 3133
f 3081 3083 3133
f 3081 3133 3131
f 3137 3351 3349
f 3137 3349 3135
f 3307 3085 3135
f 3307 3135 3349
f 3309 3307 3349
f 3309 3349 3351
f 3087 3309 3351
f 3087 3351 3137
f 3085 3087 3137
f 3085 3137 3135
f 3137 3177 3171
f 3137 3171 3131
f 3097 3081 3131
f 3097 3131 3171
f 3103 3097 3171
f 3103 3171 3177
f 3087 3103 3177
f 3087 3177 3137
f 3081 3087 3137
f 3081 3137 3131
f 3175 3339 3337
f 3175 3337 3173
f 3271 3099 3173
f 3271 3173 3337
f 3273 3271 3337
f 3273 3337 3339
f 3101 3273 3339
f 3101 3339 3175
f 3099 3101 3175
f 3099 3175 3173
f 2967 3215 3213
f 2967 3213 2965
f 3155 2941 2965
f 3155 2965 3213
f 3157 3155 3213
f 3157 3213 3215
f 2943 3157 3215
f 2943 3215 2967
f 2941 2943 2967
f 2941 2967 2965
f 2971 3219 3217
f 2971 3217 2969
f 3159 2945 2969
f 3159 2969 3217
f 3161 3159 3217
f 3161 3217 3219
f 2947 3161 3219
f 2947 3219 2971
f 2945 2947 2971
f 2945 2971 2969
f 3198 3219 3213
f 3198 3213 3193
f 3155 3119 3193
f 3155 3193 3213
f 3161 3155 3213
f 3161 3213 3219
f 3124 3161 3219
f 3124 3219 3198
f 3119 3124 3198
f 3119 3198 3193
f 3024 3196 3194
f 3024 3194 3022
f 3120 2988 3022
f 3120 3022 3194
f 3122 3120 3194
f 3122 3194 3196
f 2990 3122 3196
f 2990 3196 3024
f 2988 2990 3024
f 2988 3024 3022
f 3141 3355 3353
f 3141 3353 3139
f 3311 3089 3139
f 3311 3139 3353
f 3313 3311 3353
f 3313 3353 3355
f 3091 3313 3355
f 3091 3355 3141
f 3089 3091 3141
f 3089 3141 3139
f 3145 3359 3357
f 3145 3357 3143
f 3315 3093 3143
f 3315 3143 3357
f 3317 3315 3357
f 3317 3357 3359
f 3095 3317 3359
f 3095 3359 3145
f 3093 3095 3145
f 3093 3145 3143
f 3145 3185 3179
f 3145 3179 3139
f 3105 3089 3139
f 3105 3139 3179
f 3111 3105 3179
f 3111 3179 3185
f 3095 3111 3185
f 3095 3185 3145
f 3089 3095 3145
f 3089 3145 3139
f 3183 3343 3341
f 3183 3341 3181
f 3275 3107 3181
f 3275 3181 3341
f 3277 3275 3341
f 3277 3341 3343
f 3109 3277 3343
f 3109 3343 3183
f 3107 3109 3183
f 3107 3183 3181
f 2975 3223 3221
f 2975 3221 2973
f 3163 2949 2973
f 3163 2973 3221
f 3165 3163 3221
f 3165 3221 3223
f 2951 3165 3223
f 2951 3223 2975
f 2949 2951 2975
f 2949 2975 2973
f 2979 3227 3225
f 2979 3225 2977
f 3167 2953 2977
f 3167 2977 3225
f 3169 3167 3225
f 3169 3225 3227
f 2955 3169 3227
f 2955 3227 2979
f 2953 2955 2979
f 2953 2979 2977
f 3204 3227 3221
f 3204 3221 3199
f 3163 3125 3199
f 3163 3199 3221
f 3169 3163 3221
f 3169 3221 3227
f 3130 3169 3227
f 3130 3227 3204
f 3125 3130 3204
f 3125 3204 3199
f 3030 3202 3200
f 3030 3200 3028
f 3126 2994 3028
f 3126 3028 3200
f 3128 3126 3200
f 3128 3200 3202
f 2996 3128 3202
f 2996 3202 3030
f 2994 2996 3030
f 2994 3030 3028
f 3281 3495 3493
f 3281 3493 3279
f 3419 3229 3279
f 3419 3279 3493
f 3421 3419 3493
f 3421 3493 3495
f 3231 3421 3495
f 3231 3495 3281
f 3229 3231 3281
f 3229 3281 3279
f 3285 3499 3497
f 3285 3497 3283
f 3423 3233 3283
f 3423 3283 3497
f 3425 3423 3497
f 3425 3497 3499
f 3235 3425 3499
f 3235 3499 3285
f 3233 3235 3285
f 3233 3285 3283
f 3285 3324 3319
f 3285 3319 3279
f 3253 3229 3279
f 3253 3279 3319
f 3258 3253 3319
f 3258 3319 3324
f 3235 3258 3324
f 3235 3324 3285
f 3229 3235 3285
f 3229 3285 3279
f 3322 3454 3452
f 3322 3452 3320
f 3386 3254 3320
f 3386 3320 3452
f 3388 3386 3452
f 3388 3452 3454
f 3256 3388 3454
f 3256 3454 3322
f 3254 3256 3322
f 3254 3322 3320
f 3405 3643 3641
f 3405 3641 3403
f 3551 3361 3403
f 3551 3403 3641
f 3553 3551 3641
f 3553 3641 3643
f 3363 3553 3643
f 3363 3643 3405
f 3361 3363 3405
f 3361 3405 3403
f 3409 3647 3645
f 3409 3645 3407
f 3555 3365 3407
f 3555 3407 3645
f 3557 3555 3645
f 3557 3645 3647
f 3367 3557 3647
f 3367 3647 3409
f 3365 3367 3409
f 3365 3409 3407
f 3615 3647 3641
f 3615 3641 3609
f 3551 3535 3609
f 3551 3609 3641
f 3557 3551 3641
f 3557 3641 3647
f 3541 3557 3647
f 3541 3647 3615
f 3535 3541 3615
f 3535 3615 3609
f 3445 3613 3611
f 3445 3611 3443
f 3537 3377 3443
f 3537 3443 3611
f 3539 3537 3611
f 3539 3611 3613
f 3379 3539 3613
f 3379 3613 3445
f 3377 3379 3445
f 3377 3445 3443
f 3289 3503 3501
f 3289 3501 3287
f 3427 3237 3287
f 3427 3287 3501
f 3429 3427 3501
f 3429 3501 3503
f 3239 3429 3503
f 3239 3503 3289
f 3237 3239 3289
f 3237 3289 3287
f 3293 3507 3505
f 3293 3505 3291
f 3431 3241 3291
f 3431 3291 3505
f 3433 3431 3505
f 3433 3505 3507
f 3243 3433 3507
f 3243 3507 3293
f 3241 3243 3293
f 3241 3293 3291
f 3293 3330 3325
f 3293 3325 3287
f 3259 3237 3287
f 3259 3287 3325
f 3264 3259 3325
f 3264 3325 3330
f 3243 3264 3330
f 3243 3330 3293
f 3237 3243 3293
f 3237 3293 3287
f 3328 3460 3458
f 3328 3458 3326
f 3392 3260 3326
f 3392 3326 3458
f 3394 3392 3458
f 3394 3458 3460
f 3262 3394 3460
f 3262 3460 3328
f 3260 3262 3328
f 3260 3328 3326
f 3413 3651 3649
f 3413 3649 3411
f 3559 3369 3411
f 3559 3411 3649
f 3561 3559 3649
f 3561 3649 3651
f 3371 3561 3651
f 3371 3651 3413
f 3369 3371 3413
f 3369 3413 3411
f 3417 3655 3653
f 3417 3653 3415
f 3563 3373 3415
f 3563 3415 3653
f 3565 3563 3653
f 3565 3653 3655
f 3375 3565 3655
f 3375 3655 3417
f 3373 3375 3417
f 3373 3417 3415
f 3623 3655 3649
f 3623 3649 3617
f 3559 3543 3617
f 3559 3617 3649
f 3565 3559 3649
f 3565 3649 3655
f 3549 3565 3655
f 3549 3655 3623
f 3543 3549 3623
f 3543 3623 3617
f 3449 3621 3619
f 3449 3619 3447
f 3545 3381 3447
f 3545 3447 3619
f 3547 3545 3619
f 3547 3619 3621
f 3383 3547 3621
f 3383 3621 3449
f 3381 3383 3449
f 3381 3449 3447
f 3297 3511 3509
f 3297 3509 3295
f 3435 3245 3295
f 3435 3295 3509
f 3437 3435 3509
f 3437 3509 3511
f 3247 3437 3511
f 3247 3511 3297
f 3245 3247 3297
f 3245 3297 3295
f 3301 3515 3513
f 3301 3513 3299
f 3439 3249 3299
f 3439 3299 3513
f 3441 3439 3513
f 3441 3513 3515
f 3251 3441 3515
f 3251 3515 3301
f 3249 3251 3301
f 3249 3301 3299
f 3301 3336 3331
f 3301 3331 3295
f 3265 3245 3295
f 3265 3295 3331
f 3270 3265 3331
f 3270 3331 3336
f 3251 3270 3336
f 3251 3336 3301
f 3245 3251 3301
f 3245 3301 3295
f 3334 3466 3464
f 3334 3464 3332
f 3398 3266 3332
f 3398 3332 3464
f 3400 3398 3464
f 3400 3464 3466
f 3268 3400 3466
f 3268 3466 3334
f 3266 3268 3334
f 3266 3334 3332
f 3569 3817 3815
f 3569 3815 3567
f 3691 3469 3567
f 3691 3567 3815
f 3693 3691 3815
f 3693 3815 3817
f 3471 3693 3817
f 3471 3817 3569
f 3469 3471 3569
f 3469 3569 3567
f 3573 3821 3819
f 3573 3819 3571
f 3695 3473 3571
f 3695 3571 3819
f 3697 3695 3819
f 3697 3819 3821
f 3475 3697 3821
f 3475 3821 3573
f 3473 3475 3573
f 3473 3573 3571
f 3776 3821 3815
f 3776 3815 3771
f 3691 3673 3771
f 3691 3771 3815
f 3697 3691 3815
f 3697 3815 3821
f 3678 3697 3821
f 3678 3821 3776
f 3673 3678 3776
f 3673 3776 3771
f 3594 3774 3772
f 3594 3772 3592
f 3674 3518 3592
f 3674 3592 3772
f 3676 3674 3772
f 3676 3772 3774
f 3520 3676 3774
f 3520 3774 3594
f 3518 3520 3594
f 3518 3594 3592
f 3717 3973 3971
f 3717 3971 3715
f 3839 3625 3715
f 3839 3715 3971
f 3841 3839 3971
f 3841 3971 3973
f 3627 3841 3973
f 3627 3973 3717
f 3625 3627 3717
f 3625 3717 3715
f 3721 3977 3975
f 3721 3975 3719
f 3843 3629 3719
f 3843 3719 3975
f 3845 3843 3975
f 3845 3975 3977
f 3631 3845 3977
f 3631 3977 3721
f 3629 3631 3721
f 3629 3721 3719
f 3721 3761 3755
f 3721 3755 3715
f 3657 3625 3715
f 3657 3715 3755
f 3663 3657 3755
f 3663 3755 3761
f 3631 3663 3761
f 3631 3761 3721
f 3625 3631 3721
f 3625 3721 3715
f 3759 3941 3939
f 3759 3939 3757
f 3807 3659 3757
f 3807 3757 3939
f 3809 3807 3939
f 3809 3939 3941
f 3661 3809 3941
f 3661 3941 3759
f 3659 3661 3759
f 3659 3759 3757
f 3577 3825 3823
f 3577 3823 3575
f 3699 3477 3575
f 3699 3575 3823
f 3701 3699 3823
f 3701 3823 3825
f 3479 3701 3825
f 3479 3825 3577
f 3477 3479 3577
f 3477 3577 3575
f 3581 3829 3827
f 3581 3827 3579
f 3703 3481 3579
f 3703 3579 3827
f 3705 3703 3827
f 3705 3827 3829
f 3483 3705 3829
f 3483 3829 3581
f 3481 3483 3581
f 3481 3581 3579
f 3782 3829 3823
f 3782 3823 3777
f 3699 3679 3777
f 3699 3777 3823
f 3705 3699 3823
f 3705 3823 3829
f 3684 3705 3829
f 3684 3829 3782
f 3679 3684 3782
f 3679 3782 3777
f 3600 3780 3778
f 3600 3778 3598
f 3680 3524 3598
f 3680 3598 3778
f 3682 3680 3778
f 3682 3778 3780
f 3526 3682 3780
f 3526 3780 3600
f 3524 3526 3600
f 3524 3600 3598
f 3725 3981 3979
f 3725 3979 3723
f 3847 3633 3723
f 3847 3723 3979
f 3849 3847 3979
f 3849 3979 3981
f 3635 3849 3981
f 3635 3981 3725
f 3633 3635 3725
f 3633 3725 3723
f 3729 3985 3983
f 3729 3983 3727
f 3851 3637 3727
f 3851 3727 3983
f 3853 3851 3983
f 3853 3983 3985
f 3639 3853 3985
f 3639 3985 3729
f 3637 3639 3729
f 3637 3729 3727
f 3729 3769 3763
f 3729 3763 3723
f 3665 3633 3723
f 3665 3723 3763
f 3671 3665 3763
f 3671 3763 3769
f 3639 3671 3769
f 3639 3769 3729
f 3633 3639 3729
f 3633 3729 3723
f 3767 3945 3943
f 3767 3943 3765
f 3811 3667 3765
f 3811 3765 3943
f 3813 3811 3943
f 3813 3943 3945
f 3669 3813 3945
f 3669 3945 3767
f 3667 3669 3767
f 3667 3767 3765
f 3585 3833 3831
f 3585 3831 3583
f 3707 3485 3583
f 3707 3583 3831
f 3709 3707 3831
f 3709 3831 3833
f 3487 3709 3833
f 3487 3833 3585
f 3485 3487 3585
f 3485 3585 3583
f 3589 3837 3835
f 3589 3835 3587
f 3711 3489 3587
f 3711 3587 3835
f 3713 3711 3835
f 3713 3835 3837
f 3491 3713 3837
f 3491 3837 3589
f 3489 3491 3589
f 3489 3589 3587
f 3788 3837 3831
f 3788 3831 3783
f 3707 3685 3783
f 3707 3783 3831
f 3713 3707 3831
f 3713 3831 3837
f 3690 3713 3837
f 3690 3837 3788
f 3685 3690 3788
f 3685 3788 3783
f 3606 3786 3784
f 3606 3784 3604
f 3686 3530 3604
f 3686 3604 3784
f 3688 3686 3784
f 3688 3784 3786
f 3532 3688 3786
f 3532 3786 3606
f 3530 3532 3606
f 3530 3606 3604
f 3857 4155 4153
f 3857 4153 3855
f 3947 3731 3855
f 3947 3855 4153
f 3949 3947 4153
f 3949 4153 4155
f 3733 3949 4155
f 3733 4155 3857
f 3731 3733 3857
f 3731 3857 3855
f 3861 4159 4157
f 3861 4157 3859
f 3951 3735 3859
f 3951 3859 4157
f 3953 3951 4157
f 3953 4157 4159
f 3737 3953 4159
f 3737 4159 3861
f 3735 3737 3861
f 3735 3861 3859
f 3861 3908 3903
f 3861 3903 3855
f 3789 3731 3855
f 3789 3855 3903
f 3794 3789 3903
f 3794 3903 3908
f 3737 3794 3908
f 3737 3908 3861
f 3731 3737 3861
f 3731 3861 3855
f 3906 4088 4086
f 3906 4086 3904
f 3922 3790 3904
f 3922 3904 4086
f 3924 3922 4086
f 3924 4086 4088
f 3792 3924 4088
f 3792 4088 3906
f 3790 3792 3906
f 3790 3906 3904
f 4047 4327 4325
f 4047 4325 4045
f 4061 3879 4045
f 4061 4045 4325
f 4063 4061 4325
f 4063 4325 4327
f 3881 4063 4327
f 3881 4327 4047
f 3879 3881 4047
f 3879 4047 4045
f 4051 4331 4329
f 4051 4329 4049
f 4065 3883 4049
f 4065 4049 4329
f 4067 4065 4329
f 4067 4329 4331
f 3885 4067 4331
f 3885 4331 4051
f 3883 3885 4051
f 3883 4051 4049
f 4315 4331 4325
f 4315 4325 4309
f 4061 4029 4309
f 4061 4309 4325
f 4067 4061 4325
f 4067 4325 4331
f 4035 4067 4331
f 4035 4331 4315
f 4029 4035 4315
f 4029 4315 4309
f 4079 4313 4311
f 4079 4311 4077
f 4031 3895 4077
f 4031 4077 4311
f 4033 4031 4311
f 4033 4311 4313
f 3897 4033 4313
f 3897 4313 4079
f 3895 3897 4079
f 3895 4079 4077
f 3865 4163 4161
f 3865 4161 3863
f 3955 3739 3863
f 3955 3863 4161
f 3957 3955 4161
f 3957 4161 4163
f 3741 3957 4163
f 3741 4163 3865
f 3739 3741 3865
f 3739 3865 3863
f 3869 4167 4165
f 3869 4165 3867
f 3959 3743 3867
f 3959 3867 4165
f 3961 3959 4165
f 3961 4165 4167
f 3745 3961 4167
f 3745 4167 3869
f 3743 3745 3869
f 3743 3869 3867
f 3869 3914 3909
f 3869 3909 3863
f 3795 3739 3863
f 3795 3863 3909
f 3800 3795 3909
f 3800 3909 3914
f 3745 3800 3914
f 3745 3914 3869
f 3739 3745 3869
f 3739 3869 3863
f 3912 4094 4092
f 3912 4092 3910
f 3928 3796 3910
f 3928 3910 4092
f 3930 3928 4092
f 3930 4092 4094
f 3798 3930 4094
f 3798 4094 3912
f 3796 3798 3912
f 3796 3912 3910
f 4055 4335 4333
f 4055 4333 4053
f 4069 3887 4053
f 4069 4053 4333
f 4071 4069 4333
f 4071 4333 4335
f 3889 4071 4335
f 3889 4335 4055
f 3887 3889 4055
f 3887 4055 4053
f 4059 4339 4337
f 4059 4337 4057
f 4073 3891 4057
f 4073 4057 4337
f 4075 4073 4337
f 4075 4337 4339
f 3893 4075 4339
f 3893 4339 4059
f 3891 3893 4059
f 3891 4059 4057
f 4323 4339 4333
f 4323 4333 4317
f 4069 4037 4317
f 4069 4317 4333
f 4075 4069 4333
f 4075 4333 4339
f 4043 4075 4339
f 4043 4339 4323
f 4037 4043 4323
f 4037 4323 4317
f 4083 4321 4319
f 4083 4319 4081
f 4039 3899 4081
f 4039 4081 4319
f 4041 4039 4319
f 4041 4319 4321
f 3901 4041 4321
f 3901 4321 4083
f 3899 3901 4083
f 3899 4083 4081
f 3873 4171 4169
f 3873 4169 3871
f 3963 3747 3871
f 3963 3871 4169
f 3965 3963 4169
f 3965 4169 4171
f 3749 3965 4171
f 3749 4171 3873
f 3747 3749 3873
f 3747 3873 3871
f 3877 4175 4173
f 3877 4173 3875
f 3967 3751 3875
f 3967 3875 4173
f 3969 3967 4173
f 3969 4173 4175
f 3753 3969 4175
f 3753 4175 3877
f 3751 3753 3877
f 3751 3877 3875
f 3877 3920 3915
f 3877 3915 3871
f 3801 3747 3871
f 3801 3871 3915
f 3806 3801 3915
f 3806 3915 3920
f 3753 3806 3920
f 3753 3920 3877
f 3747 3753 3877
f 3747 3877 3871
f 3918 4100 4098
f 3918 4098 3916
f 3934 3802 3916
f 3934 3916 4098
f 3936 3934 4098
f 3936 4098 4100
f 3804 3936 4100
f 3804 4100 3918
f 3802 3804 3918
f 3802 3918 3916
f 4269 4393 4391
f 4269 4391 4267
f 4177 3987 4267
f 4177 4267 4391
f 4179 4177 4391
f 4179 4391 4393
f 3989 4179 4393
f 3989 4393 4269
f 3987 3989 4269
f 3987 4269 4267
f 4273 4397 4395
f 4273 4395 4271
f 4181 3991 4271
f 4181 4271 4395
f 4183 4181 4395
f 4183 4395 4397
f 3993 4183 4397
f 3993 4397 4273
f 3991 3993 4273
f 3991 4273 4271
f 4378 4397 4391
f 4378 4391 4373
f 4177 4135 4373
f 4177 4373 4391
f 4183 4177 4391
f 4183 4391 4397
f 4140 4183 4397
f 4140 4397 4378
f 4135 4140 4378
f 4135 4378 4373
f 4294 4376 4374
f 4294 4374 4292
f 4136 4012 4292
f 4136 4292 4374
f 4138 4136 4374
f 4138 4374 4376
f 4014 4138 4376
f 4014 4376 4294
f 4012 4014 4294
f 4012 4294 4292
f 4343 4467 4465
f 4343 4465 4341
f 4251 4103 4341
f 4251 4341 4465
f 4253 4251 4465
f 4253 4465 4467
f 4105 4253 4467
f 4105 4467 4343
f 4103 4105 4343
f 4103 4343 4341
f 4347 4471 4469
f 4347 4469 4345
f 4255 4107 4345
f 4255 4345 4469
f 4257 4255 4469
f 4257 4469 4471
f 4109 4257 4471
f 4109 4471 4347
f 4107 4109 4347
f 4107 4347 4345
f 4347 4363 4357
f 4347 4357 4341
f 4119 4103 4341
f 4119 4341 4357
f 4125 4119 4357
f 4125 4357 4363
f 4109 4125 4363
f 4109 4363 4347
f 4103 4109 4347
f 4103 4347 4341
f 4361 4459 4457
f 4361 4457 4359
f 4243 4121 4359
f 4243 4359 4457
f 4245 4243 4457
f 4245 4457 4459
f 4123 4245 4459
f 4123 4459 4361
f 4121 4123 4361
f 4121 4361 4359
f 4277 4401 4399
f 4277 4399 4275
f 4185 3995 4275
f 4185 4275 4399
f 4187 4185 4399
f 4187 4399 4401
f 3997 4187 4401
f 3997 4401 4277
f 3995 3997 4277
f 3995 4277 4275
f 4281 4405 4403
f 4281 4403 4279
f 4189 3999 4279
f 4189 4279 4403
f 4191 4189 4403
f 4191 4403 4405
f 4001 4191 4405
f 4001 4405 4281
f 3999 4001 4281
f 3999 4281 4279
f 4384 4405 4399
f 4384 4399 4379
f 4185 4141 4379
f 4185 4379 4399
f 4191 4185 4399
f 4191 4399 4405
f 4146 4191 4405
f 4146 4405 4384
f 4141 4146 4384
f 4141 4384 4379
f 4300 4382 4380
f 4300 4380 4298
f 4142 4018 4298
f 4142 4298 4380
f 4144 4142 4380
f 4144 4380 4382
f 4020 4144 4382
f 4020 4382 4300
f 4018 4020 4300
f 4018 4300 4298
f 4351 4475 4473
f 4351 4473 4349
f 4259 4111 4349
f 4259 4349 4473
f 4261 4259 4473
f 4261 4473 4475
f 4113 4261 4475
f 4113 4475 4351
f 4111 4113 4351
f 4111 4351 4349
f 4355 4479 4477
f 4355 4477 4353
f 4263 4115 4353
f 4263 4353 4477
f 4265 4263 4477
f 4265 4477 4479
f 4117 4265 4479
f 4117 4479 4355
f 4115 4117 4355
f 4115 4355 4353
f 4355 4371 4365
f 4355 4365 4349
f 4127 4111 4349
f 4127 4349 4365
f 4133 4127 4365
f 4133 4365 4371
f 4117 4133 4371
f 4117 4371 4355
f 4111 4117 4355
f 4111 4355 4349
f 4369 4463 4461
f 4369 4461 4367
f 4247 4129 4367
f 4247 4367 4461
f 4249 4247 4461
f 4249 4461 4463
f 4131 4249 4463
f 4131 4463 4369
f 4129 4131 4369
f 4129 4369 4367
f 4285 4409 4407
f 4285 4407 4283
f 4193 4003 4283
f 4193 4283 4407
f 4195 4193 4407
f 4195 4407 4409
f 4005 4195 4409
f 4005 4409 4285
f 4003 4005 4285
f 4003 4285 4283
f 4289 4413 4411
f 4289 4411 4287
f 4197 4007 4287
f 4197 4287 4411
f 4199 4197 4411
f 4199 4411 4413
f 4009 4199 4413
f 4009 4413 4289
f 4007 4009 4289
f 4007 4289 4287
f 4390 4413 4407
f 4390 4407 4385
f 4193 4147 4385
f 4193 4385 4407
f 4199 4193 4407
f 4199 4407 4413
f 4152 4199 4413
f 4152 4413 4390
f 4147 4152 4390
f 4147 4390 4385
f 4306 4388 4386
f 4306 4386 4304
f 4148 4024 4304
f 4148 4304 4386
f 4150 4148 4386
f 4150 4386 4388
f 4026 4150 4388
f 4026 4388 4306
f 4024 4026 4306
f 4024 4306 4304
