# Generated from the ORV RViz COLLADA asset; units: metres
v -0.12388021 -0.050240883 -0.0056779661
v -0.12388021 0.050240885 -0.0056779669
v -0.12375076 -0.050240883 -0.0080733772
v -0.12375076 -0.050240883 -0.003282555
v -0.12375076 0.050240885 -0.008073378
v -0.12375076 0.050240885 -0.0032825557
v -0.12336429 -0.050240883 -0.010433858
v -0.12336429 -0.050240883 -0.0009220743
v -0.12336429 0.050240885 -0.010433859
v -0.12336429 0.050240885 -0.00092207505
v -0.1227642 -0.050240883 -0.0056779661
v -0.1227642 -0.027801177 -0.0056779661
v -0.1227642 0.027801179 -0.0056779668
v -0.1227642 0.050240885 -0.0056779668
v -0.12272644 -0.050240883 -0.012724987
v -0.12272644 -0.050240883 0.0013690547
v -0.12272644 0.050240885 -0.012724988
v -0.12272644 0.050240885 0.001369054
v -0.12264289 -0.050240883 -0.0079228085
v -0.12264289 -0.050240883 -0.0034331237
v -0.12264289 -0.027801177 -0.0079228085
v -0.12264289 -0.027801177 -0.0034331237
v -0.12264289 0.027801179 -0.0079228092
v -0.12264289 0.027801179 -0.0034331244
v -0.12264289 0.050240885 -0.0079228092
v -0.12264289 0.050240885 -0.0034331244
v -0.12228071 -0.050240883 -0.010134916
v -0.12228071 -0.050240883 -0.0012210161
v -0.12228071 -0.027801177 -0.010134916
v -0.12228071 -0.027801177 -0.0012210161
v -0.12228071 0.027801179 -0.010134917
v -0.12228071 0.027801179 -0.0012210167
v -0.12228071 0.050240885 -0.010134917
v -0.12228071 0.050240885 -0.0012210167
v -0.12184652 -0.050240883 -0.014913355
v -0.12184652 -0.050240883 0.0035574224
v -0.12184652 0.050240885 -0.014913355
v -0.12184652 0.050240885 0.0035574217
v -0.12168296 -0.050240883 -0.012282031
v -0.12168296 -0.050240883 0.00092609915
v -0.12168296 -0.027801177 -0.012282031
v -0.12168296 -0.027801177 0.00092609915
v -0.12168296 0.027801179 -0.012282032
v -0.12168296 0.027801179 0.00092609853
v -0.12168296 0.050240885 -0.012282032
v -0.12168296 0.050240885 0.00092609853
v -0.12085835 -0.050240883 -0.014332844
v -0.12085835 -0.050240883 0.0029769122
v -0.12085835 -0.027801177 -0.014332844
v -0.12085835 -0.027801177 0.0029769122
v -0.12085835 0.027801179 -0.014332845
v -0.12085835 0.027801179 0.0029769117
v -0.12085835 0.050240885 -0.014332845
v -0.12085835 0.050240885 0.0029769117
v -0.12073735 -0.050240883 -0.016967049
v -0.12073735 -0.050240883 0.0056111172
v -0.12073735 0.050240885 -0.01696705
v -0.12073735 0.050240885 0.0056111167
v -0.12032928 -0.027801177 -0.0060216074
v -0.12032928 -0.017069144 -0.0060216074
v -0.12032928 0.017069145 -0.0060216079
v -0.12032928 0.027801179 -0.0060216079
v -0.12022572 -0.027801177 -0.0079379363
v -0.12022572 -0.027801177 -0.0041052785
v -0.12022572 -0.017069144 -0.0079379363
v -0.12022572 -0.017069144 -0.0041052785
v -0.12022572 0.017069145 -0.0079379368
v -0.12022572 0.017069145 -0.004105279
v -0.12022572 0.027801179 -0.0079379368
v -0.12022572 0.027801179 -0.004105279
v -0.11991655 0.017069145 -0.0022168944
v -0.11991655 0.027801179 -0.0022168944
v -0.11991654 -0.027801177 -0.0098263208
v -0.11991654 -0.027801177 -0.0022168939
v -0.11991654 -0.017069144 -0.0098263208
v -0.11991654 -0.017069144 -0.0022168939
v -0.11991654 0.017069145 -0.0098263213
v -0.11991654 0.027801179 -0.0098263213
v -0.11981889 -0.050240883 -0.01625745
v -0.11981889 -0.050240883 0.0049015177
v -0.11981889 -0.027801177 -0.01625745
v -0.11981889 -0.027801177 0.0049015177
v -0.11981889 0.027801179 -0.01625745
v -0.11981889 0.027801179 0.0049015172
v -0.11981889 0.050240885 -0.01625745
v -0.11981889 0.050240885 0.0049015172
v -0.11941511 0.050240885 0.0075001914
v -0.1194151 -0.050240883 -0.018856124
v -0.1194151 -0.050240883 0.0075001918
v -0.1194151 0.050240885 -0.018856124
v -0.11940627 -0.027801177 -0.011659224
v -0.11940627 -0.027801177 -0.0003839907
v -0.11940627 -0.017069144 -0.011659224
v -0.11940627 -0.017069144 -0.0003839907
v -0.11940627 0.017069145 -0.011659224
v -0.11940627 0.017069145 -0.00038399114
v -0.11940627 0.027801179 -0.011659224
v -0.11940627 0.027801179 -0.00038399114
v -0.11870233 -0.027801177 -0.013409918
v -0.11870233 -0.027801177 0.0013667034
v -0.11870233 -0.017069144 -0.013409918
v -0.11870233 -0.017069144 0.0013667034
v -0.11870233 0.017069145 -0.013409919
v -0.11870233 0.017069145 0.001366703
v -0.11870233 0.027801179 -0.013409919
v -0.11870233 0.027801179 0.001366703
v -0.11857976 -0.050240883 -0.018027783
v -0.11857976 -0.050240883 0.0066718505
v -0.11857976 -0.027801177 -0.018027783
v -0.11857976 -0.027801177 0.0066718505
v -0.11857976 0.027801179 -0.018027783
v -0.11857976 0.027801179 0.0066718501
v -0.11857976 0.050240885 -0.018027783
v -0.11857976 0.050240885 0.0066718501
v -0.11789907 -0.050240883 -0.020553031
v -0.11789907 -0.050240883 0.0091970992
v -0.11789907 0.050240885 -0.020553032
v -0.11789907 0.050240885 0.0091970989
v -0.11781499 -0.027801177 -0.015052874
v -0.11781499 -0.027801177 0.0030096593
v -0.11781499 -0.017069144 -0.015052874
v -0.11781499 -0.017069144 0.0030096593
v -0.11781499 0.017069145 -0.015052874
v -0.11781499 0.017069145 0.003009659
v -0.11781499 0.027801179 -0.015052874
v -0.11781499 0.027801179 0.003009659
v -0.11715902 -0.050240883 -0.019618027
v -0.11715902 -0.050240883 0.0082620951
v -0.11715902 -0.027801177 -0.019618027
v -0.11715902 -0.027801177 0.0082620951
v -0.11715902 0.027801179 -0.019618028
v -0.11715902 0.027801179 0.0082620948
v -0.11715902 0.050240885 -0.019618028
v -0.11715902 0.050240885 0.0082620948
v -0.1167572 -0.027801177 -0.016564134
v -0.1167572 -0.027801177 0.0045209189
v -0.1167572 -0.017069144 -0.016564134
v -0.1167572 -0.017069144 0.0045209189
v -0.1167572 0.017069145 -0.016564134
v -0.1167572 0.017069145 0.0045209187
v -0.1167572 0.027801179 -0.016564134
v -0.1167572 0.027801179 0.0045209187
v -0.11621135 -0.050240883 -0.022033027
v -0.11621135 -0.050240883 0.010677095
v -0.11621135 0.050240885 -0.022033027
v -0.11621135 0.050240885 0.010677094
v -0.11557739 -0.050240883 -0.021004994
v -0.11557739 -0.050240883 0.0096490622
v -0.11557739 -0.027801177 -0.021004994
v -0.11557739 -0.027801177 0.0096490622
v -0.11557739 0.027801179 -0.021004995
v -0.11557739 0.027801179 0.0096490621
v -0.11557739 0.050240885 -0.021004995
v -0.11557739 0.050240885 0.0096490621
v -0.11554437 -0.027801177 -0.01792166
v -0.11554437 -0.027801177 0.0058784449
v -0.11554437 -0.017069144 -0.01792166
v -0.11554437 -0.017069144 0.0058784449
v -0.11554437 0.017069145 -0.01792166
v -0.11554437 0.017069145 0.0058784447
v -0.11554437 0.027801179 -0.01792166
v -0.11554437 0.027801179 0.0058784447
v -0.11437656 -0.050240883 -0.023274529
v -0.11437656 -0.050240883 0.011918596
v -0.11437656 0.050240885 -0.023274529
v -0.11437656 0.050240885 0.011918596
v -0.11419419 -0.027801177 -0.019105656
v -0.11419419 -0.027801177 0.0070624412
v -0.11419419 -0.017069144 -0.019105656
v -0.11419419 -0.017069144 0.0070624412
v -0.11419419 0.017069145 -0.019105656
v -0.11419419 0.017069145 0.0070624412
v -0.11419419 0.027801179 -0.019105656
v -0.11419419 0.027801179 0.0070624412
v -0.11385792 -0.050240883 -0.022168459
v -0.11385792 -0.050240883 0.010812527
v -0.11385792 -0.027801177 -0.022168459
v -0.11385792 -0.027801177 0.010812527
v -0.11385792 0.027801179 -0.022168459
v -0.11385792 0.027801179 0.010812527
v -0.11385792 0.050240885 -0.022168459
v -0.11385792 0.050240885 0.010812527
v -0.11272636 -0.027801177 -0.020098857
v -0.11272636 -0.027801177 0.0080556427
v -0.11272636 -0.017069144 -0.020098857
v -0.11272636 -0.017069144 0.0080556427
v -0.11272636 0.017069145 -0.020098857
v -0.11272636 0.017069145 0.0080556428
v -0.11272636 0.027801179 -0.020098857
v -0.11272636 0.027801179 0.0080556428
v -0.11242145 -0.050240883 -0.024259433
v -0.11242145 -0.050240883 0.012903501
v -0.11242145 0.050240885 -0.024259433
v -0.11242145 0.050240885 0.012903501
v -0.11202571 0.027801179 0.011735523
v -0.11202571 0.050240885 0.011735523
v -0.1120257 -0.050240883 -0.023091455
v -0.1120257 -0.050240883 0.011735523
v -0.1120257 -0.027801177 -0.023091455
v -0.1120257 -0.027801177 0.011735523
v -0.1120257 0.027801179 -0.023091455
v -0.1120257 0.050240885 -0.023091455
v -0.11116227 -0.027801177 -0.020886781
v -0.11116227 -0.027801177 0.0088435661
v -0.11116227 -0.017069144 -0.020886781
v -0.11116227 -0.017069144 0.0088435661
v -0.11116227 0.017069145 -0.020886781
v -0.11116227 0.017069145 0.0088435663
v -0.11116227 0.027801179 -0.020886781
v -0.11116227 0.027801179 0.0088435663
v -0.11037453 -0.050240883 -0.024973378
v -0.11037453 -0.050240883 0.013617445
v -0.11037453 0.050240885 -0.024973377
v -0.11037453 0.050240885 0.013617446
v -0.11010745 -0.050240883 -0.023760523
v -0.11010745 -0.050240883 0.012404591
v -0.11010745 -0.027801177 -0.023760523
v -0.11010745 -0.027801177 0.012404591
v -0.11010745 0.027801179 -0.023760523
v -0.11010745 0.027801179 0.012404591
v -0.11010745 0.050240885 -0.023760523
v -0.11010745 0.050240885 0.012404591
v -0.10952474 0.017069145 0.0094147222
v -0.10952474 0.027801179 0.0094147222
v -0.10952473 -0.027801177 -0.021457937
v -0.10952473 -0.027801177 0.0094147218
v -0.10952473 -0.017069144 -0.021457937
v -0.10952473 -0.017069144 0.0094147218
v -0.10952473 0.017069145 -0.021457936
v -0.10952473 0.027801179 -0.021457936
v -0.10826565 -0.050240883 -0.025405952
v -0.10826565 -0.050240883 0.01405002
v -0.10826565 0.050240885 -0.025405951
v -0.10826565 0.050240885 0.01405002
v -0.10813113 -0.050240883 -0.024165907
v -0.10813113 -0.050240883 0.012809975
v -0.10813113 -0.027801177 -0.024165907
v -0.10813113 -0.027801177 0.012809975
v -0.10813113 0.027801179 -0.024165906
v -0.10813113 0.027801179 0.012809975
v -0.10813113 0.050240885 -0.024165906
v -0.10813113 0.050240885 0.012809975
v -0.10783763 -0.027801177 -0.021803996
v -0.10783763 -0.027801177 0.0097607812
v -0.10783763 -0.017069144 -0.021803996
v -0.10783763 -0.017069144 0.0097607812
v -0.10783763 0.017069145 -0.021803995
v -0.10783763 0.017069145 0.0097607817
v -0.10783763 0.027801179 -0.021803995
v -0.10783763 0.027801179 0.0097607817
v -0.10612556 -0.050240883 -0.025550847
v -0.10612556 -0.050240883 -0.024301695
v -0.10612556 -0.050240883 0.012945763
v -0.10612556 -0.050240883 0.014194915
v -0.10612556 -0.027801177 -0.024301695
v -0.10612556 -0.027801177 -0.021919912
v -0.10612556 -0.027801177 0.0098766977
v -0.10612556 -0.027801177 0.012945763
v -0.10612556 -0.017069144 -0.021919912
v -0.10612556 -0.017069144 0.0098766977
v -0.10612556 0.017069145 -0.021919912
v -0.10612556 0.017069145 0.0098766983
v -0.10612556 0.027801179 -0.024301694
v -0.10612556 0.027801179 -0.021919912
v -0.10612556 0.027801179 0.0098766983
v -0.10612556 0.027801179 0.012945763
v -0.10612556 0.050240885 -0.025550847
v -0.10612556 0.050240885 -0.024301694
v -0.10612556 0.050240885 0.012945763
v -0.10612556 0.050240885 0.014194916
v -0.1044135 0.017069145 0.0097607819
v -0.1044135 0.027801179 0.0097607819
v -0.10441349 -0.027801177 -0.021803996
v -0.10441349 -0.027801177 0.0097607812
v -0.10441349 -0.017069144 -0.021803996
v -0.10441349 -0.017069144 0.0097607812
v -0.10441349 0.017069145 -0.021803995
v -0.10441349 0.027801179 -0.021803995
v -0.10412 -0.050240883 -0.024165907
v -0.10412 -0.050240883 0.012809975
v -0.10412 -0.027801177 -0.024165907
v -0.10412 -0.027801177 0.012809975
v -0.10412 0.027801179 -0.024165906
v -0.10412 0.027801179 0.012809976
v -0.10412 0.050240885 -0.024165906
v -0.10412 0.050240885 0.012809976
v -0.10398548 -0.050240883 -0.025405952
v -0.10398548 -0.050240883 0.01405002
v -0.10398548 0.050240885 -0.025405951
v -0.10398548 0.050240885 0.01405002
v -0.10272639 -0.027801177 -0.021457937
v -0.10272639 -0.027801177 0.0094147218
v -0.10272639 -0.017069144 -0.021457937
v -0.10272639 -0.017069144 0.0094147218
v -0.10272639 0.017069145 -0.021457936
v -0.10272639 0.017069145 0.0094147228
v -0.10272639 0.027801179 -0.021457936
v -0.10272639 0.027801179 0.0094147228
v -0.10214368 -0.050240883 -0.023760523
v -0.10214368 -0.050240883 0.012404591
v -0.10214368 -0.027801177 -0.023760523
v -0.10214368 -0.027801177 0.012404591
v -0.10214368 0.027801179 0.012404592
v -0.10214368 0.050240885 0.012404592
v -0.10214367 0.027801179 -0.023760522
v -0.10214367 0.050240885 -0.023760522
v -0.1018766 -0.050240883 -0.024973378
v -0.1018766 -0.050240883 0.013617445
v -0.1018766 0.050240885 -0.024973377
v -0.1018766 0.050240885 0.013617446
v -0.10108886 -0.027801177 -0.020886781
v -0.10108886 -0.027801177 0.0088435661
v -0.10108886 -0.017069144 -0.020886781
v -0.10108886 -0.017069144 0.0088435661
v -0.10108886 0.017069145 0.0088435671
v -0.10108886 0.027801179 0.0088435671
v -0.10108885 0.017069145 -0.02088678
v -0.10108885 0.027801179 -0.02088678
v -0.10022542 -0.050240883 -0.023091455
v -0.10022542 -0.050240883 0.011735523
v -0.10022542 -0.027801177 -0.023091455
v -0.10022542 -0.027801177 0.011735523
v -0.10022542 0.027801179 -0.023091454
v -0.10022542 0.027801179 0.011735524
v -0.10022542 0.050240885 -0.023091454
v -0.10022542 0.050240885 0.011735524
v -0.09982968 0.050240885 0.012903502
v -0.099829678 -0.050240883 -0.024259433
v -0.099829678 -0.050240883 0.012903501
v -0.099829678 0.050240885 -0.024259432
v -0.099524768 0.017069145 0.0080556438
v -0.099524768 0.027801179 0.0080556438
v -0.099524766 -0.027801177 -0.020098857
v -0.099524766 -0.027801177 0.0080556427
v -0.099524766 -0.017069144 -0.020098857
v -0.099524766 -0.017069144 0.0080556427
v -0.099524766 0.017069145 -0.020098856
v -0.099524766 0.027801179 -0.020098856
v -0.098393203 0.027801179 0.010812528
v -0.098393203 0.050240885 0.010812528
v -0.098393201 -0.050240883 -0.022168459
v -0.098393201 -0.050240883 0.010812527
v -0.098393201 -0.027801177 -0.022168459
v -0.098393201 -0.027801177 0.010812527
v -0.098393201 0.027801179 -0.022168458
v -0.098393201 0.050240885 -0.022168458
v -0.098056933 0.017069145 0.0070624425
v -0.098056933 0.027801179 0.0070624425
v -0.098056932 -0.027801177 -0.019105656
v -0.098056932 -0.027801177 0.0070624412
v -0.098056932 -0.017069144 -0.019105656
v -0.098056932 -0.017069144 0.0070624412
v -0.098056932 0.017069145 -0.019105655
v -0.098056932 0.027801179 -0.019105655
v -0.097874569 0.050240885 0.011918598
v -0.097874567 -0.050240883 -0.023274529
v -0.097874567 -0.050240883 0.011918596
v -0.097874567 0.050240885 -0.023274527
v -0.096706758 0.017069145 0.0058784462
v -0.096706758 0.027801179 0.0058784462
v -0.096706756 -0.027801177 -0.01792166
v -0.096706756 -0.027801177 0.0058784449
v -0.096706756 -0.017069144 -0.01792166
v -0.096706756 -0.017069144 0.0058784449
v -0.096706756 0.017069145 -0.017921658
v -0.096706756 0.027801179 -0.017921658
v -0.09667374 0.027801179 0.0096490636
v -0.09667374 0.050240885 0.0096490636
v -0.096673738 -0.050240883 -0.021004994
v -0.096673738 -0.050240883 0.0096490622
v -0.096673738 -0.027801177 -0.021004994
v -0.096673738 -0.027801177 0.0096490622
v -0.096673738 0.027801179 -0.021004993
v -0.096673738 0.050240885 -0.021004993
v -0.096039776 0.050240885 0.010677096
v -0.096039774 -0.050240883 -0.022033027
v -0.096039774 -0.050240883 0.010677095
v -0.096039774 0.050240885 -0.022033025
v -0.095493929 0.017069145 0.0045209204
v -0.095493929 0.027801179 0.0045209204
v -0.095493928 -0.027801177 -0.016564134
v -0.095493928 -0.027801177 0.0045209189
v -0.095493928 -0.017069144 -0.016564134
v -0.095493928 -0.017069144 0.0045209189
v -0.095493928 0.017069145 -0.016564132
v -0.095493928 0.027801179 -0.016564132
v -0.095092105 0.027801179 0.0082620966
v -0.095092105 0.050240885 0.0082620966
v -0.095092104 -0.050240883 -0.019618027
v -0.095092104 -0.050240883 0.0082620951
v -0.095092104 -0.027801177 -0.019618027
v -0.095092104 -0.027801177 0.0082620951
v -0.095092104 0.027801179 -0.019618026
v -0.095092104 0.050240885 -0.019618026
v -0.094436134 0.017069145 0.0030096608
v -0.094436134 0.027801179 0.0030096608
v -0.094436133 -0.027801177 -0.015052874
v -0.094436133 -0.027801177 0.0030096593
v -0.094436133 -0.017069144 -0.015052874
v -0.094436133 -0.017069144 0.0030096593
v -0.094436133 0.017069145 -0.015052872
v -0.094436133 0.027801179 -0.015052872
v -0.094352056 0.050240885 0.0091971008
v -0.094352055 -0.050240883 -0.020553031
v -0.094352055 -0.050240883 0.0091970992
v -0.094352055 0.050240885 -0.02055303
v -0.093671364 0.027801179 0.0066718521
v -0.093671364 0.050240885 0.0066718521
v -0.093671362 -0.050240883 -0.018027783
v -0.093671362 -0.050240883 0.0066718505
v -0.093671362 -0.027801177 -0.018027783
v -0.093671362 -0.027801177 0.0066718505
v -0.093671362 0.027801179 -0.018027781
v -0.093671362 0.050240885 -0.018027781
v -0.093548797 0.017069145 0.001366705
v -0.093548797 0.027801179 0.001366705
v -0.093548796 -0.027801177 -0.013409918
v -0.093548796 -0.027801177 0.0013667034
v -0.093548796 -0.017069144 -0.013409918
v -0.093548796 -0.017069144 0.0013667034
v -0.093548796 0.017069145 -0.013409917
v -0.093548796 0.027801179 -0.013409917
v -0.092844858 0.017069145 -0.000383989
v -0.092844858 0.027801179 -0.000383989
v -0.092844857 -0.027801177 -0.011659224
v -0.092844857 -0.027801177 -0.0003839907
v -0.092844857 -0.017069144 -0.011659224
v -0.092844857 -0.017069144 -0.0003839907
v -0.092844857 0.017069145 -0.011659222
v -0.092844857 0.027801179 -0.011659222
v -0.092836021 0.050240885 0.0075001935
v -0.09283602 -0.050240883 -0.018856124
v -0.09283602 -0.050240883 0.0075001918
v -0.092836019 0.050240885 -0.018856122
v -0.092432232 0.027801179 0.0049015194
v -0.092432232 0.050240885 0.0049015194
v -0.092432231 -0.050240883 -0.01625745
v -0.092432231 -0.050240883 0.0049015177
v -0.092432231 -0.027801177 -0.01625745
v -0.092432231 -0.027801177 0.0049015177
v -0.092432231 0.027801179 -0.016257448
v -0.092432231 0.050240885 -0.016257448
v -0.092334581 0.017069145 -0.0098263191
v -0.092334581 0.017069145 -0.0022168922
v -0.092334581 0.027801179 -0.0098263191
v -0.092334581 0.027801179 -0.0022168922
v -0.09233458 -0.027801177 -0.0098263208
v -0.09233458 -0.027801177 -0.0022168939
v -0.09233458 -0.017069144 -0.0098263208
v -0.09233458 -0.017069144 -0.0022168939
v -0.092025408 0.017069145 -0.0079379345
v -0.092025408 0.017069145 -0.0041052767
v -0.092025408 0.027801179 -0.0079379345
v -0.092025408 0.027801179 -0.0041052767
v -0.092025407 -0.027801177 -0.0079379363
v -0.092025407 -0.027801177 -0.0041052785
v -0.092025407 -0.017069144 -0.0079379363
v -0.092025407 -0.017069144 -0.0041052785
v -0.091921847 0.017069145 -0.0060216056
v -0.091921847 0.027801179 -0.0060216056
v -0.091921846 -0.027801177 -0.0060216074
v -0.091921846 -0.017069144 -0.0060216074
v -0.091513777 0.050240885 0.005611119
v -0.091513776 -0.050240883 -0.016967049
v -0.091513776 -0.050240883 0.0056111172
v -0.091513776 0.050240885 -0.016967048
v -0.091392781 0.027801179 0.002976914
v -0.091392781 0.050240885 0.002976914
v -0.091392779 -0.050240883 -0.014332844
v -0.091392779 -0.050240883 0.0029769122
v -0.091392779 -0.027801177 -0.014332844
v -0.091392779 -0.027801177 0.0029769122
v -0.091392779 0.027801179 -0.014332843
v -0.091392779 0.050240885 -0.014332843
v -0.090568166 0.027801179 0.00092610104
v -0.090568166 0.050240885 0.00092610104
v -0.090568165 -0.050240883 -0.012282031
v -0.090568165 -0.050240883 0.00092609915
v -0.090568165 -0.027801177 -0.012282031
v -0.090568165 -0.027801177 0.00092609915
v -0.090568165 0.027801179 -0.012282029
v -0.090568165 0.050240885 -0.012282029
v -0.090404606 0.050240885 0.0035574243
v -0.090404605 -0.050240883 -0.014913355
v -0.090404605 -0.050240883 0.0035574224
v -0.090404605 0.050240885 -0.014913353
v -0.089970413 0.027801179 -0.0012210141
v -0.089970413 0.050240885 -0.0012210141
v -0.089970412 -0.050240883 -0.010134916
v -0.089970412 -0.050240883 -0.0012210161
v -0.089970412 -0.027801177 -0.010134916
v -0.089970412 -0.027801177 -0.0012210161
v -0.089970412 0.027801179 -0.010134914
v -0.089970412 0.050240885 -0.010134914
v -0.089608239 0.027801179 -0.0034331217
v -0.089608239 0.050240885 -0.0034331217
v -0.089608238 -0.050240883 -0.0079228085
v -0.089608238 -0.050240883 -0.0034331237
v -0.089608238 -0.027801177 -0.0079228085
v -0.089608238 -0.027801177 -0.0034331237
v -0.089608238 0.027801179 -0.0079228066
v -0.089608238 0.050240885 -0.0079228066
v -0.089524682 0.050240885 0.0013690567
v -0.089524681 -0.050240883 -0.012724987
v -0.089524681 -0.050240883 0.0013690547
v -0.089524681 0.050240885 -0.012724985
v -0.089486924 0.027801179 -0.0056779641
v -0.089486924 0.050240885 -0.0056779641
v -0.089486923 -0.050240883 -0.0056779661
v -0.089486923 -0.027801177 -0.0056779661
v -0.088886836 0.050240885 -0.00092207228
v -0.088886835 -0.050240883 -0.010433858
v -0.088886835 -0.050240883 -0.0009220743
v -0.088886835 0.050240885 -0.010433856
v -0.088500369 -0.050240883 -0.0080733772
v -0.088500369 -0.050240883 -0.003282555
v -0.088500369 0.050240885 -0.0080733752
v -0.088500369 0.050240885 -0.0032825529
v -0.088370918 0.050240885 -0.005677964
v -0.088370917 -0.050240883 -0.0056779661
v 0.070401625 -0.014631728 -0.028121149
v 0.070401625 -0.01398053 0.02015678
v 0.070401625 -0.013956844 0.019701021
v 0.070401625 -0.013956844 0.020612539
v 0.070401625 -0.013886134 0.019251908
v 0.070401625 -0.013886134 0.021061651
v 0.070401625 -0.01376943 0.01881599
v 0.070401625 -0.01376943 0.021497569
v 0.070401625 -0.013608434 0.018399624
v 0.070401625 -0.013608434 0.021913935
v 0.070401625 -0.013405493 0.018008881
v 0.070401625 -0.013405493 0.022304678
v 0.070401625 -0.013163568 0.017649459
v 0.070401625 -0.013163568 0.0226641
v 0.070401625 -0.012886185 0.0173266
v 0.070401625 -0.012886185 0.022986959
v 0.070401625 -0.012577389 0.017045011
v 0.070401625 -0.012577389 0.023268548
v 0.070401625 -0.012244274 0.02015678
v 0.070401625 -0.012241684 0.016808799
v 0.070401625 -0.012241684 0.02350476
v 0.070401625 -0.012233248 0.019944615
v 0.070401625 -0.012233248 0.020368945
v 0.070401625 -0.012200331 0.019735544
v 0.070401625 -0.012200331 0.020578016
v 0.070401625 -0.012146003 0.019532615
v 0.070401625 -0.012146003 0.020780944
v 0.070401625 -0.012071056 0.019338788
v 0.070401625 -0.012071056 0.020974771
v 0.070401625 -0.011976583 0.019156889
v 0.070401625 -0.011976583 0.02115667
v 0.070401625 -0.011883966 0.016621408
v 0.070401625 -0.011883966 0.023692151
v 0.070401625 -0.011863961 0.018989571
v 0.070401625 -0.011863961 0.021323988
v 0.070401625 -0.011734834 0.018839274
v 0.070401625 -0.011734834 0.021474285
v 0.070401625 -0.011591083 0.018708189
v 0.070401625 -0.011591083 0.021605371
v 0.070401625 -0.011509449 0.01648557
v 0.070401625 -0.011509449 0.023827989
v 0.070401625 -0.011434806 0.018598227
v 0.070401625 -0.011434806 0.021715332
v 0.070401625 -0.011268281 0.018510993
v 0.070401625 -0.011268281 0.021802567
v 0.070401625 -0.011123596 0.016403267
v 0.070401625 -0.011123596 0.023910292
v 0.070401625 -0.011093936 0.018447757
v 0.070401625 -0.011093936 0.021865802
v 0.070401625 -0.010914313 0.018409444
v 0.070401625 -0.010914313 0.021904116
v 0.070401625 -0.010732033 0.016375699
v 0.070401625 -0.010732033 0.01839661
v 0.070401625 -0.010732033 0.021916949
v 0.070401625 -0.010732033 0.02393786
v 0.070401625 -0.010549752 0.018409444
v 0.070401625 -0.010549752 0.021904116
v 0.070401625 -0.010456885 -0.025276781
v 0.070401625 -0.01037013 0.018447757
v 0.070401625 -0.01037013 0.021865802
v 0.070401625 -0.010195784 0.018510993
v 0.070401625 -0.010195784 0.021802567
v 0.070401625 -0.010029259 0.018598227
v 0.070401625 -0.010029259 0.021715332
v 0.070401625 -0.0098729817 0.018708189
v 0.070401625 -0.0098729817 0.021605371
v 0.070401625 -0.0097563932 -0.0056779661
v 0.070401625 -0.0097292312 0.018839274
v 0.070401625 -0.0097292312 0.021474285
v 0.070401625 -0.0096960116 -0.0069394228
v 0.070401625 -0.0096960116 -0.0044165094
v 0.070401625 -0.0096001039 0.018989571
v 0.070401625 -0.0096001039 0.021323988
v 0.070401625 -0.0095156143 -0.0081852653
v 0.070401625 -0.0095156143 -0.0031706669
v 0.070401625 -0.0094874826 0.019156889
v 0.070401625 -0.0094874826 0.02115667
v 0.070401625 -0.0093930096 0.019338788
v 0.070401625 -0.0093930096 0.020974771
v 0.070401625 -0.0093180626 0.019532615
v 0.070401625 -0.0093180626 0.020780944
v 0.070401625 -0.0092637345 0.019735544
v 0.070401625 -0.0092637345 0.020578016
v 0.070401625 -0.009263203 0.028121149
v 0.070401625 -0.0092308174 0.019944615
v 0.070401625 -0.0092308174 0.020368945
v 0.070401625 -0.0092197915 0.02015678
v 0.070401625 -0.0092174341 -0.0094000729
v 0.070401625 -0.0092174341 -0.0019558593
v 0.070401625 -0.008805162 -0.010568809
v 0.070401625 -0.008805162 -0.0007871234
v 0.070401625 -0.0082839009 -0.011677007
v 0.070401625 -0.0082839009 0.00032107441
v 0.070401625 -0.0078994876 0.016375699
v 0.070401625 -0.007660103 -0.012710949
v 0.070401625 -0.007660103 0.001355017
v 0.070401625 -0.0069414894 -0.013657839
v 0.070401625 -0.0069414894 0.0023019065
v 0.070401625 -0.0061369552 -0.014505954
v 0.070401625 -0.0061369552 0.0031500223
v 0.070401625 -0.0019512779 -0.0056779661
v 0.070401625 -0.0019370509 -0.0059517274
v 0.070401625 -0.0019370509 -0.0054042048
v 0.070401625 -0.0018945773 -0.0062214966
v 0.070401625 -0.0018945773 -0.0051344356
v 0.070401625 -0.0018244765 -0.0064833399
v 0.070401625 -0.0018244765 -0.0048725923
v 0.070401625 -0.0017277707 -0.0067334391
v 0.070401625 -0.0017277707 -0.0046224931
v 0.070401625 -0.0016058701 -0.0069681471
v 0.070401625 -0.0016058701 -0.0043877852
v 0.070401625 -0.0014605523 -0.0071840413
v 0.070401625 -0.0014605523 -0.0041718909
v 0.070401625 -0.0012939363 -0.0073779736
v 0.070401625 -0.0012939363 -0.0039779586
v 0.070401625 -0.0011084518 -0.0075471159
v 0.070401625 -0.0011084518 -0.0038088163
v 0.070401625 -0.0009068036 -0.0076890018
v 0.070401625 -0.0009068036 -0.0036669304
v 0.070401625 -0.00069193212 -0.0078015623
v 0.070401625 -0.00069193212 -0.0035543699
v 0.070401625 -0.00046697071 -0.007883156
v 0.070401625 -0.00046697071 -0.0034727762
v 0.070401625 -0.00023519979 -0.007932593
v 0.070401625 -0.00023519979 -0.0034233392
v 0.070401625 8.783567e-10 -0.0079491525
v 0.070401625 8.783567e-10 -0.0034067797
v 0.070401625 0.00023520155 -0.007932593
v 0.070401625 0.00023520155 -0.0034233392
v 0.070401625 0.00046697246 -0.007883156
v 0.070401625 0.00046697246 -0.0034727762
v 0.070401625 0.00069193388 -0.0078015623
v 0.070401625 0.00069193388 -0.0035543699
v 0.070401625 0.00090680536 -0.0076890018
v 0.070401625 0.00090680536 -0.0036669304
v 0.070401625 0.0011084536 -0.0075471159
v 0.070401625 0.0011084536 -0.0038088163
v 0.070401625 0.0012939381 -0.0073779736
v 0.070401625 0.0012939381 -0.0039779586
v 0.070401625 0.001460554 -0.0071840413
v 0.070401625 0.001460554 -0.0041718909
v 0.070401625 0.0016058719 -0.0069681471
v 0.070401625 0.0016058719 -0.0043877852
v 0.070401625 0.0017277725 -0.0067334391
v 0.070401625 0.0017277725 -0.0046224931
v 0.070401625 0.0018244783 -0.0064833399
v 0.070401625 0.0018244783 -0.0048725923
v 0.070401625 0.0018945791 -0.0062214966
v 0.070401625 0.0018945791 -0.0051344356
v 0.070401625 0.0019370527 -0.0059517274
v 0.070401625 0.0019370527 -0.0054042048
v 0.070401625 0.0019512797 -0.0056779661
v 0.070401625 0.006136957 -0.014505954
v 0.070401625 0.006136957 0.0031500223
v 0.070401625 0.0069921762 -0.013597662
v 0.070401625 0.0069921762 0.00224173
v 0.070401625 0.007748937 -0.012577851
v 0.070401625 0.007748937 0.0012219187
v 0.070401625 0.0078994893 0.016375699
v 0.070401625 0.0083965831 -0.011460881
v 0.070401625 0.0083965831 0.00010494851
v 0.070401625 0.0089259951 -0.01026248
v 0.070401625 0.0089259951 -0.0010934523
v 0.070401625 0.0092197933 0.02015678
v 0.070401625 0.0092308192 0.019944615
v 0.070401625 0.0092308192 0.020368945
v 0.070401625 0.0092632047 0.028121149
v 0.070401625 0.0092637362 0.019735544
v 0.070401625 0.0092637362 0.020578016
v 0.070401625 0.0093180644 0.019532615
v 0.070401625 0.0093180644 0.020780944
v 0.070401625 0.009329718 -0.0089995235
v 0.070401625 0.009329718 -0.0023564087
v 0.070401625 0.0093930114 0.019338788
v 0.070401625 0.0093930114 0.020974771
v 0.070401625 0.0094874843 0.019156889
v 0.070401625 0.0094874843 0.02115667
v 0.070401625 0.0096001056 0.018989571
v 0.070401625 0.0096001056 0.021323988
v 0.070401625 0.009602067 -0.0076897955
v 0.070401625 0.009602067 -0.0036661367
v 0.070401625 0.009729233 0.018839274
v 0.070401625 0.009729233 0.021474285
v 0.070401625 0.009739207 -0.0063517384
v 0.070401625 0.009739207 -0.0050041938
v 0.070401625 0.0098729835 0.018708189
v 0.070401625 0.0098729835 0.021605371
v 0.070401625 0.010029261 0.018598227
v 0.070401625 0.010029261 0.021715332
v 0.070401625 0.010195786 0.018510993
v 0.070401625 0.010195786 0.021802567
v 0.070401625 0.010370131 0.018447757
v 0.070401625 0.010370131 0.021865802
v 0.070401625 0.010456887 -0.025276781
v 0.070401625 0.010549754 0.018409444
v 0.070401625 0.010549754 0.021904116
v 0.070401625 0.010732034 0.016375699
v 0.070401625 0.010732034 0.01839661
v 0.070401625 0.010732034 0.021916949
v 0.070401625 0.010732034 0.02393786
v 0.070401625 0.010914315 0.018409444
v 0.070401625 0.010914315 0.021904116
v 0.070401625 0.011093937 0.018447757
v 0.070401625 0.011093937 0.021865802
v 0.070401625 0.011123597 0.016403267
v 0.070401625 0.011123597 0.023910292
v 0.070401625 0.011268282 0.018510993
v 0.070401625 0.011268282 0.021802567
v 0.070401625 0.011434808 0.018598227
v 0.070401625 0.011434808 0.021715332
v 0.070401625 0.011509451 0.01648557
v 0.070401625 0.011509451 0.023827989
v 0.070401625 0.011591085 0.018708189
v 0.070401625 0.011591085 0.021605371
v 0.070401625 0.011734836 0.018839274
v 0.070401625 0.011734836 0.021474285
v 0.070401625 0.011863963 0.018989571
v 0.070401625 0.011863963 0.021323988
v 0.070401625 0.011883967 0.016621408
v 0.070401625 0.011883967 0.023692151
v 0.070401625 0.011976584 0.019156889
v 0.070401625 0.011976584 0.02115667
v 0.070401625 0.012071057 0.019338788
v 0.070401625 0.012071057 0.020974771
v 0.070401625 0.012146004 0.019532615
v 0.070401625 0.012146004 0.020780944
v 0.070401625 0.012200332 0.019735544
v 0.070401625 0.012200332 0.020578016
v 0.070401625 0.012233249 0.019944615
v 0.070401625 0.012233249 0.020368945
v 0.070401625 0.012241686 0.016808799
v 0.070401625 0.012241686 0.02350476
v 0.070401625 0.012244275 0.02015678
v 0.070401625 0.012577391 0.017045011
v 0.070401625 0.012577391 0.023268548
v 0.070401625 0.012886186 0.0173266
v 0.070401625 0.012886186 0.022986959
v 0.070401625 0.013163569 0.017649459
v 0.070401625 0.013163569 0.0226641
v 0.070401625 0.013405495 0.018008881
v 0.070401625 0.013405495 0.022304678
v 0.070401625 0.013608436 0.018399624
v 0.070401625 0.013608436 0.021913935
v 0.070401625 0.013769432 0.01881599
v 0.070401625 0.013769432 0.021497569
v 0.070401625 0.013886136 0.019251908
v 0.070401625 0.013886136 0.021061651
v 0.070401625 0.013956846 0.019701021
v 0.070401625 0.013956846 0.020612539
v 0.070401625 0.013980531 0.02015678
v 0.070401625 0.014631729 -0.028121149
v 0.071005642 -0.050244909 -0.0054119574
v 0.071005642 0.05024491 -0.0059439794
v 0.071135093 -0.05025427 -0.0078073438
v 0.071135093 -0.050235548 -0.003016571
v 0.071135093 0.05023555 -0.0083393657
v 0.071135093 0.050254271 -0.003548593
v 0.071521559 -0.050226323 -0.00065611476
v 0.071521559 0.050263496 -0.0011881367
v 0.07152156 -0.050263494 -0.0101678
v 0.07152156 0.050226325 -0.010699822
v 0.072121648 -0.050244909 -0.0054119573
v 0.072121648 -0.027805435 -0.0055307583
v 0.072121648 0.027805436 -0.0058251782
v 0.072121648 0.05024491 -0.0059439792
v 0.072159405 -0.05021737 0.0016349907
v 0.072159405 0.050272449 0.0011029687
v 0.072159406 -0.050272447 -0.012458905
v 0.072159406 0.050217372 -0.012990927
v 0.072242962 -0.050236136 -0.003167138
v 0.072242962 -0.027796662 -0.0032859391
v 0.072242962 0.027814209 -0.003580359
v 0.072242962 0.050253683 -0.00369916
v 0.072242963 -0.050253681 -0.0076567765
v 0.072242963 -0.027814207 -0.0077755775
v 0.072242963 0.027796664 -0.0080699974
v 0.072242963 0.050236138 -0.0081887984
v 0.072605136 -0.050227492 -0.00095505329
v 0.072605136 -0.027788018 -0.0010738543
v 0.072605136 0.027822853 -0.0013682742
v 0.072605136 0.050262327 -0.0014870752
v 0.072605137 -0.050262326 -0.0098688611
v 0.072605137 -0.027822852 -0.0099876622
v 0.072605137 0.027788019 -0.010282082
v 0.072605137 0.050227493 -0.010400883
v 0.073039329 -0.050208818 0.0038233358
v 0.073039329 0.050281001 0.0032913138
v 0.07303933 -0.050280999 -0.01464725
v 0.07303933 0.05020882 -0.015179272
v 0.073202889 -0.050219101 0.0011920398
v 0.073202889 -0.027779627 0.0010732388
v 0.073202889 0.027831244 0.00077881887
v 0.073202889 0.050270718 0.00066001786
v 0.07320289 -0.050270716 -0.012015954
v 0.07320289 -0.027831242 -0.012134755
v 0.07320289 0.027779629 -0.012429175
v 0.07320289 0.050219103 -0.012547976
v 0.074027503 -0.050211087 0.0032428318
v 0.074027503 -0.027771613 0.0031240307
v 0.074027503 0.027839258 0.0028296108
v 0.074027503 0.050278732 0.0027108098
v 0.074027505 -0.050278731 -0.014066746
v 0.074027505 -0.027839256 -0.014185547
v 0.074027505 0.027771614 -0.014479967
v 0.074027505 0.050211089 -0.014598768
v 0.074148499 -0.050200793 0.0058770095
v 0.074148499 0.050289026 0.0053449876
v 0.074148502 -0.050289025 -0.016700924
v 0.074148502 0.050200795 -0.017232945
v 0.074556571 -0.027806777 -0.0058743957
v 0.074556571 -0.017074855 -0.0059312136
v 0.074556571 0.017072171 -0.0061119977
v 0.074556571 0.027804093 -0.0061688156
v 0.074660132 -0.027814266 -0.0077907048
v 0.074660132 -0.027799289 -0.0039580866
v 0.074660132 -0.017082344 -0.0078475227
v 0.074660132 -0.017067366 -0.0040149045
v 0.074660132 0.017064682 -0.0080283068
v 0.074660132 0.01707966 -0.0041956886
v 0.074660132 0.027796605 -0.0080851247
v 0.074660132 0.027811582 -0.0042525065
v 0.074969305 -0.027821646 -0.0096790697
v 0.074969305 -0.027791909 -0.0020697216
v 0.074969305 -0.017089723 -0.0097358876
v 0.074969305 -0.017059987 -0.0021265394
v 0.074969305 0.017057303 -0.0099166718
v 0.074969305 0.017087039 -0.0023073236
v 0.074969305 0.027789225 -0.0099734896
v 0.074969305 0.027818962 -0.0023641415
v 0.075066955 -0.050203566 0.0051674174
v 0.075066955 -0.027764092 0.0050486164
v 0.075066955 0.027846779 0.0047541965
v 0.075066955 0.050286253 0.0046353955
v 0.075066957 -0.050286252 -0.015991331
v 0.075066957 -0.027846777 -0.016110132
v 0.075066957 0.027764093 -0.016404552
v 0.075066957 0.050203568 -0.016523353
v 0.075470743 -0.050193411 0.0077660647
v 0.075470743 0.050296408 0.0072340428
v 0.075470746 -0.050296407 -0.018589978
v 0.075470746 0.050193412 -0.019122
v 0.075479581 -0.027784747 -0.00023683723
v 0.075479581 -0.017052824 -0.00029365511
v 0.075479581 0.017094202 -0.00047443926
v 0.075479581 0.027826124 -0.00053125714
v 0.075479582 -0.027828808 -0.011511954
v 0.075479582 -0.017096886 -0.011568772
v 0.075479582 0.01705014 -0.011749556
v 0.075479582 0.027782063 -0.011806374
v 0.07618352 -0.027777905 0.0015138388
v 0.07618352 -0.017045983 0.001457021
v 0.07618352 0.017101043 0.0012762368
v 0.07618352 0.027832966 0.0012194189
v 0.076183522 -0.02783565 -0.01326263
v 0.076183522 -0.017103727 -0.013319448
v 0.076183522 0.017043299 -0.013500232
v 0.076183522 0.027775221 -0.01355705
v 0.076306086 -0.050196648 0.0069377321
v 0.076306086 -0.027757173 0.006818931
v 0.076306086 0.027853697 0.0065245111
v 0.076306086 0.050293171 0.0064057101
v 0.076306088 -0.05029317 -0.017761646
v 0.076306088 -0.027853696 -0.017880447
v 0.076306088 0.027757175 -0.018174866
v 0.076306088 0.050196649 -0.018293667
v 0.076986778 -0.050186779 0.0094629548
v 0.076986778 0.05030304 0.0089309328
v 0.076986781 -0.050303038 -0.020286868
v 0.076986781 0.050186781 -0.02081889
v 0.077070857 -0.027771485 0.0031567778
v 0.077070857 -0.017039562 0.00309996
v 0.077070857 0.017107464 0.0029191758
v 0.077070857 0.027839386 0.0028623579
v 0.077070859 -0.02784207 -0.014905569
v 0.077070859 -0.017110148 -0.014962386
v 0.077070859 0.017036878 -0.015143171
v 0.077070859 0.027768801 -0.015199989
v 0.077726827 -0.050190433 0.0085279604
v 0.077726827 -0.027750959 0.0084091594
v 0.077726827 0.027859912 0.0081147395
v 0.077726827 0.050299386 0.0079959385
v 0.07772683 -0.050299384 -0.019351874
v 0.07772683 -0.02785991 -0.019470675
v 0.07772683 0.027750961 -0.019765094
v 0.07772683 0.050190435 -0.019883895
v 0.078128652 -0.027765579 0.004668022
v 0.078128652 -0.017033657 0.0046112041
v 0.078128652 0.017113369 0.00443042
v 0.078128652 0.027845292 0.0043736021
v 0.078128654 -0.027847976 -0.016416813
v 0.078128654 -0.017116053 -0.01647363
v 0.078128654 0.017030973 -0.016654415
v 0.078128654 0.027762895 -0.016711232
v 0.078674497 -0.050180996 0.010942935
v 0.078674497 0.050308823 0.010410913
v 0.078674501 -0.050308822 -0.021766848
v 0.078674501 0.050180998 -0.02229887
v 0.079308461 -0.050185013 0.0099149134
v 0.079308461 -0.027745539 0.0097961124
v 0.079308461 0.027865332 0.0095016925
v 0.079308461 0.050304806 0.0093828915
v 0.079308464 -0.050304804 -0.020738826
v 0.079308464 -0.02786533 -0.020857627
v 0.079308464 0.027745541 -0.021152047
v 0.079308464 0.050185015 -0.021270848
v 0.07934148 -0.027760274 0.006025534
v 0.07934148 -0.017028352 0.0059687162
v 0.07934148 0.017118674 0.005787932
v 0.07934148 0.027850597 0.0057311141
v 0.079341482 -0.027853281 -0.017774324
v 0.079341482 -0.017121358 -0.017831142
v 0.079341482 0.017025668 -0.018011926
v 0.079341482 0.02775759 -0.018068744
v 0.08050929 -0.050176144 0.012184424
v 0.08050929 0.050313675 0.011652402
v 0.080509294 -0.050313673 -0.023008337
v 0.080509294 0.050176146 -0.023540359
v 0.080691655 -0.027755647 0.0072095183
v 0.080691655 -0.017023725 0.0071527004
v 0.080691655 0.017123301 0.0069719163
v 0.080691655 0.027855224 0.0069150984
v 0.080691658 -0.027857908 -0.018958308
v 0.080691658 -0.017125985 -0.019015126
v 0.080691658 0.017021041 -0.01919591
v 0.080691658 0.027752963 -0.019252728
v 0.081027924 -0.050180467 0.011078366
v 0.081027924 -0.027740992 0.010959565
v 0.081027924 0.027869878 0.010665145
v 0.081027924 0.050309353 0.010546344
v 0.081027928 -0.050309351 -0.021902278
v 0.081027928 -0.027869877 -0.022021079
v 0.081027928 0.027740994 -0.022315499
v 0.081027928 0.050180468 -0.0224343
v 0.08215949 -0.027751766 0.0082027097
v 0.08215949 -0.017019843 0.0081458918
v 0.08215949 0.017127182 0.0079651077
v 0.08215949 0.027859105 0.0079082898
v 0.082159492 -0.027861789 -0.019951499
v 0.082159492 -0.017129867 -0.020008317
v 0.082159492 0.017017159 -0.020189101
v 0.082159492 0.027749082 -0.020245919
v 0.082464401 -0.050172295 0.013169319
v 0.082464401 0.050317524 0.012637297
v 0.082464405 -0.050317522 -0.023993231
v 0.082464405 0.050172297 -0.024525253
v 0.082860142 -0.05017686 0.012001353
v 0.082860142 -0.027737386 0.011882552
v 0.082860142 0.027873485 0.011588132
v 0.082860142 0.050312959 0.011469331
v 0.082860146 -0.050312958 -0.022825265
v 0.082860146 -0.027873484 -0.022944066
v 0.082860146 0.027737387 -0.023238486
v 0.082860146 0.050176861 -0.023357287
v 0.083723578 -0.027748687 0.0089906252
v 0.083723578 -0.017016764 0.0089338073
v 0.083723578 0.017130262 0.0087530232
v 0.083723578 0.027862184 0.0086962053
v 0.083723581 -0.027864868 -0.020739414
v 0.083723581 -0.017132946 -0.020796232
v 0.083723581 0.01701408 -0.020977016
v 0.083723581 0.027746003 -0.021033834
v 0.08451132 -0.050169505 0.013883256
v 0.08451132 0.050320314 0.013351234
v 0.084511324 -0.050320312 -0.024707168
v 0.084511324 0.050169507 -0.02523919
v 0.084778398 -0.050174245 0.012670414
v 0.084778398 -0.027734771 0.012551613
v 0.084778398 0.0278761 0.012257193
v 0.084778398 0.050315574 0.012138392
v 0.084778402 -0.050315572 -0.023494326
v 0.084778402 -0.027876098 -0.023613127
v 0.084778402 0.027734773 -0.023907547
v 0.084778402 0.050174247 -0.024026348
v 0.085361114 -0.027746455 0.0095617752
v 0.085361114 -0.017014532 0.0095049574
v 0.085361114 0.017132494 0.0093241732
v 0.085361114 0.027864416 0.0092673553
v 0.085361117 -0.0278671 -0.021310564
v 0.085361117 -0.017135178 -0.021367382
v 0.085361117 0.017011848 -0.021548166
v 0.085361117 0.027743771 -0.021604984
v 0.086620199 -0.050167815 0.014315826
v 0.086620199 0.050322004 0.013783804
v 0.086620203 -0.050322002 -0.025139737
v 0.086620203 0.050167817 -0.025671759
v 0.086754719 -0.050172661 0.013075794
v 0.086754719 -0.027733187 0.012956993
v 0.086754719 0.027877684 0.012662573
v 0.086754719 0.050317158 0.012543772
v 0.086754723 -0.050317156 -0.023899705
v 0.086754723 -0.027877682 -0.024018506
v 0.086754723 0.027733188 -0.024312926
v 0.086754723 0.050172663 -0.024431727
v 0.087048217 -0.027745102 0.0099078312
v 0.087048217 -0.01701318 0.0098510133
v 0.087048217 0.017133846 0.0096702292
v 0.087048217 0.027865768 0.0096134113
v 0.08704822 -0.027868452 -0.021656619
v 0.08704822 -0.01713653 -0.021713437
v 0.08704822 0.017010496 -0.021894221
v 0.08704822 0.027742418 -0.021951039
v 0.088760285 -0.05017213 0.013211581
v 0.088760285 -0.050167249 0.014460721
v 0.088760285 -0.027744649 0.010023747
v 0.088760285 -0.027732656 0.01309278
v 0.088760285 -0.017012727 0.0099669289
v 0.088760285 0.017134299 0.0097861447
v 0.088760285 0.027866221 0.0097293268
v 0.088760285 0.027878215 0.01279836
v 0.088760285 0.050317689 0.012679559
v 0.088760285 0.05032257 0.013928699
v 0.088760289 -0.050322569 -0.025284631
v 0.088760289 -0.050317687 -0.024035491
v 0.088760289 -0.027878213 -0.024154292
v 0.088760289 -0.027868905 -0.021772535
v 0.088760289 -0.017136983 -0.021829352
v 0.088760289 0.017010043 -0.022010137
v 0.088760289 0.027732658 -0.024448712
v 0.088760289 0.027741965 -0.022066954
v 0.088760289 0.050167251 -0.025816653
v 0.088760289 0.050172132 -0.024567513
v 0.090472354 -0.027745102 0.0099078316
v 0.090472354 -0.01701318 0.0098510137
v 0.090472354 0.017133846 0.0096702296
v 0.090472354 0.027865768 0.0096134117
v 0.090472357 -0.027868452 -0.021656619
v 0.090472357 -0.01713653 -0.021713437
v 0.090472357 0.017010496 -0.021894221
v 0.090472357 0.027742418 -0.021951039
v 0.090765851 -0.050172661 0.013075795
v 0.090765851 -0.027733187 0.012956994
v 0.090765851 0.027877684 0.012662574
v 0.090765851 0.050317158 0.012543773
v 0.090765855 -0.050317156 -0.023899704
v 0.090765855 -0.027877682 -0.024018506
v 0.090765855 0.027733188 -0.024312925
v 0.090765855 0.050172663 -0.024431726
v 0.090900371 -0.050167815 0.014315827
v 0.090900371 0.050322004 0.013783805
v 0.090900375 -0.050322002 -0.025139736
v 0.090900375 0.050167817 -0.025671758
v 0.092159457 -0.027746455 0.0095617761
v 0.092159457 -0.017014532 0.0095049582
v 0.092159457 0.017132494 0.0093241741
v 0.092159457 0.027864416 0.0092673562
v 0.09215946 -0.0278671 -0.021310563
v 0.09215946 -0.017135178 -0.021367381
v 0.09215946 0.017011848 -0.021548165
v 0.09215946 0.027743771 -0.021604983
v 0.092742172 -0.050174245 0.012670415
v 0.092742172 -0.027734771 0.012551614
v 0.092742172 0.0278761 0.012257195
v 0.092742172 0.050315574 0.012138393
v 0.092742176 -0.050315572 -0.023494325
v 0.092742176 -0.027876098 -0.023613126
v 0.092742176 0.027734773 -0.023907546
v 0.092742176 0.050174247 -0.024026347
v 0.09300925 -0.050169505 0.013883257
v 0.09300925 0.050320314 0.013351235
v 0.093009254 -0.050320312 -0.024707167
v 0.093009254 0.050169507 -0.025239188
v 0.093796993 -0.027748687 0.0089906265
v 0.093796993 -0.017016764 0.0089338086
v 0.093796993 0.017130262 0.0087530245
v 0.093796993 0.027862184 0.0086962066
v 0.093796996 -0.027864868 -0.020739413
v 0.093796996 -0.017132946 -0.020796231
v 0.093796996 0.01701408 -0.020977015
v 0.093796996 0.027746003 -0.021033833
v 0.094660428 -0.05017686 0.012001354
v 0.094660428 -0.027737385 0.011882553
v 0.094660428 0.027873485 0.011588134
v 0.094660428 0.050312959 0.011469332
v 0.094660431 -0.050312958 -0.022825263
v 0.094660431 -0.027873484 -0.022944064
v 0.094660431 0.027737387 -0.023238484
v 0.094660431 0.050176861 -0.023357285
v 0.095056169 -0.050172295 0.01316932
v 0.095056169 0.050317524 0.012637298
v 0.095056173 -0.050317522 -0.023993229
v 0.095056173 0.050172297 -0.024525251
v 0.095361081 -0.027751766 0.0082027114
v 0.095361081 -0.017019843 0.0081458935
v 0.095361081 0.017127183 0.0079651094
v 0.095361081 0.027859105 0.0079082915
v 0.095361084 -0.027861789 -0.019951497
v 0.095361084 -0.017129867 -0.020008315
v 0.095361084 0.017017159 -0.020189099
v 0.095361084 0.027749082 -0.020245917
v 0.096492646 -0.050180467 0.011078368
v 0.096492646 -0.027740992 0.010959567
v 0.096492646 0.027869878 0.010665147
v 0.096492646 0.050309353 0.010546346
v 0.09649265 -0.050309351 -0.021902276
v 0.09649265 -0.027869877 -0.022021077
v 0.09649265 0.027740994 -0.022315497
v 0.09649265 0.050180468 -0.022434298
v 0.096828916 -0.027755647 0.0072095204
v 0.096828916 -0.017023725 0.0071527025
v 0.096828916 0.017123301 0.0069719184
v 0.096828916 0.027855224 0.0069151005
v 0.096828919 -0.027857908 -0.018958306
v 0.096828919 -0.017125985 -0.019015124
v 0.096828919 0.017021041 -0.019195908
v 0.096828919 0.027752963 -0.019252726
v 0.09701128 -0.050176144 0.012184426
v 0.09701128 0.050313675 0.011652405
v 0.097011284 -0.050313673 -0.023008335
v 0.097011284 0.050176146 -0.023540357
v 0.098179092 -0.027760274 0.0060255365
v 0.098179092 -0.017028352 0.0059687186
v 0.098179092 0.017118674 0.0057879344
v 0.098179092 0.027850597 0.0057311166
v 0.098179094 -0.027853281 -0.017774322
v 0.098179094 -0.017121358 -0.01783114
v 0.098179094 0.017025668 -0.018011924
v 0.098179094 0.02775759 -0.018068742
v 0.098212109 -0.050185013 0.0099149159
v 0.098212109 -0.027745539 0.0097961149
v 0.098212109 0.027865332 0.009501695
v 0.098212109 0.050304806 0.0093828939
v 0.098212113 -0.050304804 -0.020738824
v 0.098212113 -0.02786533 -0.020857625
v 0.098212113 0.027745541 -0.021152045
v 0.098212113 0.050185015 -0.021270846
v 0.098846073 -0.050180996 0.010942938
v 0.098846073 0.050308823 0.010410916
v 0.098846077 -0.050308822 -0.021766845
v 0.098846077 0.050180998 -0.022298867
v 0.09939192 -0.027765579 0.0046680248
v 0.09939192 -0.017033657 0.0046112069
v 0.09939192 0.017113369 0.0044304227
v 0.09939192 0.027845292 0.0043736049
v 0.099391922 -0.027847976 -0.01641681
v 0.099391922 -0.017116053 -0.016473628
v 0.099391922 0.017030973 -0.016654412
v 0.099391922 0.027762895 -0.01671123
v 0.099793744 -0.050190433 0.0085279633
v 0.099793744 -0.027750959 0.0084091623
v 0.099793744 0.027859912 0.0081147424
v 0.099793744 0.050299386 0.0079959413
v 0.099793747 -0.050299384 -0.019351871
v 0.099793747 -0.02785991 -0.019470672
v 0.099793747 0.027750961 -0.019765092
v 0.099793747 0.050190435 -0.019883893
v 0.10044972 -0.02784207 -0.014905566
v 0.10044972 -0.027771485 0.0031567809
v 0.10044972 -0.017110148 -0.014962383
v 0.10044972 -0.017039562 0.003099963
v 0.10044972 0.017036878 -0.015143168
v 0.10044972 0.017107464 0.0029191788
v 0.10044972 0.027768801 -0.015199985
v 0.10044972 0.027839386 0.002862361
v 0.10053379 -0.050186779 0.0094629578
v 0.10053379 0.05030304 0.0089309359
v 0.1005338 -0.050303038 -0.020286865
v 0.1005338 0.050186781 -0.020818887
v 0.10121449 -0.05029317 -0.017761642
v 0.10121449 -0.050196648 0.0069377353
v 0.10121449 -0.027853696 -0.017880443
v 0.10121449 -0.027757173 0.0068189343
v 0.10121449 0.027757175 -0.018174863
v 0.10121449 0.027853697 0.0065245144
v 0.10121449 0.050196649 -0.018293664
v 0.10121449 0.050293171 0.0064057133
v 0.10133705 -0.02783565 -0.013262627
v 0.10133705 -0.027777905 0.0015138421
v 0.10133705 -0.017103727 -0.013319444
v 0.10133705 -0.017045983 0.0014570242
v 0.10133705 0.017043299 -0.013500229
v 0.10133705 0.017101043 0.0012762401
v 0.10133705 0.027775221 -0.013557046
v 0.10133705 0.027832966 0.0012194222
v 0.10204099 -0.027828808 -0.011511951
v 0.10204099 -0.027784747 -0.0002368338
v 0.10204099 -0.017096886 -0.011568768
v 0.10204099 -0.017052824 -0.00029365168
v 0.10204099 0.01705014 -0.011749553
v 0.10204099 0.017094202 -0.00047443583
v 0.10204099 0.027782063 -0.01180637
v 0.10204099 0.027826124 -0.00053125371
v 0.10204983 -0.050296407 -0.018589975
v 0.10204983 -0.050193411 0.0077660682
v 0.10204983 0.050193412 -0.019121997
v 0.10204983 0.050296409 0.0072340462
v 0.10245362 -0.050286252 -0.015991328
v 0.10245362 -0.050203566 0.005167421
v 0.10245362 -0.027846777 -0.016110129
v 0.10245362 -0.027764092 0.00504862
v 0.10245362 0.027764093 -0.016404549
v 0.10245362 0.027846779 0.0047542001
v 0.10245362 0.050203568 -0.01652335
v 0.10245362 0.050286253 0.0046353991
v 0.10255127 -0.027821646 -0.0096790662
v 0.10255127 -0.027791909 -0.002069718
v 0.10255127 -0.017089723 -0.0097358841
v 0.10255127 -0.017059987 -0.0021265359
v 0.10255127 0.017057303 -0.0099166682
v 0.10255127 0.017087039 -0.00230732
v 0.10255127 0.027789225 -0.0099734861
v 0.10255127 0.027818962 -0.0023641379
v 0.10286044 -0.027814266 -0.0077907011
v 0.10286044 -0.027799289 -0.003958083
v 0.10286044 -0.017082344 -0.007847519
v 0.10286044 -0.017067366 -0.0040149008
v 0.10286044 0.017064682 -0.0080283032
v 0.10286044 0.01707966 -0.004195685
v 0.10286044 0.027796605 -0.0080851211
v 0.10286044 0.027811582 -0.0042525029
v 0.102964 -0.027806777 -0.005874392
v 0.102964 -0.017074855 -0.0059312099
v 0.102964 0.017072171 -0.0061119941
v 0.102964 0.027804093 -0.0061688119
v 0.10337207 -0.050289025 -0.01670092
v 0.10337207 -0.050200793 0.0058770133
v 0.10337207 0.050200795 -0.017232942
v 0.10337207 0.050289026 0.0053449914
v 0.10349307 -0.050278731 -0.014066742
v 0.10349307 -0.050211087 0.0032428356
v 0.10349307 -0.027839256 -0.014185543
v 0.10349307 -0.027771613 0.0031240346
v 0.10349307 0.027771614 -0.014479963
v 0.10349307 0.027839258 0.0028296146
v 0.10349307 0.050211089 -0.014598764
v 0.10349307 0.050278732 0.0027108136
v 0.10431768 -0.050219101 0.0011920438
v 0.10431768 -0.027779627 0.0010732428
v 0.10431768 0.027831244 0.00077882289
v 0.10431768 0.050270718 0.00066002188
v 0.10431769 -0.050270716 -0.01201595
v 0.10431769 -0.027831242 -0.012134751
v 0.10431769 0.027779629 -0.012429171
v 0.10431769 0.050219103 -0.012547972
v 0.10448124 -0.050208818 0.0038233398
v 0.10448124 0.050281001 0.0032913179
v 0.10448125 -0.050280999 -0.014647246
v 0.10448125 0.05020882 -0.015179268
v 0.10491544 -0.050262326 -0.009868857
v 0.10491544 -0.050227492 -0.00095504912
v 0.10491544 -0.027822852 -0.009987658
v 0.10491544 -0.027788017 -0.0010738501
v 0.10491544 0.027788019 -0.010282078
v 0.10491544 0.027822853 -0.00136827
v 0.10491544 0.050227493 -0.010400879
v 0.10491544 0.050262327 -0.0014870711
v 0.10527761 -0.050253681 -0.0076567722
v 0.10527761 -0.050236136 -0.0031671338
v 0.10527761 -0.027814207 -0.0077755732
v 0.10527761 -0.027796662 -0.0032859348
v 0.10527761 0.027796664 -0.0080699931
v 0.10527761 0.027814209 -0.0035803547
v 0.10527761 0.050236138 -0.0081887942
v 0.10527761 0.050253683 -0.0036991557
v 0.10536117 -0.050272447 -0.012458901
v 0.10536117 -0.05021737 0.001634995
v 0.10536117 0.050217372 -0.012990923
v 0.10536117 0.050272449 0.001102973
v 0.10539893 -0.050244909 -0.005411953
v 0.10539893 -0.027805435 -0.005530754
v 0.10539893 0.027805436 -0.0058251739
v 0.10539893 0.05024491 -0.0059439749
v 0.10599901 -0.050263494 -0.010167796
v 0.10599901 -0.050226323 -0.0006561103
v 0.10599901 0.050226325 -0.010699817
v 0.10599901 0.050263496 -0.0011881322
v 0.10638548 -0.05025427 -0.0078073392
v 0.10638548 -0.050235548 -0.0030165665
v 0.10638548 0.05023555 -0.0083393612
v 0.10638548 0.050254271 -0.0035485884
v 0.10651493 -0.050244909 -0.0054119528
v 0.10651493 0.05024491 -0.0059439748
v 0.10682401 -0.014631728 -0.028121149
v 0.10682401 -0.01398053 0.02015678
v 0.10682401 -0.013956844 0.019701021
v 0.10682401 -0.013956844 0.020612539
v 0.10682401 -0.013886134 0.019251908
v 0.10682401 -0.013886134 0.021061651
v 0.10682401 -0.01376943 0.01881599
v 0.10682401 -0.01376943 0.021497569
v 0.10682401 -0.013608434 0.018399624
v 0.10682401 -0.013608434 0.021913935
v 0.10682401 -0.013405493 0.018008881
v 0.10682401 -0.013405493 0.022304678
v 0.10682401 -0.013163568 0.017649459
v 0.10682401 -0.013163568 0.0226641
v 0.10682401 -0.012886185 0.0173266
v 0.10682401 -0.012886185 0.022986959
v 0.10682401 -0.012577389 0.017045011
v 0.10682401 -0.012577389 0.023268548
v 0.10682401 -0.012244274 0.02015678
v 0.10682401 -0.012241684 0.016808799
v 0.10682401 -0.012241684 0.02350476
v 0.10682401 -0.012233248 0.019944615
v 0.10682401 -0.012233248 0.020368945
v 0.10682401 -0.012200331 0.019735544
v 0.10682401 -0.012200331 0.020578016
v 0.10682401 -0.012146003 0.019532615
v 0.10682401 -0.012146003 0.020780944
v 0.10682401 -0.012071056 0.019338788
v 0.10682401 -0.012071056 0.020974771
v 0.10682401 -0.011976583 0.019156889
v 0.10682401 -0.011976583 0.02115667
v 0.10682401 -0.011883966 0.016621408
v 0.10682401 -0.011883966 0.023692151
v 0.10682401 -0.011863961 0.018989571
v 0.10682401 -0.011863961 0.021323988
v 0.10682401 -0.011734834 0.018839274
v 0.10682401 -0.011734834 0.021474285
v 0.10682401 -0.011591083 0.018708189
v 0.10682401 -0.011591083 0.021605371
v 0.10682401 -0.011509449 0.01648557
v 0.10682401 -0.011509449 0.023827989
v 0.10682401 -0.011434806 0.018598227
v 0.10682401 -0.011434806 0.021715332
v 0.10682401 -0.011268281 0.018510993
v 0.10682401 -0.011268281 0.021802567
v 0.10682401 -0.011123596 0.016403267
v 0.10682401 -0.011123596 0.023910292
v 0.10682401 -0.011093936 0.018447757
v 0.10682401 -0.011093936 0.021865802
v 0.10682401 -0.010914313 0.018409444
v 0.10682401 -0.010914313 0.021904116
v 0.10682401 -0.010732033 0.016375699
v 0.10682401 -0.010732033 0.01839661
v 0.10682401 -0.010732033 0.021916949
v 0.10682401 -0.010732033 0.02393786
v 0.10682401 -0.010549752 0.018409444
v 0.10682401 -0.010549752 0.021904116
v 0.10682401 -0.010456885 -0.025276781
v 0.10682401 -0.01037013 0.018447757
v 0.10682401 -0.01037013 0.021865802
v 0.10682401 -0.010195784 0.018510993
v 0.10682401 -0.010195784 0.021802567
v 0.10682401 -0.010029259 0.018598227
v 0.10682401 -0.010029259 0.021715332
v 0.10682401 -0.0098729817 0.018708189
v 0.10682401 -0.0098729817 0.021605371
v 0.10682401 -0.0097563932 -0.0056779661
v 0.10682401 -0.0097292312 0.018839274
v 0.10682401 -0.0097292312 0.021474285
v 0.10682401 -0.0096960116 -0.0069394228
v 0.10682401 -0.0096960116 -0.0044165094
v 0.10682401 -0.0096001039 0.018989571
v 0.10682401 -0.0096001039 0.021323988
v 0.10682401 -0.0095156143 -0.0081852653
v 0.10682401 -0.0095156143 -0.0031706669
v 0.10682401 -0.0094874826 0.019156889
v 0.10682401 -0.0094874826 0.02115667
v 0.10682401 -0.0093930096 0.019338788
v 0.10682401 -0.0093930096 0.020974771
v 0.10682401 -0.0093180626 0.019532615
v 0.10682401 -0.0093180626 0.020780944
v 0.10682401 -0.0092637345 0.019735544
v 0.10682401 -0.0092637345 0.020578016
v 0.10682401 -0.009263203 0.028121149
v 0.10682401 -0.0092308174 0.019944615
v 0.10682401 -0.0092308174 0.020368945
v 0.10682401 -0.0092197915 0.02015678
v 0.10682401 -0.0092174341 -0.0094000729
v 0.10682401 -0.0092174341 -0.0019558593
v 0.10682401 -0.008805162 -0.010568809
v 0.10682401 -0.008805162 -0.0007871234
v 0.10682401 -0.0082839009 -0.011677007
v 0.10682401 -0.0082839009 0.00032107441
v 0.10682401 -0.0078994876 0.016375699
v 0.10682401 -0.007660103 -0.012710949
v 0.10682401 -0.007660103 0.001355017
v 0.10682401 -0.0069414894 -0.013657839
v 0.10682401 -0.0069414894 0.0023019065
v 0.10682401 -0.0061369552 -0.014505954
v 0.10682401 -0.0061369552 0.0031500223
v 0.10682401 -0.0019512779 -0.0056779661
v 0.10682401 -0.0019370509 -0.0059517274
v 0.10682401 -0.0019370509 -0.0054042048
v 0.10682401 -0.0018945773 -0.0062214966
v 0.10682401 -0.0018945773 -0.0051344356
v 0.10682401 -0.0018244765 -0.0064833399
v 0.10682401 -0.0018244765 -0.0048725923
v 0.10682401 -0.0017277707 -0.0067334391
v 0.10682401 -0.0017277707 -0.0046224931
v 0.10682401 -0.0016058701 -0.0069681471
v 0.10682401 -0.0016058701 -0.0043877852
v 0.10682401 -0.0014605523 -0.0071840413
v 0.10682401 -0.0014605523 -0.0041718909
v 0.10682401 -0.0012939363 -0.0073779736
v 0.10682401 -0.0012939363 -0.0039779586
v 0.10682401 -0.0011084518 -0.0075471159
v 0.10682401 -0.0011084518 -0.0038088163
v 0.10682401 -0.0009068036 -0.0076890018
v 0.10682401 -0.0009068036 -0.0036669304
v 0.10682401 -0.00069193212 -0.0078015623
v 0.10682401 -0.00069193212 -0.0035543699
v 0.10682401 -0.00046697071 -0.007883156
v 0.10682401 -0.00046697071 -0.0034727762
v 0.10682401 -0.00023519979 -0.007932593
v 0.10682401 -0.00023519979 -0.0034233392
v 0.10682401 8.783567e-10 -0.0079491525
v 0.10682401 8.783567e-10 -0.0034067797
v 0.10682401 0.00023520155 -0.007932593
v 0.10682401 0.00023520155 -0.0034233392
v 0.10682401 0.00046697246 -0.007883156
v 0.10682401 0.00046697246 -0.0034727762
v 0.10682401 0.00069193388 -0.0078015623
v 0.10682401 0.00069193388 -0.0035543699
v 0.10682401 0.00090680536 -0.0076890018
v 0.10682401 0.00090680536 -0.0036669304
v 0.10682401 0.0011084536 -0.0075471159
v 0.10682401 0.0011084536 -0.0038088163
v 0.10682401 0.0012939381 -0.0073779736
v 0.10682401 0.0012939381 -0.0039779586
v 0.10682401 0.001460554 -0.0071840413
v 0.10682401 0.001460554 -0.0041718909
v 0.10682401 0.0016058719 -0.0069681471
v 0.10682401 0.0016058719 -0.0043877852
v 0.10682401 0.0017277725 -0.0067334391
v 0.10682401 0.0017277725 -0.0046224931
v 0.10682401 0.0018244783 -0.0064833399
v 0.10682401 0.0018244783 -0.0048725923
v 0.10682401 0.0018945791 -0.0062214966
v 0.10682401 0.0018945791 -0.0051344356
v 0.10682401 0.0019370527 -0.0059517274
v 0.10682401 0.0019370527 -0.0054042048
v 0.10682401 0.0019512797 -0.0056779661
v 0.10682401 0.006136957 -0.014505954
v 0.10682401 0.006136957 0.0031500223
v 0.10682401 0.0069921762 -0.013597662
v 0.10682401 0.0069921762 0.00224173
v 0.10682401 0.007748937 -0.012577851
v 0.10682401 0.007748937 0.0012219187
v 0.10682401 0.0078994893 0.016375699
v 0.10682401 0.0083965831 -0.011460881
v 0.10682401 0.0083965831 0.00010494851
v 0.10682401 0.0089259951 -0.01026248
v 0.10682401 0.0089259951 -0.0010934523
v 0.10682401 0.0092197933 0.02015678
v 0.10682401 0.0092308192 0.019944615
v 0.10682401 0.0092308192 0.020368945
v 0.10682401 0.0092632047 0.028121149
v 0.10682401 0.0092637362 0.019735544
v 0.10682401 0.0092637362 0.020578016
v 0.10682401 0.0093180644 0.019532615
v 0.10682401 0.0093180644 0.020780944
v 0.10682401 0.009329718 -0.0089995235
v 0.10682401 0.009329718 -0.0023564087
v 0.10682401 0.0093930114 0.019338788
v 0.10682401 0.0093930114 0.020974771
v 0.10682401 0.0094874843 0.019156889
v 0.10682401 0.0094874843 0.02115667
v 0.10682401 0.0096001056 0.018989571
v 0.10682401 0.0096001056 0.021323988
v 0.10682401 0.009602067 -0.0076897955
v 0.10682401 0.009602067 -0.0036661367
v 0.10682401 0.009729233 0.018839274
v 0.10682401 0.009729233 0.021474285
v 0.10682401 0.009739207 -0.0063517384
v 0.10682401 0.009739207 -0.0050041938
v 0.10682401 0.0098729835 0.018708189
v 0.10682401 0.0098729835 0.021605371
v 0.10682401 0.010029261 0.018598227
v 0.10682401 0.010029261 0.021715332
v 0.10682401 0.010195786 0.018510993
v 0.10682401 0.010195786 0.021802567
v 0.10682401 0.010370131 0.018447757
v 0.10682401 0.010370131 0.021865802
v 0.10682401 0.010456887 -0.025276781
v 0.10682401 0.010549754 0.018409444
v 0.10682401 0.010549754 0.021904116
v 0.10682401 0.010732034 0.016375699
v 0.10682401 0.010732034 0.01839661
v 0.10682401 0.010732034 0.021916949
v 0.10682401 0.010732034 0.02393786
v 0.10682401 0.010914315 0.018409444
v 0.10682401 0.010914315 0.021904116
v 0.10682401 0.011093937 0.018447757
v 0.10682401 0.011093937 0.021865802
v 0.10682401 0.011123597 0.016403267
v 0.10682401 0.011123597 0.023910292
v 0.10682401 0.011268282 0.018510993
v 0.10682401 0.011268282 0.021802567
v 0.10682401 0.011434808 0.018598227
v 0.10682401 0.011434808 0.021715332
v 0.10682401 0.011509451 0.01648557
v 0.10682401 0.011509451 0.023827989
v 0.10682401 0.011591085 0.018708189
v 0.10682401 0.011591085 0.021605371
v 0.10682401 0.011734836 0.018839274
v 0.10682401 0.011734836 0.021474285
v 0.10682401 0.011863963 0.018989571
v 0.10682401 0.011863963 0.021323988
v 0.10682401 0.011883967 0.016621408
v 0.10682401 0.011883967 0.023692151
v 0.10682401 0.011976584 0.019156889
v 0.10682401 0.011976584 0.02115667
v 0.10682401 0.012071057 0.019338788
v 0.10682401 0.012071057 0.020974771
v 0.10682401 0.012146004 0.019532615
v 0.10682401 0.012146004 0.020780944
v 0.10682401 0.012200332 0.019735544
v 0.10682401 0.012200332 0.020578016
v 0.10682401 0.012233249 0.019944615
v 0.10682401 0.012233249 0.020368945
v 0.10682401 0.012241686 0.016808799
v 0.10682401 0.012241686 0.02350476
v 0.10682401 0.012244275 0.02015678
v 0.10682401 0.012577391 0.017045011
v 0.10682401 0.012577391 0.023268548
v 0.10682401 0.012886186 0.0173266
v 0.10682401 0.012886186 0.022986959
v 0.10682401 0.013163569 0.017649459
v 0.10682401 0.013163569 0.0226641
v 0.10682401 0.013405495 0.018008881
v 0.10682401 0.013405495 0.022304678
v 0.10682401 0.013608436 0.018399624
v 0.10682401 0.013608436 0.021913935
v 0.10682401 0.013769432 0.01881599
v 0.10682401 0.013769432 0.021497569
v 0.10682401 0.013886136 0.019251908
v 0.10682401 0.013886136 0.021061651
v 0.10682401 0.013956846 0.019701021
v 0.10682401 0.013956846 0.020612539
v 0.10682401 0.013980531 0.02015678
v 0.10682401 0.014631729 -0.028121149
v 0.10885311 -0.014631728 -0.028121149
v 0.10885311 -0.010456885 -0.025276781
v 0.10885311 -0.0097563932 -0.0056779661
v 0.10885311 -0.0096960116 -0.0069394228
v 0.10885311 -0.0096960116 -0.0044165094
v 0.10885311 -0.0095156143 -0.0081852653
v 0.10885311 -0.0095156143 -0.0031706669
v 0.10885311 -0.0092174341 -0.0094000729
v 0.10885311 -0.0092174341 -0.0019558593
v 0.10885311 -0.008805162 -0.010568809
v 0.10885311 -0.008805162 -0.0007871234
v 0.10885311 -0.0082839009 -0.011677007
v 0.10885311 -0.0082839009 0.00032107441
v 0.10885311 -0.0078994876 0.016375699
v 0.10885311 -0.007660103 -0.012710949
v 0.10885311 -0.007660103 0.001355017
v 0.10885311 -0.0069414894 -0.013657839
v 0.10885311 -0.0069414894 0.0023019065
v 0.10885311 -0.0067948752 -0.016146338
v 0.10885311 -0.0063648473 0.0048600772
v 0.10885311 -0.0061369552 -0.014505954
v 0.10885311 -0.0061369552 0.0031500223
v 0.10885311 -0.0019512779 -0.0056779661
v 0.10885311 -0.0019370509 -0.0059517274
v 0.10885311 -0.0019370509 -0.0054042048
v 0.10885311 -0.0018945773 -0.0062214966
v 0.10885311 -0.0018945773 -0.0051344356
v 0.10885311 -0.0018244765 -0.0064833399
v 0.10885311 -0.0018244765 -0.0048725923
v 0.10885311 -0.0017277707 -0.0067334391
v 0.10885311 -0.0017277707 -0.0046224931
v 0.10885311 -0.0016058701 -0.0069681471
v 0.10885311 -0.0016058701 -0.0043877852
v 0.10885311 -0.0014605523 -0.0071840413
v 0.10885311 -0.0014605523 -0.0041718909
v 0.10885311 -0.0012939363 -0.0073779736
v 0.10885311 -0.0012939363 -0.0039779586
v 0.10885311 -0.0011084518 -0.0075471159
v 0.10885311 -0.0011084518 -0.0038088163
v 0.10885311 -0.0009068036 -0.0076890018
v 0.10885311 -0.0009068036 -0.0036669304
v 0.10885311 -0.00069193212 -0.0078015623
v 0.10885311 -0.00069193212 -0.0035543699
v 0.10885311 -0.00046697071 -0.007883156
v 0.10885311 -0.00046697071 -0.0034727762
v 0.10885311 -0.00023519979 -0.007932593
v 0.10885311 -0.00023519979 -0.0034233392
v 0.10885311 8.783567e-10 -0.0079491525
v 0.10885311 8.783567e-10 -0.0034067797
v 0.10885311 0.00023520155 -0.007932593
v 0.10885311 0.00023520155 -0.0034233392
v 0.10885311 0.00046697246 -0.007883156
v 0.10885311 0.00046697246 -0.0034727762
v 0.10885311 0.00069193388 -0.0078015623
v 0.10885311 0.00069193388 -0.0035543699
v 0.10885311 0.00090680536 -0.0076890018
v 0.10885311 0.00090680536 -0.0036669304
v 0.10885311 0.0011084536 -0.0075471159
v 0.10885311 0.0011084536 -0.0038088163
v 0.10885311 0.0012939381 -0.0073779736
v 0.10885311 0.0012939381 -0.0039779586
v 0.10885311 0.001460554 -0.0071840413
v 0.10885311 0.001460554 -0.0041718909
v 0.10885311 0.0016058719 -0.0069681471
v 0.10885311 0.0016058719 -0.0043877852
v 0.10885311 0.0017277725 -0.0067334391
v 0.10885311 0.0017277725 -0.0046224931
v 0.10885311 0.0018244783 -0.0064833399
v 0.10885311 0.0018244783 -0.0048725923
v 0.10885311 0.0018945791 -0.0062214966
v 0.10885311 0.0018945791 -0.0051344356
v 0.10885311 0.0019370527 -0.0059517274
v 0.10885311 0.0019370527 -0.0054042048
v 0.10885311 0.0019512797 -0.0056779661
v 0.10885311 0.006136957 -0.014505954
v 0.10885311 0.006136957 0.0031500223
v 0.10885311 0.006355874 0.00479273
v 0.10885311 0.006823795 -0.016218439
v 0.10885311 0.0069921762 -0.013597662
v 0.10885311 0.0069921762 0.00224173
v 0.10885311 0.007748937 -0.012577851
v 0.10885311 0.007748937 0.0012219187
v 0.10885311 0.0078994893 0.016375699
v 0.10885311 0.0083965831 -0.011460881
v 0.10885311 0.0083965831 0.00010494851
v 0.10885311 0.0089259951 -0.01026248
v 0.10885311 0.0089259951 -0.0010934523
v 0.10885311 0.009329718 -0.0089995235
v 0.10885311 0.009329718 -0.0023564087
v 0.10885311 0.009602067 -0.0076897955
v 0.10885311 0.009602067 -0.0036661367
v 0.10885311 0.009739207 -0.0063517384
v 0.10885311 0.009739207 -0.0050041938
v 0.10885311 0.010456887 -0.025276781
v 0.10885311 0.014631729 -0.028121149
f 521 714 578
f 521 771 714
f 660 675 677
f 658 675 660
f 658 673 675
f 656 673 658
f 662 660 677
f 662 677 680
f 664 680 682
f 664 662 680
f 654 673 656
f 666 682 692
f 666 664 682
f 652 673 654
f 668 666 692
f 668 692 700
f 650 673 652
f 648 673 650
f 670 668 700
f 670 700 704
f 646 673 648
f 672 670 704
f 672 704 705
f 671 672 705
f 671 705 701
f 619 646 644
f 619 578 714
f 619 673 646
f 619 714 673
f 642 619 644
f 669 671 701
f 669 701 693
f 640 619 642
f 667 669 693
f 667 693 683
f 638 619 640
f 665 667 683
f 665 683 681
f 636 619 638
f 663 665 681
f 663 681 678
f 661 663 678
f 661 678 676
f 634 619 636
f 617 619 634
f 632 617 634
f 659 661 676
f 674 651 653
f 674 653 655
f 674 655 657
f 674 657 659
f 674 659 676
f 615 632 630
f 615 617 632
f 649 651 674
f 647 649 674
f 612 615 630
f 612 630 628
f 610 628 626
f 610 612 628
f 608 610 626
f 608 626 624
f 594 624 622
f 594 608 624
f 590 622 621
f 590 594 622
f 737 758 760
f 735 758 737
f 735 756 758
f 735 754 756
f 741 737 760
f 733 754 735
f 733 751 754
f 743 760 762
f 743 741 760
f 729 751 733
f 745 743 762
f 745 762 764
f 727 751 729
f 727 739 751
f 723 739 727
f 723 731 739
f 747 745 764
f 747 766 768
f 747 764 766
f 587 590 621
f 749 747 768
f 721 731 723
f 721 725 731
f 721 717 725
f 718 717 721
f 753 768 770
f 753 749 768
f 715 717 718
f 750 770 769
f 750 753 770
f 712 717 715
f 748 750 769
f 748 769 767
f 746 748 767
f 746 765 763
f 746 767 765
f 710 717 712
f 591 621 623
f 591 587 621
f 744 763 761
f 744 746 763
f 708 717 710
f 679 717 708
f 742 744 761
f 706 679 708
f 738 761 759
f 738 742 761
f 702 679 706
f 698 679 702
f 595 623 625
f 595 591 623
f 757 736 738
f 757 738 759
f 696 679 698
f 694 679 696
f 755 736 757
f 755 734 736
f 690 679 694
f 609 625 627
f 609 595 625
f 688 679 690
f 685 679 688
f 752 734 755
f 752 728 730
f 752 730 734
f 684 679 685
f 611 609 627
f 611 627 629
f 686 679 684
f 740 728 752
f 613 629 631
f 613 611 629
f 616 631 633
f 616 613 631
f 620 635 637
f 620 637 639
f 620 639 641
f 620 641 643
f 620 643 645
f 620 645 647
f 620 647 674
f 618 633 635
f 618 635 620
f 618 616 633
f 732 724 728
f 732 728 740
f 726 722 724
f 726 724 732
f 720 699 703
f 720 703 707
f 720 707 709
f 720 709 711
f 720 711 713
f 720 713 716
f 720 716 719
f 720 719 722
f 720 722 726
f 687 691 695
f 687 695 697
f 687 697 699
f 687 699 720
f 614 674 679
f 614 620 674
f 588 614 592
f 585 614 588
f 596 592 614
f 598 596 614
f 583 614 585
f 583 572 614
f 600 598 614
f 581 572 583
f 579 572 581
f 602 600 614
f 605 602 614
f 576 572 579
f 607 605 614
f 573 572 576
f 570 566 572
f 570 560 566
f 570 572 573
f 606 607 614
f 606 686 689
f 606 614 679
f 606 679 686
f 568 552 560
f 568 560 570
f 603 606 689
f 564 552 568
f 601 603 689
f 601 689 691
f 562 540 552
f 562 552 564
f 558 537 540
f 558 540 562
f 556 535 537
f 556 537 558
f 554 535 556
f 533 535 554
f 531 533 554
f 531 554 550
f 529 531 550
f 529 550 548
f 529 548 546
f 527 529 546
f 525 546 544
f 525 527 546
f 523 525 544
f 523 544 542
f 522 542 539
f 522 539 543
f 522 523 542
f 575 574 577
f 575 577 580
f 575 580 582
f 575 582 584
f 575 584 586
f 575 586 589
f 575 589 593
f 524 522 543
f 524 543 545
f 567 574 575
f 567 571 574
f 561 571 567
f 561 569 571
f 526 524 545
f 528 545 547
f 528 526 545
f 553 569 561
f 553 565 569
f 541 565 553
f 541 563 565
f 530 528 547
f 530 547 549
f 530 549 551
f 538 563 541
f 538 559 563
f 532 530 551
f 534 532 551
f 534 551 555
f 534 555 557
f 536 559 538
f 536 534 557
f 536 557 559
f 604 575 593
f 604 601 691
f 604 691 687
f 604 593 597
f 604 597 599
f 604 599 601
f 1619 1450 1625
f 1445 1619 1618
f 1445 1450 1619
f 1391 1564 1562
f 1385 1562 1556
f 1385 1391 1562
f 1292 1349 1485
f 1292 1485 1542
f 1431 1448 1446
f 1429 1431 1446
f 1429 1446 1444
f 1433 1448 1431
f 1433 1451 1448
f 1427 1429 1444
f 1435 1453 1451
f 1435 1451 1433
f 1425 1427 1444
f 1437 1463 1453
f 1437 1453 1435
f 1423 1425 1444
f 1421 1423 1444
f 1439 1463 1437
f 1439 1471 1463
f 1419 1421 1444
f 1441 1471 1439
f 1441 1475 1471
f 1417 1419 1444
f 1443 1475 1441
f 1443 1476 1475
f 1442 1476 1443
f 1442 1472 1476
f 1390 1417 1444
f 1390 1415 1417
f 1390 1485 1349
f 1390 1444 1485
f 1413 1415 1390
f 1440 1472 1442
f 1440 1464 1472
f 1411 1413 1390
f 1438 1464 1440
f 1438 1454 1464
f 1409 1411 1390
f 1436 1454 1438
f 1436 1452 1454
f 1407 1409 1390
f 1434 1452 1436
f 1434 1449 1452
f 1432 1449 1434
f 1432 1447 1449
f 1405 1407 1390
f 1388 1405 1390
f 1403 1405 1388
f 1430 1447 1432
f 1445 1424 1422
f 1445 1426 1424
f 1445 1428 1426
f 1445 1430 1428
f 1445 1447 1430
f 1386 1401 1403
f 1386 1403 1388
f 1420 1445 1422
f 1418 1445 1420
f 1383 1399 1401
f 1383 1401 1386
f 1381 1397 1399
f 1381 1399 1383
f 1379 1395 1397
f 1379 1397 1381
f 1365 1393 1395
f 1365 1395 1379
f 1361 1393 1365
f 1361 1392 1393
f 1506 1527 1525
f 1508 1527 1506
f 1508 1531 1529
f 1508 1529 1527
f 1504 1506 1525
f 1512 1531 1508
f 1500 1504 1525
f 1500 1525 1522
f 1500 1522 1510
f 1514 1531 1512
f 1514 1533 1531
f 1498 1500 1510
f 1516 1533 1514
f 1516 1537 1535
f 1516 1535 1533
f 1494 1498 1510
f 1494 1510 1502
f 1494 1502 1496
f 1518 1537 1516
f 1358 1392 1361
f 1520 1537 1518
f 1520 1539 1537
f 1492 1494 1496
f 1489 1496 1488
f 1489 1492 1496
f 1524 1541 1539
f 1524 1539 1520
f 1486 1489 1488
f 1521 1540 1541
f 1521 1541 1524
f 1483 1486 1488
f 1519 1540 1521
f 1519 1538 1540
f 1517 1534 1536
f 1517 1536 1538
f 1517 1538 1519
f 1481 1483 1488
f 1362 1392 1358
f 1362 1394 1392
f 1479 1481 1488
f 1515 1534 1517
f 1515 1532 1534
f 1450 1479 1488
f 1477 1479 1450
f 1513 1532 1515
f 1473 1477 1450
f 1509 1532 1513
f 1509 1530 1532
f 1469 1473 1450
f 1366 1394 1362
f 1366 1396 1394
f 1528 1530 1509
f 1528 1509 1507
f 1467 1469 1450
f 1465 1467 1450
f 1526 1505 1501
f 1526 1507 1505
f 1526 1528 1507
f 1461 1465 1450
f 1380 1398 1396
f 1380 1396 1366
f 1459 1461 1450
f 1456 1459 1450
f 1523 1501 1499
f 1523 1526 1501
f 1455 1456 1450
f 1382 1400 1398
f 1382 1398 1380
f 1457 1455 1450
f 1511 1523 1499
f 1384 1402 1400
f 1384 1400 1382
f 1387 1404 1402
f 1387 1402 1384
f 1391 1408 1406
f 1391 1410 1408
f 1391 1412 1410
f 1391 1414 1412
f 1391 1416 1414
f 1391 1418 1416
f 1391 1445 1418
f 1389 1406 1404
f 1389 1391 1406
f 1389 1404 1387
f 1503 1499 1495
f 1503 1511 1499
f 1497 1495 1493
f 1497 1503 1495
f 1491 1474 1470
f 1491 1478 1474
f 1491 1480 1478
f 1491 1482 1480
f 1491 1484 1482
f 1491 1487 1484
f 1491 1490 1487
f 1491 1493 1490
f 1491 1497 1493
f 1458 1470 1468
f 1458 1491 1470
f 1458 1466 1462
f 1458 1468 1466
f 1385 1457 1450
f 1385 1450 1445
f 1385 1445 1391
f 1359 1363 1385
f 1356 1359 1385
f 1367 1385 1363
f 1369 1385 1367
f 1354 1385 1343
f 1354 1356 1385
f 1371 1385 1369
f 1352 1354 1343
f 1350 1352 1343
f 1373 1385 1371
f 1376 1385 1373
f 1347 1350 1343
f 1378 1385 1376
f 1344 1347 1343
f 1344 1343 1337
f 1377 1385 1378
f 1377 1457 1385
f 1377 1460 1457
f 1341 1344 1337
f 1341 1337 1331
f 1339 1341 1331
f 1374 1460 1377
f 1372 1460 1374
f 1372 1458 1462
f 1372 1462 1460
f 1335 1331 1323
f 1335 1339 1331
f 1333 1323 1311
f 1333 1335 1323
f 1329 1311 1308
f 1329 1333 1311
f 1327 1308 1306
f 1327 1329 1308
f 1325 1327 1306
f 1304 1325 1306
f 1321 1325 1304
f 1302 1321 1304
f 1300 1321 1302
f 1300 1319 1321
f 1298 1319 1300
f 1298 1317 1319
f 1296 1317 1298
f 1296 1315 1317
f 1296 1313 1315
f 1294 1313 1296
f 1293 1313 1294
f 1293 1310 1313
f 1346 1348 1345
f 1346 1351 1348
f 1346 1353 1351
f 1346 1355 1353
f 1346 1357 1355
f 1346 1360 1357
f 1346 1364 1360
f 1295 1310 1293
f 1295 1314 1310
f 1295 1316 1314
f 1338 1345 1342
f 1338 1346 1345
f 1332 1338 1342
f 1332 1342 1340
f 1297 1316 1295
f 1299 1316 1297
f 1299 1318 1316
f 1299 1320 1318
f 1324 1332 1340
f 1324 1340 1336
f 1312 1324 1336
f 1312 1336 1334
f 1301 1320 1299
f 1301 1322 1320
f 1309 1312 1334
f 1309 1334 1330
f 1303 1322 1301
f 1305 1322 1303
f 1305 1326 1322
f 1307 1309 1330
f 1307 1326 1305
f 1307 1328 1326
f 1307 1330 1328
f 1375 1364 1346
f 1375 1458 1372
f 1375 1368 1364
f 1375 1370 1368
f 1375 1372 1370
f 1443 1614 1616
f 1441 1614 1443
f 1439 1612 1614
f 1439 1614 1441
f 1437 1610 1612
f 1437 1612 1439
f 1435 1608 1610
f 1435 1606 1608
f 1435 1610 1437
f 1433 1606 1435
f 1431 1604 1606
f 1431 1606 1433
f 1429 1602 1604
f 1429 1604 1431
f 1427 1600 1602
f 1427 1602 1429
f 1425 1598 1600
f 1425 1600 1427
f 1423 1596 1598
f 1423 1598 1425
f 1421 1594 1596
f 1421 1596 1423
f 1419 1594 1421
f 1419 1592 1594
f 1417 1592 1419
f 1417 1590 1592
f 1415 1590 1417
f 1415 1588 1590
f 1413 1588 1415
f 1413 1586 1588
f 1411 1586 1413
f 1411 1584 1586
f 1409 1584 1411
f 1409 1582 1584
f 1407 1582 1409
f 1407 1580 1582
f 1405 1580 1407
f 1405 1578 1580
f 1403 1578 1405
f 1403 1576 1578
f 1403 1574 1576
f 1401 1574 1403
f 1399 1574 1401
f 1399 1572 1574
f 1397 1572 1399
f 1397 1570 1572
f 1395 1568 1570
f 1395 1570 1397
f 1393 1566 1568
f 1393 1565 1566
f 1393 1568 1395
f 1392 1565 1393
f 1388 1563 1559
f 1388 1390 1563
f 1386 1559 1557
f 1386 1388 1559
f 1383 1557 1554
f 1383 1386 1557
f 1381 1554 1552
f 1381 1383 1554
f 1379 1552 1550
f 1379 1381 1552
f 1365 1550 1548
f 1365 1379 1550
f 1361 1548 1546
f 1361 1546 1545
f 1361 1365 1548
f 1358 1361 1545
f 1447 1445 1618
f 1447 1618 1622
f 1449 1622 1624
f 1449 1447 1622
f 1452 1624 1627
f 1452 1449 1624
f 1454 1627 1629
f 1454 1452 1627
f 1464 1629 1631
f 1464 1454 1629
f 1472 1631 1633
f 1472 1464 1631
f 1476 1633 1635
f 1476 1472 1633
f 1475 1635 1634
f 1475 1476 1635
f 1471 1634 1632
f 1471 1475 1634
f 1463 1632 1630
f 1463 1630 1628
f 1463 1471 1632
f 1453 1463 1628
f 1451 1628 1626
f 1451 1453 1628
f 1448 1626 1623
f 1448 1451 1626
f 1446 1623 1621
f 1446 1621 1617
f 1446 1448 1623
f 1444 1446 1617
f 1362 1358 1545
f 1362 1545 1547
f 1366 1547 1549
f 1366 1362 1547
f 1380 1549 1551
f 1380 1366 1549
f 1382 1551 1553
f 1382 1380 1551
f 1384 1553 1555
f 1384 1382 1553
f 1387 1555 1558
f 1387 1384 1555
f 1389 1558 1560
f 1389 1560 1564
f 1389 1387 1558
f 1391 1389 1564
f 1544 1292 1543
f 1349 1292 1544
f 1561 1349 1544
f 1390 1561 1563
f 1390 1349 1561
f 1444 1617 1620
f 1485 1620 1636
f 1485 1444 1620
f 1637 1485 1636
f 1542 1485 1637
f 1394 1565 1392
f 1394 1567 1565
f 1396 1569 1567
f 1396 1567 1394
f 1398 1571 1569
f 1398 1569 1396
f 1400 1573 1571
f 1400 1571 1398
f 1402 1575 1573
f 1402 1573 1400
f 1404 1577 1575
f 1404 1579 1577
f 1404 1575 1402
f 1406 1579 1404
f 1408 1581 1579
f 1408 1579 1406
f 1410 1583 1581
f 1410 1581 1408
f 1412 1585 1583
f 1412 1583 1410
f 1414 1587 1585
f 1414 1585 1412
f 1416 1587 1414
f 1416 1589 1587
f 1418 1589 1416
f 1418 1591 1589
f 1420 1591 1418
f 1420 1593 1591
f 1422 1593 1420
f 1422 1595 1593
f 1424 1595 1422
f 1424 1597 1595
f 1426 1597 1424
f 1426 1599 1597
f 1428 1599 1426
f 1428 1601 1599
f 1430 1601 1428
f 1430 1603 1601
f 1432 1603 1430
f 1432 1605 1603
f 1434 1605 1432
f 1434 1607 1605
f 1436 1607 1434
f 1436 1609 1607
f 1436 1611 1609
f 1438 1611 1436
f 1440 1613 1611
f 1440 1611 1438
f 1442 1615 1613
f 1442 1613 1440
f 1443 1615 1442
f 1443 1616 1615
f 108 89 116
f 128 116 144
f 128 108 116
f 148 128 144
f 80 56 89
f 80 89 108
f 176 144 164
f 176 164 192
f 176 148 144
f 48 36 56
f 48 56 80
f 198 192 212
f 198 176 192
f 40 16 36
f 40 36 48
f 216 198 212
f 28 8 16
f 28 16 40
f 232 216 212
f 236 216 232
f 20 4 8
f 20 8 28
f 254 236 232
f 253 236 254
f 11 1 4
f 11 4 20
f 280 254 288
f 280 253 254
f 19 3 1
f 19 1 11
f 308 280 288
f 7 3 19
f 300 280 308
f 27 7 19
f 320 308 329
f 320 300 308
f 39 15 7
f 39 7 27
f 35 15 39
f 47 35 39
f 342 329 357
f 342 320 329
f 377 342 357
f 55 35 47
f 79 55 47
f 370 342 377
f 107 55 79
f 107 88 55
f 390 370 377
f 390 377 405
f 127 88 107
f 115 88 127
f 433 390 405
f 433 410 390
f 147 115 127
f 143 115 147
f 465 410 433
f 465 438 410
f 175 143 147
f 163 143 175
f 485 438 465
f 485 470 438
f 191 163 175
f 191 175 197
f 505 470 485
f 505 478 470
f 215 191 197
f 211 191 215
f 513 478 505
f 513 490 478
f 231 211 215
f 231 215 235
f 516 490 513
f 516 498 490
f 252 231 235
f 251 231 252
f 520 498 516
f 520 509 498
f 279 251 252
f 515 509 520
f 515 497 509
f 287 251 279
f 512 497 515
f 512 489 497
f 307 287 279
f 307 279 299
f 504 477 489
f 504 469 477
f 504 489 512
f 328 307 299
f 328 319 341
f 328 299 319
f 484 469 504
f 356 341 369
f 356 328 341
f 464 469 484
f 464 437 469
f 376 356 369
f 404 376 369
f 404 389 409
f 404 369 389
f 432 437 464
f 432 404 409
f 432 409 437
f 11 12 21
f 19 21 29
f 19 11 21
f 27 29 41
f 27 19 29
f 39 41 49
f 39 27 41
f 47 49 81
f 47 39 49
f 79 81 109
f 79 47 81
f 107 109 129
f 107 79 109
f 127 129 149
f 127 107 129
f 147 149 177
f 147 127 149
f 175 177 199
f 175 147 177
f 197 199 217
f 197 175 199
f 215 217 237
f 215 197 217
f 235 215 237
f 235 237 255
f 252 255 281
f 252 235 255
f 279 281 301
f 279 252 281
f 299 279 301
f 299 301 321
f 319 321 343
f 319 299 321
f 341 319 343
f 369 343 371
f 369 341 343
f 389 391 411
f 389 371 391
f 389 369 371
f 409 411 439
f 409 389 411
f 437 439 471
f 437 409 439
f 469 437 471
f 477 471 479
f 477 469 471
f 489 491 499
f 489 479 491
f 489 477 479
f 497 489 499
f 509 499 510
f 509 497 499
f 498 509 510
f 498 510 500
f 490 500 492
f 490 498 500
f 478 492 480
f 478 490 492
f 470 472 440
f 470 480 472
f 470 478 480
f 438 470 440
f 410 440 412
f 410 438 440
f 390 412 392
f 390 410 412
f 370 392 372
f 370 390 392
f 342 344 322
f 342 372 344
f 342 370 372
f 320 342 322
f 300 320 322
f 300 322 302
f 280 300 302
f 280 302 282
f 253 280 282
f 253 282 258
f 236 258 238
f 236 253 258
f 216 238 218
f 216 236 238
f 198 200 178
f 198 218 200
f 198 216 218
f 176 198 178
f 148 178 150
f 148 176 178
f 128 150 130
f 128 148 150
f 108 130 110
f 108 128 130
f 80 110 82
f 80 108 110
f 48 50 42
f 48 82 50
f 48 80 82
f 40 48 42
f 28 42 30
f 28 40 42
f 20 22 12
f 20 30 22
f 20 28 30
f 11 20 12
f 156 110 130
f 136 82 110
f 136 110 156
f 168 130 150
f 168 156 130
f 120 50 82
f 120 82 136
f 184 150 178
f 184 168 150
f 100 42 50
f 100 50 120
f 204 178 200
f 204 184 178
f 92 30 42
f 92 42 100
f 226 200 218
f 226 204 200
f 74 22 30
f 74 30 92
f 244 218 238
f 244 226 218
f 64 12 22
f 64 22 74
f 257 238 258
f 257 258 282
f 257 244 238
f 59 12 64
f 59 21 12
f 274 282 302
f 274 257 282
f 63 29 21
f 63 21 59
f 292 274 302
f 73 29 63
f 322 292 302
f 41 29 73
f 312 292 322
f 91 41 73
f 49 41 91
f 344 312 322
f 334 312 344
f 99 49 91
f 81 49 99
f 372 334 344
f 350 334 372
f 119 81 99
f 109 81 119
f 392 350 372
f 362 350 392
f 135 109 119
f 129 109 135
f 412 362 392
f 382 362 412
f 155 129 135
f 149 129 155
f 149 155 167
f 440 382 412
f 440 398 382
f 177 149 167
f 177 167 183
f 472 398 440
f 472 418 398
f 199 177 183
f 199 183 203
f 480 418 472
f 480 426 418
f 217 199 203
f 217 203 225
f 492 426 480
f 492 448 426
f 237 217 225
f 237 225 243
f 500 448 492
f 500 456 448
f 255 237 243
f 255 256 273
f 255 243 256
f 510 456 500
f 510 461 456
f 499 461 510
f 499 455 461
f 281 255 273
f 281 273 291
f 301 281 291
f 301 291 311
f 491 455 499
f 491 447 455
f 479 447 491
f 479 425 447
f 321 311 333
f 321 301 311
f 471 417 425
f 471 425 479
f 343 321 333
f 343 333 349
f 439 397 417
f 439 417 471
f 371 343 349
f 371 349 361
f 391 371 361
f 391 361 381
f 411 397 439
f 411 391 381
f 411 381 397
f 59 60 65
f 63 65 75
f 63 59 65
f 73 75 93
f 73 63 75
f 91 93 101
f 91 73 93
f 99 101 121
f 99 91 101
f 119 121 137
f 119 99 121
f 135 137 157
f 135 119 137
f 155 157 169
f 155 135 157
f 167 169 185
f 167 155 169
f 183 185 205
f 183 167 185
f 203 183 205
f 225 203 205
f 225 227 245
f 225 205 227
f 243 225 245
f 243 245 259
f 256 259 275
f 256 243 259
f 273 256 275
f 273 275 293
f 291 273 293
f 291 293 313
f 311 313 335
f 311 291 313
f 333 311 335
f 349 351 363
f 349 335 351
f 349 333 335
f 361 349 363
f 381 363 383
f 381 361 363
f 397 399 419
f 397 383 399
f 397 381 383
f 417 397 419
f 425 419 427
f 425 417 419
f 447 427 449
f 447 425 427
f 455 457 462
f 455 449 457
f 455 447 449
f 461 455 462
f 1161 1175 1147
f 1185 1205 1175
f 1185 1175 1161
f 1141 1147 1127
f 1141 1161 1147
f 1213 1237 1205
f 1213 1205 1185
f 1113 1127 1099
f 1113 1141 1127
f 1245 1255 1237
f 1245 1237 1213
f 1093 1099 1079
f 1093 1113 1099
f 1249 1277 1255
f 1249 1255 1245
f 1073 1093 1079
f 1265 1285 1277
f 1265 1277 1249
f 1059 1073 1079
f 1053 1073 1059
f 1273 1289 1285
f 1273 1285 1265
f 1030 1059 1031
f 1030 1053 1059
f 1281 1291 1289
f 1281 1289 1273
f 1003 1030 1031
f 1009 1030 1003
f 1272 1288 1291
f 1272 1291 1281
f 983 1009 1003
f 989 1009 983
f 1264 1284 1288
f 1264 1288 1272
f 963 989 983
f 969 989 963
f 1253 1276 1284
f 1253 1284 1264
f 935 969 963
f 1257 1276 1253
f 949 969 935
f 1244 1257 1253
f 921 935 915
f 921 949 935
f 1212 1236 1257
f 1212 1257 1244
f 1204 1236 1212
f 901 915 887
f 901 921 915
f 1184 1204 1212
f 1165 1204 1184
f 881 901 887
f 859 881 887
f 1177 1204 1165
f 853 881 859
f 827 853 859
f 1149 1177 1165
f 1149 1165 1145
f 1117 1149 1145
f 1129 1149 1117
f 807 853 827
f 807 821 853
f 1097 1129 1117
f 813 821 807
f 1101 1129 1097
f 787 813 807
f 1077 1101 1097
f 1081 1101 1077
f 779 813 787
f 779 801 813
f 1061 1081 1077
f 1061 1077 1057
f 777 801 779
f 777 793 801
f 785 793 777
f 1040 1061 1057
f 1040 1057 1041
f 773 785 777
f 797 785 773
f 1013 1040 1041
f 776 797 773
f 1005 1040 1013
f 781 797 776
f 781 805 797
f 985 1005 1013
f 985 1013 993
f 789 817 805
f 789 825 817
f 789 805 781
f 965 985 993
f 965 993 973
f 809 825 789
f 937 973 953
f 937 965 973
f 829 825 809
f 829 857 825
f 917 937 953
f 917 953 925
f 861 857 829
f 861 885 857
f 861 905 885
f 889 917 925
f 889 905 861
f 889 925 905
f 1281 1280 1270
f 1272 1270 1262
f 1272 1281 1270
f 1264 1262 1252
f 1264 1272 1262
f 1253 1252 1242
f 1253 1264 1252
f 1244 1242 1210
f 1244 1253 1242
f 1212 1210 1182
f 1212 1244 1210
f 1184 1182 1164
f 1184 1212 1182
f 1165 1164 1144
f 1165 1184 1164
f 1145 1144 1116
f 1145 1165 1144
f 1117 1116 1096
f 1117 1145 1116
f 1097 1117 1096
f 1077 1097 1096
f 1077 1076 1056
f 1077 1096 1076
f 1057 1077 1056
f 1057 1056 1038
f 1041 1038 1012
f 1041 1057 1038
f 1013 1041 1012
f 1013 1012 992
f 993 1013 992
f 993 992 972
f 973 972 952
f 973 993 972
f 953 973 952
f 925 924 904
f 925 952 924
f 925 953 952
f 905 925 904
f 885 904 884
f 885 905 904
f 857 884 856
f 857 885 884
f 825 824 816
f 825 856 824
f 825 857 856
f 817 816 804
f 817 825 816
f 805 817 804
f 797 796 784
f 797 804 796
f 797 805 804
f 785 797 784
f 898 858 886
f 878 826 858
f 878 858 898
f 918 886 914
f 918 898 886
f 850 806 826
f 850 826 878
f 946 914 934
f 946 918 914
f 818 786 806
f 818 806 850
f 966 934 962
f 966 946 934
f 810 786 818
f 986 962 982
f 986 966 962
f 798 778 786
f 798 786 810
f 775 778 798
f 1006 982 1002
f 1006 986 982
f 790 775 798
f 772 775 790
f 1022 1002 1023
f 1022 1006 1002
f 782 772 790
f 774 772 782
f 1050 1023 1058
f 1050 1022 1023
f 794 774 782
f 780 774 794
f 1070 1058 1078
f 1070 1050 1058
f 802 780 794
f 1090 1078 1098
f 1090 1070 1078
f 814 788 780
f 814 780 802
f 1110 1098 1126
f 1110 1090 1098
f 822 808 788
f 822 788 814
f 1146 1110 1126
f 1138 1110 1146
f 854 828 808
f 854 808 822
f 1158 1146 1174
f 1158 1138 1146
f 882 860 828
f 882 828 854
f 1179 1158 1174
f 888 860 882
f 888 882 902
f 1203 1179 1174
f 1207 1179 1203
f 916 888 902
f 916 902 922
f 1235 1207 1203
f 950 916 922
f 936 916 950
f 1254 1207 1235
f 1254 1239 1207
f 1246 1239 1254
f 964 936 950
f 964 950 970
f 1275 1246 1254
f 984 964 970
f 984 970 990
f 1283 1246 1275
f 1283 1259 1246
f 1004 984 990
f 1004 990 1010
f 1287 1259 1283
f 1287 1267 1259
f 1032 1004 1010
f 1032 1010 1033
f 1290 1267 1287
f 1290 1278 1267
f 1266 1278 1290
f 1286 1266 1290
f 1060 1032 1033
f 1060 1033 1054
f 1258 1266 1286
f 1282 1258 1286
f 1080 1060 1054
f 1080 1054 1074
f 1274 1250 1258
f 1274 1258 1282
f 1100 1080 1074
f 1100 1074 1094
f 1256 1238 1250
f 1256 1206 1238
f 1256 1250 1274
f 1128 1094 1114
f 1128 1100 1094
f 1234 1206 1256
f 1234 1178 1206
f 1148 1128 1114
f 1148 1114 1142
f 1202 1178 1234
f 1176 1148 1142
f 1176 1162 1178
f 1176 1142 1162
f 1176 1178 1202
f 782 783 795
f 794 782 795
f 802 795 803
f 802 794 795
f 814 815 823
f 814 803 815
f 814 802 803
f 822 814 823
f 854 823 855
f 854 822 823
f 882 855 883
f 882 854 855
f 902 903 923
f 902 883 903
f 902 882 883
f 922 923 951
f 922 902 923
f 950 922 951
f 970 950 951
f 970 951 971
f 990 970 971
f 990 991 1011
f 990 971 991
f 1010 990 1011
f 1033 1010 1011
f 1033 1034 1055
f 1033 1011 1034
f 1054 1033 1055
f 1074 1055 1075
f 1074 1054 1055
f 1094 1095 1115
f 1094 1075 1095
f 1094 1074 1075
f 1114 1094 1115
f 1142 1143 1163
f 1142 1115 1143
f 1142 1114 1115
f 1162 1142 1163
f 1178 1163 1180
f 1178 1162 1163
f 1206 1208 1240
f 1206 1180 1208
f 1206 1178 1180
f 1238 1206 1240
f 1250 1240 1251
f 1250 1238 1240
f 1258 1251 1260
f 1258 1250 1251
f 1266 1268 1279
f 1266 1260 1268
f 1266 1258 1260
f 1278 1266 1279
f 456 461 462
f 456 458 450
f 456 462 458
f 448 456 450
f 426 450 428
f 426 448 450
f 418 420 400
f 418 428 420
f 418 426 428
f 398 418 400
f 382 400 384
f 382 398 400
f 362 384 364
f 362 382 384
f 350 364 352
f 350 362 364
f 334 352 336
f 334 350 352
f 312 336 314
f 312 334 336
f 292 312 314
f 292 314 294
f 274 292 294
f 274 294 276
f 257 274 276
f 257 276 260
f 244 246 228
f 244 260 246
f 244 257 260
f 226 244 228
f 204 228 206
f 204 226 228
f 184 186 170
f 184 206 186
f 184 204 206
f 168 184 170
f 156 170 158
f 156 168 170
f 136 158 138
f 136 156 158
f 120 138 122
f 120 136 138
f 100 122 102
f 100 120 122
f 92 94 76
f 92 102 94
f 92 100 102
f 74 92 76
f 64 66 60
f 64 76 66
f 64 74 76
f 59 64 60
f 793 785 784
f 793 792 800
f 793 784 792
f 801 793 800
f 813 812 820
f 813 800 812
f 813 801 800
f 821 820 852
f 821 813 820
f 853 852 880
f 853 821 852
f 881 853 880
f 901 880 900
f 901 881 880
f 921 920 948
f 921 900 920
f 921 901 900
f 949 921 948
f 969 949 948
f 969 968 988
f 969 948 968
f 989 969 988
f 1009 989 988
f 1009 1008 1029
f 1009 988 1008
f 1030 1009 1029
f 1030 1029 1052
f 1053 1052 1072
f 1053 1030 1052
f 1073 1053 1072
f 1073 1072 1092
f 1093 1073 1092
f 1113 1112 1140
f 1113 1092 1112
f 1113 1093 1092
f 1141 1140 1160
f 1141 1113 1140
f 1161 1160 1183
f 1161 1141 1160
f 1185 1161 1183
f 1213 1211 1243
f 1213 1183 1211
f 1213 1185 1183
f 1245 1243 1248
f 1245 1213 1243
f 1249 1248 1263
f 1249 1245 1248
f 1265 1249 1263
f 1273 1263 1271
f 1273 1265 1263
f 1281 1271 1280
f 1281 1273 1271
f 1267 1278 1279
f 1267 1279 1269
f 1259 1269 1261
f 1259 1267 1269
f 1246 1261 1247
f 1246 1259 1261
f 1239 1241 1209
f 1239 1247 1241
f 1239 1246 1247
f 1207 1209 1181
f 1207 1239 1209
f 1179 1207 1181
f 1158 1181 1159
f 1158 1179 1181
f 1138 1159 1139
f 1138 1158 1159
f 1110 1139 1111
f 1110 1138 1139
f 1090 1091 1071
f 1090 1111 1091
f 1090 1110 1111
f 1070 1090 1071
f 1050 1070 1071
f 1050 1051 1025
f 1050 1071 1051
f 1022 1050 1025
f 1006 1022 1025
f 1006 1025 1007
f 986 987 967
f 986 1007 987
f 986 1006 1007
f 966 986 967
f 946 947 919
f 946 967 947
f 946 966 967
f 918 946 919
f 898 899 879
f 898 919 899
f 898 918 919
f 878 898 879
f 850 879 851
f 850 878 879
f 818 851 819
f 818 850 851
f 810 819 811
f 810 818 819
f 798 799 791
f 798 811 799
f 798 810 811
f 790 798 791
f 782 791 783
f 782 790 791
f 206 170 186
f 94 102 122
f 94 122 138
f 94 138 158
f 94 158 170
f 246 206 228
f 65 60 66
f 65 66 76
f 65 76 94
f 294 246 260
f 294 260 276
f 93 75 65
f 336 294 314
f 336 246 294
f 101 93 65
f 364 336 352
f 364 206 246
f 364 246 336
f 137 121 101
f 137 94 170
f 137 65 94
f 137 101 65
f 384 206 364
f 157 137 170
f 400 206 384
f 400 170 206
f 185 169 157
f 428 170 400
f 428 400 420
f 458 428 450
f 259 157 170
f 259 185 157
f 259 245 227
f 259 227 205
f 259 205 185
f 457 170 428
f 457 428 458
f 457 458 462
f 275 259 170
f 427 457 449
f 313 170 457
f 313 293 275
f 313 275 170
f 383 427 419
f 383 419 399
f 383 351 335
f 383 335 313
f 383 457 427
f 383 313 457
f 363 351 383
f 1133 1183 1160
f 1153 1211 1183
f 1153 1183 1133
f 1121 1160 1140
f 1121 1133 1160
f 1173 1243 1211
f 1173 1211 1153
f 1105 1140 1112
f 1105 1121 1140
f 1193 1248 1243
f 1193 1243 1173
f 1085 1112 1092
f 1085 1105 1112
f 1201 1263 1248
f 1201 1248 1193
f 1065 1092 1072
f 1065 1085 1092
f 1221 1271 1263
f 1221 1263 1201
f 1045 1072 1052
f 1045 1065 1072
f 1229 1280 1271
f 1229 1271 1221
f 1028 1052 1029
f 1028 1029 1008
f 1028 1045 1052
f 1233 1280 1229
f 1233 1270 1280
f 1017 1008 988
f 1017 1028 1008
f 1228 1270 1233
f 1228 1262 1270
f 1220 1262 1228
f 997 1017 988
f 968 997 988
f 1252 1262 1220
f 1200 1252 1220
f 977 997 968
f 948 977 968
f 1242 1252 1200
f 1192 1242 1200
f 957 977 948
f 920 957 948
f 1210 1242 1192
f 1172 1210 1192
f 941 957 920
f 900 941 920
f 1182 1210 1172
f 1157 1182 1172
f 929 941 900
f 1164 1182 1157
f 880 929 900
f 1137 1164 1157
f 909 929 880
f 1144 1164 1137
f 1144 1137 1125
f 852 909 880
f 852 893 909
f 1116 1144 1125
f 1116 1125 1109
f 820 893 852
f 820 873 893
f 1096 1116 1109
f 1096 1109 1089
f 812 873 820
f 812 865 873
f 1076 1096 1089
f 1076 1089 1069
f 800 865 812
f 800 849 865
f 1056 1076 1069
f 1056 1069 1049
f 792 849 800
f 792 841 849
f 1038 1056 1049
f 1038 1039 1021
f 1038 1049 1039
f 784 841 792
f 784 833 841
f 796 833 784
f 796 840 833
f 1012 1038 1021
f 1012 1021 1001
f 804 840 796
f 804 848 840
f 992 1012 1001
f 992 1001 981
f 816 848 804
f 816 869 848
f 972 981 961
f 972 992 981
f 824 877 869
f 824 869 816
f 952 961 945
f 952 972 961
f 856 897 877
f 856 877 824
f 924 952 945
f 924 945 933
f 884 913 897
f 884 897 856
f 904 924 933
f 904 913 884
f 904 933 913
f 1233 1232 1226
f 1228 1233 1226
f 1220 1226 1218
f 1220 1228 1226
f 1200 1218 1198
f 1200 1220 1218
f 1192 1198 1190
f 1192 1200 1198
f 1172 1190 1170
f 1172 1192 1190
f 1157 1156 1136
f 1157 1170 1156
f 1157 1172 1170
f 1137 1136 1124
f 1137 1157 1136
f 1125 1137 1124
f 1109 1108 1088
f 1109 1124 1108
f 1109 1125 1124
f 1089 1109 1088
f 1069 1089 1088
f 1069 1088 1068
f 1049 1069 1068
f 1049 1048 1037
f 1049 1068 1048
f 1039 1049 1037
f 1021 1039 1037
f 1021 1037 1020
f 1001 1020 1000
f 1001 1021 1020
f 981 1000 980
f 981 1001 1000
f 961 980 960
f 961 981 980
f 945 960 944
f 945 961 960
f 933 944 932
f 933 945 944
f 913 932 912
f 913 933 932
f 897 896 876
f 897 912 896
f 897 913 912
f 877 876 868
f 877 897 876
f 869 877 868
f 848 846 838
f 848 868 846
f 848 869 868
f 840 838 832
f 840 848 838
f 833 840 832
f 926 879 899
f 906 851 879
f 906 879 926
f 938 899 919
f 938 926 899
f 890 819 851
f 890 851 906
f 954 919 947
f 954 938 919
f 870 811 819
f 870 819 890
f 974 947 967
f 974 954 947
f 862 799 811
f 862 811 870
f 994 967 987
f 994 974 967
f 843 791 799
f 843 799 862
f 1014 987 1007
f 1014 994 987
f 835 783 791
f 835 791 843
f 1024 1007 1025
f 1024 1025 1051
f 1024 1014 1007
f 830 783 835
f 830 795 783
f 1042 1051 1071
f 1042 1024 1051
f 834 795 830
f 834 803 795
f 1062 1042 1071
f 842 803 834
f 1091 1062 1071
f 815 803 842
f 1082 1062 1091
f 866 815 842
f 1111 1082 1091
f 823 815 866
f 1102 1082 1111
f 874 823 866
f 1139 1102 1111
f 855 823 874
f 1118 1102 1139
f 894 855 874
f 1159 1118 1139
f 883 855 894
f 1130 1118 1159
f 910 883 894
f 1181 1130 1159
f 903 883 910
f 1150 1130 1181
f 930 903 910
f 1209 1150 1181
f 1209 1167 1150
f 923 903 930
f 923 930 942
f 951 923 942
f 951 942 958
f 1241 1167 1209
f 1241 1187 1167
f 971 951 958
f 971 958 978
f 1247 1187 1241
f 1247 1195 1187
f 991 971 978
f 991 978 998
f 1261 1195 1247
f 1261 1215 1195
f 1011 991 998
f 1011 998 1018
f 1269 1215 1261
f 1269 1223 1215
f 1034 1011 1018
f 1034 1035 1046
f 1034 1018 1035
f 1279 1223 1269
f 1279 1230 1223
f 1268 1230 1279
f 1268 1222 1230
f 1055 1034 1046
f 1055 1046 1066
f 1260 1222 1268
f 1260 1214 1222
f 1075 1055 1066
f 1075 1066 1086
f 1251 1214 1260
f 1251 1194 1214
f 1095 1086 1106
f 1095 1075 1086
f 1240 1186 1194
f 1240 1194 1251
f 1115 1106 1122
f 1115 1095 1106
f 1208 1166 1186
f 1208 1186 1240
f 1143 1115 1122
f 1143 1122 1134
f 1180 1154 1166
f 1180 1166 1208
f 1163 1143 1134
f 1163 1154 1180
f 1163 1134 1154
f 834 831 836
f 834 830 831
f 842 836 844
f 842 834 836
f 866 844 867
f 866 842 844
f 874 867 875
f 874 866 867
f 894 875 895
f 894 874 875
f 910 895 911
f 910 894 895
f 930 911 931
f 930 910 911
f 942 931 943
f 942 930 931
f 958 943 959
f 958 942 943
f 978 959 979
f 978 958 959
f 998 978 979
f 998 979 999
f 1018 998 999
f 1018 999 1019
f 1035 1018 1019
f 1035 1019 1036
f 1046 1036 1047
f 1046 1035 1036
f 1066 1047 1067
f 1066 1046 1047
f 1086 1067 1087
f 1086 1066 1067
f 1106 1087 1107
f 1106 1086 1087
f 1122 1107 1123
f 1122 1106 1107
f 1134 1123 1135
f 1134 1122 1123
f 1154 1135 1155
f 1154 1134 1135
f 1166 1155 1168
f 1166 1154 1155
f 1186 1188 1196
f 1186 1168 1188
f 1186 1166 1168
f 1194 1186 1196
f 1214 1196 1216
f 1214 1194 1196
f 1222 1216 1224
f 1222 1214 1216
f 1230 1224 1231
f 1230 1222 1224
f 833 832 839
f 841 833 839
f 849 847 864
f 849 839 847
f 849 841 839
f 865 849 864
f 873 864 872
f 873 865 864
f 893 872 892
f 893 873 872
f 909 892 908
f 909 893 892
f 929 928 940
f 929 908 928
f 929 909 908
f 941 929 940
f 957 956 976
f 957 940 956
f 957 941 940
f 977 957 976
f 997 977 976
f 997 976 996
f 1017 997 996
f 1017 996 1016
f 1028 1017 1016
f 1028 1016 1027
f 1045 1027 1044
f 1045 1028 1027
f 1065 1044 1064
f 1065 1045 1044
f 1085 1064 1084
f 1085 1065 1064
f 1105 1084 1104
f 1105 1085 1084
f 1121 1104 1120
f 1121 1105 1104
f 1133 1132 1152
f 1133 1120 1132
f 1133 1121 1120
f 1153 1133 1152
f 1173 1152 1171
f 1173 1153 1152
f 1193 1171 1191
f 1193 1173 1171
f 1201 1191 1199
f 1201 1193 1191
f 1221 1199 1219
f 1221 1201 1199
f 1229 1219 1227
f 1229 1221 1219
f 1233 1227 1232
f 1233 1229 1227
f 1230 1231 1225
f 1223 1230 1225
f 1215 1225 1217
f 1215 1223 1225
f 1195 1217 1197
f 1195 1215 1217
f 1187 1197 1189
f 1187 1195 1197
f 1167 1189 1169
f 1167 1187 1189
f 1150 1169 1151
f 1150 1167 1169
f 1130 1131 1119
f 1130 1151 1131
f 1130 1150 1151
f 1118 1119 1103
f 1118 1130 1119
f 1102 1118 1103
f 1082 1102 1103
f 1082 1103 1083
f 1062 1082 1083
f 1062 1083 1063
f 1042 1062 1063
f 1042 1063 1043
f 1024 1042 1043
f 1024 1043 1026
f 1014 1026 1015
f 1014 1024 1026
f 994 1015 995
f 994 1014 1015
f 974 995 975
f 974 994 995
f 954 955 939
f 954 975 955
f 954 974 975
f 938 939 927
f 938 954 939
f 926 938 927
f 906 907 891
f 906 927 907
f 906 926 927
f 890 906 891
f 870 891 871
f 870 890 891
f 862 871 863
f 862 870 871
f 843 863 845
f 843 862 863
f 835 845 837
f 835 843 845
f 830 837 831
f 830 835 837
f 1120 1152 1132
f 1199 1191 1171
f 1199 1171 1152
f 1227 1219 1199
f 1016 1104 1084
f 1016 1084 1064
f 1016 1064 1044
f 1016 1044 1027
f 996 1120 1104
f 996 1152 1120
f 996 1104 1016
f 1198 1218 1226
f 976 1152 996
f 976 1199 1152
f 1190 1232 1227
f 1190 1226 1232
f 1190 1227 1199
f 1190 1198 1226
f 940 976 956
f 1156 1170 1190
f 1136 1156 1190
f 1136 1190 1199
f 908 976 940
f 908 940 928
f 908 1199 976
f 1088 1108 1124
f 1088 1124 1136
f 864 908 892
f 864 892 872
f 1068 1088 1136
f 847 908 864
f 1048 1068 1136
f 1037 1048 1136
f 838 847 839
f 838 839 832
f 1000 1037 1136
f 1000 1020 1037
f 868 908 847
f 868 838 846
f 868 847 838
f 960 980 1000
f 912 1136 1199
f 912 1199 908
f 912 868 876
f 912 876 896
f 912 908 868
f 932 944 960
f 932 1000 1136
f 932 960 1000
f 932 1136 912
f 891 907 927
f 891 927 939
f 995 939 955
f 995 955 975
f 837 845 863
f 837 863 871
f 837 871 891
f 1026 995 1015
f 831 891 939
f 831 939 995
f 831 837 891
f 1063 1026 1043
f 844 836 831
f 867 844 831
f 1103 1063 1083
f 1103 995 1026
f 1103 831 995
f 1103 1026 1063
f 1103 867 831
f 895 875 867
f 1131 1103 1119
f 911 895 867
f 959 943 931
f 1189 1131 1151
f 1189 1151 1169
f 1197 1131 1189
f 999 979 959
f 1217 1131 1197
f 1019 999 959
f 1225 1103 1131
f 1225 1131 1217
f 1225 867 1103
f 1067 959 931
f 1067 1019 959
f 1067 1047 1036
f 1067 1036 1019
f 1196 1225 1231
f 1196 1231 1224
f 1196 1224 1216
f 1087 1067 931
f 1188 867 1225
f 1188 1225 1196
f 1188 911 867
f 1123 1107 1087
f 1155 1188 1168
f 1155 911 1188
f 1135 931 911
f 1135 1087 931
f 1135 1123 1087
f 1135 911 1155
f 388 431 403
f 388 408 431
f 368 403 375
f 368 388 403
f 436 463 431
f 436 431 408
f 340 375 355
f 340 368 375
f 468 483 463
f 468 463 436
f 326 355 327
f 326 327 310
f 326 340 355
f 476 503 483
f 476 483 468
f 304 326 310
f 488 511 503
f 488 503 476
f 286 310 290
f 286 304 310
f 496 518 511
f 496 511 488
f 519 518 496
f 269 290 270
f 269 286 290
f 508 519 496
f 242 270 234
f 242 269 270
f 502 517 519
f 502 519 508
f 214 242 234
f 222 242 214
f 494 514 517
f 494 517 502
f 196 214 194
f 196 222 214
f 482 506 514
f 482 514 494
f 166 196 194
f 486 506 482
f 182 196 166
f 474 486 482
f 154 166 146
f 154 182 166
f 442 466 486
f 442 486 474
f 118 154 146
f 434 466 442
f 134 154 118
f 414 434 442
f 114 134 118
f 406 434 414
f 406 414 394
f 87 114 118
f 378 406 394
f 378 394 374
f 58 114 87
f 58 86 114
f 346 378 374
f 54 86 58
f 358 378 346
f 38 54 58
f 330 358 346
f 330 346 325
f 18 54 38
f 18 46 54
f 34 46 18
f 309 330 325
f 309 325 306
f 10 34 18
f 289 309 306
f 289 306 285
f 6 34 10
f 6 26 34
f 14 26 6
f 267 289 285
f 267 285 268
f 2 14 6
f 5 14 2
f 5 25 14
f 233 267 268
f 233 268 241
f 9 25 5
f 9 33 25
f 9 45 33
f 213 233 241
f 213 241 221
f 17 45 9
f 193 213 221
f 193 202 181
f 193 221 202
f 37 53 45
f 37 45 17
f 165 193 181
f 57 85 53
f 57 113 85
f 57 53 37
f 145 165 181
f 145 153 133
f 145 181 153
f 90 113 57
f 117 145 133
f 117 133 113
f 117 113 90
f 508 507 501
f 502 508 501
f 494 501 493
f 494 502 501
f 482 493 481
f 482 494 493
f 474 481 473
f 474 482 481
f 442 473 441
f 442 474 473
f 414 441 413
f 414 442 441
f 394 413 393
f 394 414 413
f 374 373 345
f 374 393 373
f 374 394 393
f 346 374 345
f 325 346 345
f 325 323 305
f 325 345 323
f 306 325 305
f 285 306 305
f 285 305 283
f 268 285 283
f 268 263 239
f 268 283 263
f 241 268 239
f 221 219 201
f 221 239 219
f 221 241 239
f 202 221 201
f 181 201 179
f 181 202 201
f 153 151 131
f 153 179 151
f 153 181 179
f 133 153 131
f 113 111 83
f 113 131 111
f 113 133 131
f 85 113 83
f 53 83 51
f 53 85 83
f 45 51 43
f 45 53 51
f 33 31 23
f 33 43 31
f 33 45 43
f 25 33 23
f 14 23 13
f 14 25 23
f 26 14 13
f 26 13 24
f 34 24 32
f 34 26 24
f 46 32 44
f 46 34 32
f 54 44 52
f 54 46 44
f 86 52 84
f 86 54 52
f 114 112 132
f 114 84 112
f 114 86 84
f 134 132 152
f 134 114 132
f 154 134 152
f 182 152 180
f 182 154 152
f 196 180 195
f 196 182 180
f 222 196 195
f 222 220 240
f 222 195 220
f 242 222 240
f 269 242 240
f 269 266 284
f 269 240 266
f 286 269 284
f 304 303 324
f 304 284 303
f 304 286 284
f 326 324 339
f 326 304 324
f 340 339 367
f 340 326 339
f 368 340 367
f 388 367 387
f 388 368 367
f 408 387 407
f 408 388 387
f 436 435 467
f 436 407 435
f 436 408 407
f 468 436 467
f 476 467 475
f 476 468 467
f 488 487 495
f 488 475 487
f 488 476 475
f 496 495 507
f 496 488 495
f 508 496 507
f 360 407 387
f 380 435 407
f 380 407 360
f 348 387 367
f 348 360 387
f 396 467 435
f 396 435 380
f 332 367 339
f 332 348 367
f 416 475 467
f 416 467 396
f 316 339 324
f 316 332 339
f 424 487 475
f 424 475 416
f 298 324 303
f 298 316 324
f 446 495 487
f 446 487 424
f 272 303 284
f 272 298 303
f 454 507 495
f 454 495 446
f 265 284 266
f 265 266 240
f 265 272 284
f 460 507 454
f 460 501 507
f 250 240 220
f 250 265 240
f 453 493 501
f 453 501 460
f 224 250 220
f 445 493 453
f 195 224 220
f 481 493 445
f 210 224 195
f 430 481 445
f 180 210 195
f 473 481 430
f 190 210 180
f 422 473 430
f 152 190 180
f 441 473 422
f 174 190 152
f 402 441 422
f 132 174 152
f 413 441 402
f 162 174 132
f 386 413 402
f 112 162 132
f 393 413 386
f 142 162 112
f 366 393 386
f 373 393 366
f 373 366 354
f 84 142 112
f 84 126 142
f 345 373 354
f 345 354 338
f 52 126 84
f 52 106 126
f 323 345 338
f 323 338 318
f 44 106 52
f 44 98 106
f 305 323 318
f 305 318 297
f 32 98 44
f 32 72 98
f 283 305 297
f 283 297 278
f 24 72 32
f 24 70 72
f 263 283 278
f 263 264 249
f 263 278 264
f 13 70 24
f 13 62 70
f 23 62 13
f 23 69 62
f 239 263 249
f 239 249 230
f 31 69 23
f 31 78 69
f 219 239 230
f 219 230 209
f 43 78 31
f 43 97 78
f 201 209 189
f 201 219 209
f 51 105 97
f 51 97 43
f 179 201 189
f 179 189 173
f 83 125 105
f 83 105 51
f 151 173 161
f 151 179 173
f 111 141 125
f 111 125 83
f 131 151 161
f 131 141 111
f 131 161 141
f 453 459 451
f 453 460 459
f 445 451 443
f 445 453 451
f 430 443 429
f 430 445 443
f 422 429 421
f 422 430 429
f 402 421 401
f 402 422 421
f 386 401 385
f 386 402 401
f 366 385 365
f 366 386 385
f 354 365 353
f 354 366 365
f 338 353 337
f 338 354 353
f 318 337 317
f 318 338 337
f 297 318 317
f 297 317 295
f 278 297 295
f 278 295 277
f 264 278 277
f 264 277 261
f 249 261 247
f 249 264 261
f 230 247 229
f 230 249 247
f 209 229 207
f 209 230 229
f 189 207 187
f 189 209 207
f 173 171 159
f 173 187 171
f 173 189 187
f 161 173 159
f 141 139 123
f 141 159 139
f 141 161 159
f 125 141 123
f 105 103 95
f 105 123 103
f 105 125 123
f 97 105 95
f 78 95 77
f 78 97 95
f 69 77 67
f 69 78 77
f 62 67 61
f 62 69 67
f 70 62 61
f 70 61 68
f 72 68 71
f 72 70 68
f 98 71 96
f 98 72 71
f 106 104 124
f 106 96 104
f 106 98 96
f 126 106 124
f 142 140 160
f 142 124 140
f 142 126 124
f 162 142 160
f 174 160 172
f 174 162 160
f 190 172 188
f 190 174 172
f 210 188 208
f 210 190 188
f 224 210 208
f 224 223 248
f 224 208 223
f 250 224 248
f 265 250 248
f 265 248 262
f 272 271 296
f 272 262 271
f 272 265 262
f 298 296 315
f 298 272 296
f 316 298 315
f 332 331 347
f 332 315 331
f 332 316 315
f 348 332 347
f 360 359 379
f 360 347 359
f 360 348 347
f 380 379 395
f 380 360 379
f 396 380 395
f 416 395 415
f 416 396 395
f 424 415 423
f 424 416 415
f 446 444 452
f 446 423 444
f 446 424 423
f 454 452 459
f 454 446 452
f 460 454 459
f 347 379 359
f 395 379 347
f 423 415 395
f 423 347 331
f 423 331 315
f 423 395 347
f 296 423 315
f 452 444 423
f 262 296 271
f 248 296 262
f 443 451 459
f 208 248 223
f 208 296 248
f 429 459 452
f 429 443 459
f 188 296 208
f 160 188 172
f 160 452 423
f 160 423 296
f 160 296 188
f 385 401 421
f 385 421 429
f 385 429 452
f 365 385 452
f 96 140 124
f 96 124 104
f 71 140 96
f 277 295 317
f 277 317 337
f 277 337 353
f 277 353 365
f 68 140 71
f 68 160 140
f 68 452 160
f 247 277 365
f 247 261 277
f 95 68 61
f 95 61 67
f 95 67 77
f 207 229 247
f 187 207 247
f 171 365 452
f 171 247 365
f 171 452 68
f 171 95 103
f 171 187 247
f 171 68 95
f 159 103 123
f 159 123 139
f 159 171 103
